$date
	Tue Mar 10 09:54:23 2026
$end
$version
	Icarus Verilog
$end
$timescale
	1ps
$end
$scope module main_tb $end
$var wire 1 ! probe_sync $end
$var wire 1 " probe_data_out $end
$var wire 1 # probe_clk $end
$var wire 1 $ prob_data_en $end
$var reg 1 % ext_clk $end
$var integer 32 & clk_num [31:0] $end
$scope module main $end
$var wire 1 % ext_clk $end
$var wire 1 ' pll_locked $end
$var wire 1 ( probe_mem_rd_d0 $end
$var wire 1 ! probe_sync $end
$var wire 1 ) rd_en $end
$var wire 1 * wr_en $end
$var wire 1 + sys_clk $end
$var wire 1 , rd_avail $end
$var wire 1 " probe_data_out $end
$var wire 1 # probe_clk $end
$var wire 1 $ prob_data_en $end
$var wire 1 - full $end
$var wire 1 . empty $end
$var wire 8 / dout [7:0] $end
$var parameter 32 0 DATA_WIDTH $end
$var parameter 32 1 DEPTH $end
$var reg 8 2 din [7:0] $end
$var reg 1 3 rd_txe $end
$var reg 10 4 rd_txe_counter [9:0] $end
$var reg 1 5 sys_reset $end
$var reg 4 6 sys_reset_counter [3:0] $end
$scope module async_fifo $end
$var wire 1 7 data_enable $end
$var wire 8 8 din [7:0] $end
$var wire 8 9 mem_rd_data [7:0] $end
$var wire 1 # probe_clk $end
$var wire 1 $ probe_data_en $end
$var wire 1 ( probe_mem_rd_d0 $end
$var wire 1 ) rd_en $end
$var wire 1 5 rd_rst $end
$var wire 1 * wr_en $end
$var wire 1 5 wr_rst $end
$var wire 9 : wr_gray_next [8:0] $end
$var wire 1 + wr_clk $end
$var wire 9 ; wr_bin_sync [8:0] $end
$var wire 1 + rd_clk $end
$var wire 9 < rd_bin_sync [8:0] $end
$var wire 1 " probe_data_out $end
$var wire 8 = mem_rd_address [7:0] $end
$var wire 1 - full $end
$var wire 1 . empty $end
$var wire 1 > almost_full $end
$var wire 1 ? almost_empty $end
$var parameter 32 @ ADDR_WIDTH $end
$var parameter 32 A DATA_WIDTH $end
$var parameter 32 B DEPTH $end
$var reg 8 C dout [7:0] $end
$var reg 9 D rd_bin [8:0] $end
$var reg 9 E rd_gray [8:0] $end
$var reg 9 F rd_gray_sync1 [8:0] $end
$var reg 9 G rd_gray_sync2 [8:0] $end
$var reg 9 H wr_bin [8:0] $end
$var reg 9 I wr_gray [8:0] $end
$var reg 9 J wr_gray_sync1 [8:0] $end
$var reg 9 K wr_gray_sync2 [8:0] $end
$scope function bin2gray $end
$var reg 9 L b [8:0] $end
$upscope $end
$scope function gray2bin1 $end
$var reg 9 M g [8:0] $end
$var integer 32 N i [31:0] $end
$upscope $end
$scope function gray2bin2 $end
$var reg 9 O g [8:0] $end
$var integer 32 P i [31:0] $end
$upscope $end
$upscope $end
$scope module pll $end
$var wire 1 % clock_in $end
$var wire 1 + clock_out $end
$var wire 1 ' locked $end
$upscope $end
$upscope $end
$upscope $end
$enddefinitions $end
$comment Show the parameter values. $end
$dumpall
b100000000 B
b1000 A
b1000 @
b100000000 1
b1000 0
$end
#0
$dumpvars
b11111111111111111111111111111111 P
b0 O
b11111111111111111111111111111111 N
b0 M
b1 L
b0 K
b0 J
b0 I
b0 H
b0 G
b0 F
b0 E
b0 D
bx C
1?
0>
b0 =
b0 <
b0 ;
b1 :
bx 9
bx 8
07
b0 6
x5
b0 4
x3
bx 2
bx /
1.
0-
0,
0+
1*
0)
0(
1'
b0 &
0%
0$
0#
x"
x!
$end
#10000
b11 :
b10 L
b1 I
b1 H
b1 6
15
b1 4
b1 &
1#
1+
1%
#20000
0#
0+
0%
#30000
b1 :
b1 L
b0 2
b0 8
0!
03
b10 4
b10 6
b0 I
b0 H
b10 &
1#
1+
1%
#40000
0#
0+
0%
#50000
b11 6
b11 4
b11 &
1#
1+
1%
#60000
0#
0+
0%
#70000
b100 4
b100 6
b100 &
1#
1+
1%
#80000
0#
0+
0%
#90000
b101 6
b101 4
b101 &
1#
1+
1%
#100000
0#
0+
0%
#110000
b110 4
b110 6
b110 &
1#
1+
1%
#120000
0#
0+
0%
#130000
b111 6
b111 4
b111 &
1#
1+
1%
#140000
0#
0+
0%
#150000
b1000 4
b1000 6
b1000 &
1#
1+
1%
#160000
0#
0+
0%
#170000
b1001 6
b1001 4
b1001 &
1#
1+
1%
#180000
0#
0+
0%
#190000
b1010 4
b1010 6
b1010 &
1#
1+
1%
#200000
0#
0+
0%
#210000
05
1!
13
b0 4
b1011 &
1#
1+
1%
#220000
0#
0+
0%
#230000
b11 :
b10 L
b1 2
b1 8
b1 4
b1 I
b1 H
b0 9
b1100 &
1#
1+
1%
#240000
0#
0+
0%
#250000
b10 :
b11 L
b1 J
b11 I
b10 H
b10 4
b10 2
b10 8
b1101 &
1#
1+
1%
#260000
0#
0+
0%
#270000
1$
17
1)
b1 ;
b11111111111111111111111111111111 P
b1 O
b110 :
b100 L
1,
0.
b1 K
b11 J
b11 2
b11 8
b11 4
b10 I
b11 H
b1110 &
1#
1+
1%
#280000
0#
0+
0%
#290000
b1 9
b10 ;
b11111111111111111111111111111111 P
b11 O
b1 =
b111 :
0"
b11 K
b10 J
1,
0.
b1 E
b1 D
b110 I
b100 H
b0 /
b0 C
b100 4
b100 2
b100 8
b101 L
b1111 &
1#
1+
1%
#300000
0#
0+
0%
#310000
b10 9
b10 =
b11 ;
b11111111111111111111111111111111 P
b10 O
1"
b101 :
b1 F
b11 E
b10 D
b10 K
b110 J
b101 2
b101 8
b101 4
b1 /
b1 C
b111 I
b101 H
b110 L
b10000 &
1#
1+
1%
#320000
0#
0+
0%
#330000
b11 9
b100 ;
b11111111111111111111111111111111 P
b110 O
b11 =
b1 <
b11111111111111111111111111111111 N
b1 M
b100 :
0"
b110 K
b111 J
1,
0.
b10 E
b11 D
b1 G
b11 F
b101 I
b110 H
b10 /
b10 C
b110 4
b110 2
b110 8
b111 L
b10001 &
1#
1+
1%
#340000
0#
0+
0%
#350000
b100 9
b10 <
b11111111111111111111111111111111 N
b11 M
b100 =
b101 ;
b11111111111111111111111111111111 P
b111 O
1"
b1100 :
b11 G
b10 F
b110 E
b100 D
b111 K
b101 J
b111 2
b111 8
b111 4
b11 /
b11 C
b100 I
b111 H
b1000 L
b10010 &
1#
1+
1%
#360000
0#
0+
0%
#370000
b101 9
b110 ;
b11111111111111111111111111111111 P
b101 O
b101 =
b11 <
b11111111111111111111111111111111 N
b10 M
b1101 :
0"
b101 K
b100 J
1,
0.
b111 E
b101 D
b10 G
b110 F
b1100 I
b1000 H
b100 /
b100 C
b1000 4
b1000 2
b1000 8
b1001 L
b10011 &
1#
1+
1%
#380000
0#
0+
0%
#390000
b110 9
b100 <
b11111111111111111111111111111111 N
b110 M
b110 =
b111 ;
b11111111111111111111111111111111 P
b100 O
1"
b1111 :
b110 G
b111 F
b101 E
b110 D
b100 K
b1100 J
b1001 2
b1001 8
b1001 4
b101 /
b101 C
b1101 I
b1001 H
b1010 L
b10100 &
1#
1+
1%
#400000
0#
0+
0%
#410000
b111 9
b1000 ;
b11111111111111111111111111111111 P
b1100 O
b111 =
b101 <
b11111111111111111111111111111111 N
b111 M
b1110 :
0"
b1100 K
b1101 J
1,
0.
b100 E
b111 D
b111 G
b101 F
b1111 I
b1010 H
b110 /
b110 C
b1010 4
b1010 2
b1010 8
b1011 L
b10101 &
1#
1+
1%
#420000
0#
0+
0%
#430000
b1000 9
0$
07
b110 <
b11111111111111111111111111111111 N
b101 M
b1000 =
b1001 ;
b11111111111111111111111111111111 P
b1101 O
0)
1"
b1010 :
b101 G
b100 F
b1100 E
b1000 D
b1101 K
b1111 J
b1011 2
b1011 8
0!
03
b0 4
b111 /
b111 C
b1110 I
b1011 H
b1100 L
b10110 &
1#
1+
1%
#440000
0#
0+
0%
#450000
b1010 ;
b11111111111111111111111111111111 P
b1111 O
b111 <
b11111111111111111111111111111111 N
b100 M
b1011 :
b1101 L
b1111 K
b1110 J
b100 G
b1100 F
b1010 I
b1100 H
b1 4
b1100 2
b1100 8
b10111 &
1#
1+
1%
#460000
0#
0+
0%
#470000
0?
b1000 <
b11111111111111111111111111111111 N
b1100 M
b1011 ;
b11111111111111111111111111111111 P
b1110 O
b1001 :
b1110 L
b1100 G
b1110 K
b1010 J
b1101 2
b1101 8
b10 4
b1011 I
b1101 H
b11000 &
1#
1+
1%
#480000
0#
0+
0%
#490000
b1100 ;
b11111111111111111111111111111111 P
b1010 O
b1000 :
b1111 L
b1010 K
b1011 J
b1001 I
b1110 H
b11 4
b1110 2
b1110 8
b11001 &
1#
1+
1%
#500000
0#
0+
0%
#510000
b1101 ;
b11111111111111111111111111111111 P
b1011 O
b11000 :
b10000 L
b1011 K
b1001 J
b1111 2
b1111 8
b100 4
b1000 I
b1111 H
b11010 &
1#
1+
1%
#520000
0#
0+
0%
#530000
b1110 ;
b11111111111111111111111111111111 P
b1001 O
b11001 :
b10001 L
b1001 K
b1000 J
b11000 I
b10000 H
b101 4
b10000 2
b10000 8
b11011 &
1#
1+
1%
#540000
0#
0+
0%
#550000
b1111 ;
b11111111111111111111111111111111 P
b1000 O
b11011 :
b10010 L
b1000 K
b11000 J
b10001 2
b10001 8
b110 4
b11001 I
b10001 H
b11100 &
1#
1+
1%
#560000
0#
0+
0%
#570000
b10000 ;
b11111111111111111111111111111111 P
b11000 O
b11010 :
b10011 L
b11000 K
b11001 J
b11011 I
b10010 H
b111 4
b10010 2
b10010 8
b11101 &
1#
1+
1%
#580000
0#
0+
0%
#590000
b10001 ;
b11111111111111111111111111111111 P
b11001 O
b11110 :
b10100 L
b11001 K
b11011 J
b10011 2
b10011 8
b1000 4
b11010 I
b10011 H
b11110 &
1#
1+
1%
#600000
0#
0+
0%
#610000
b10010 ;
b11111111111111111111111111111111 P
b11011 O
b11111 :
b10101 L
b11011 K
b11010 J
b11110 I
b10100 H
b1001 4
b10100 2
b10100 8
b11111 &
1#
1+
1%
#620000
0#
0+
0%
#630000
b10011 ;
b11111111111111111111111111111111 P
b11010 O
b11101 :
b10110 L
b11010 K
b11110 J
b10101 2
b10101 8
b1010 4
b11111 I
b10101 H
b100000 &
1#
1+
1%
#640000
0#
0+
0%
#650000
1$
17
b10100 ;
b11111111111111111111111111111111 P
b11110 O
b11100 :
b10111 L
1)
b11110 K
b11111 J
b11101 I
b10110 H
1!
13
b0 4
b10110 2
b10110 8
b100001 &
1#
1+
1%
#660000
0#
0+
0%
#670000
b1001 9
b1001 =
b10101 ;
b11111111111111111111111111111111 P
b11111 O
0"
b10100 :
b1101 E
b1001 D
b11111 K
b11101 J
b10111 2
b10111 8
b1 4
b1000 /
b1000 C
b11100 I
b10111 H
b11000 L
b100010 &
1#
1+
1%
#680000
0#
0+
0%
#690000
b1010 9
b10110 ;
b11111111111111111111111111111111 P
b11101 O
b1010 =
b10101 :
1"
b11101 K
b11100 J
b1111 E
b1010 D
b1101 F
b10100 I
b11000 H
b1001 /
b1001 C
b10 4
b11000 2
b11000 8
b11001 L
b100011 &
1#
1+
1%
#700000
0#
0+
0%
#710000
b1011 9
b1001 <
b11111111111111111111111111111111 N
b1101 M
b1011 =
b10111 ;
b11111111111111111111111111111111 P
b11100 O
0"
b10111 :
b1101 G
b1111 F
b1110 E
b1011 D
b11100 K
b10100 J
b11001 2
b11001 8
b11 4
b1010 /
b1010 C
b10101 I
b11001 H
b11010 L
b100100 &
1#
1+
1%
#720000
0#
0+
0%
#730000
b1100 9
b11000 ;
b11111111111111111111111111111111 P
b10100 O
b1100 =
b1010 <
b11111111111111111111111111111111 N
b1111 M
b10110 :
1"
b10100 K
b10101 J
b1010 E
b1100 D
b1111 G
b1110 F
b10111 I
b11010 H
b1011 /
b1011 C
b100 4
b11010 2
b11010 8
b11011 L
b100101 &
1#
1+
1%
#740000
0#
0+
0%
#750000
b1101 9
b1011 <
b11111111111111111111111111111111 N
b1110 M
b1101 =
b11001 ;
b11111111111111111111111111111111 P
b10101 O
0"
b10010 :
b1110 G
b1010 F
b1011 E
b1101 D
b10101 K
b10111 J
b11011 2
b11011 8
b101 4
b1100 /
b1100 C
b10110 I
b11011 H
b11100 L
b100110 &
1#
1+
1%
#760000
0#
0+
0%
#770000
b1110 9
b11010 ;
b11111111111111111111111111111111 P
b10111 O
b1110 =
b1100 <
b11111111111111111111111111111111 N
b1010 M
b10011 :
1"
b10111 K
b10110 J
b1001 E
b1110 D
b1010 G
b1011 F
b10010 I
b11100 H
b1101 /
b1101 C
b110 4
b11100 2
b11100 8
b11101 L
b100111 &
1#
1+
1%
#780000
0#
0+
0%
#790000
b1111 9
b1101 <
b11111111111111111111111111111111 N
b1011 M
b1111 =
b11011 ;
b11111111111111111111111111111111 P
b10110 O
0"
b10001 :
b1011 G
b1001 F
b1000 E
b1111 D
b10110 K
b10010 J
b11101 2
b11101 8
b111 4
b1110 /
b1110 C
b10011 I
b11101 H
b11110 L
b101000 &
1#
1+
1%
#800000
0#
0+
0%
#810000
b10000 9
b11100 ;
b11111111111111111111111111111111 P
b10010 O
b10000 =
b1110 <
b11111111111111111111111111111111 N
b1001 M
b10000 :
1"
b10010 K
b10011 J
b11000 E
b10000 D
b1001 G
b1000 F
b10001 I
b11110 H
b1111 /
b1111 C
b1000 4
b11110 2
b11110 8
b11111 L
b101001 &
1#
1+
1%
#820000
0#
0+
0%
#830000
b10001 9
b1111 <
b11111111111111111111111111111111 N
b1000 M
b10001 =
b11101 ;
b11111111111111111111111111111111 P
b10011 O
0"
b110000 :
b1000 G
b11000 F
b11001 E
b10001 D
b10011 K
b10001 J
b11111 2
b11111 8
b1001 4
b10000 /
b10000 C
b10000 I
b11111 H
b100000 L
b101010 &
1#
1+
1%
#840000
0#
0+
0%
#850000
b10010 9
b11110 ;
b11111111111111111111111111111111 P
b10001 O
b10010 =
b10000 <
b11111111111111111111111111111111 N
b11000 M
b110001 :
1"
b10001 K
b10000 J
b11011 E
b10010 D
b11000 G
b11001 F
b110000 I
b100000 H
b10001 /
b10001 C
b1010 4
b100000 2
b100000 8
b100001 L
b101011 &
1#
1+
1%
#860000
0#
0+
0%
#870000
b10011 9
0$
07
b10001 <
b11111111111111111111111111111111 N
b11001 M
b10011 =
b11111 ;
b11111111111111111111111111111111 P
b10000 O
0)
0"
b110011 :
b11001 G
b11011 F
b11010 E
b10011 D
b10000 K
b110000 J
b100001 2
b100001 8
0!
03
b0 4
b10010 /
b10010 C
b110001 I
b100001 H
b100010 L
b101100 &
1#
1+
1%
#880000
0#
0+
0%
#890000
b100000 ;
b11111111111111111111111111111111 P
b110000 O
b10010 <
b11111111111111111111111111111111 N
b11011 M
b110010 :
b100011 L
b110000 K
b110001 J
b11011 G
b11010 F
b110011 I
b100010 H
b1 4
b100010 2
b100010 8
b101101 &
1#
1+
1%
#900000
0#
0+
0%
#910000
b10011 <
b11111111111111111111111111111111 N
b11010 M
b100001 ;
b11111111111111111111111111111111 P
b110001 O
b110110 :
b100100 L
b11010 G
b110001 K
b110011 J
b100011 2
b100011 8
b10 4
b110010 I
b100011 H
b101110 &
1#
1+
1%
#920000
0#
0+
0%
#930000
b100010 ;
b11111111111111111111111111111111 P
b110011 O
b110111 :
b100101 L
b110011 K
b110010 J
b110110 I
b100100 H
b11 4
b100100 2
b100100 8
b101111 &
1#
1+
1%
#940000
0#
0+
0%
#950000
b100011 ;
b11111111111111111111111111111111 P
b110010 O
b110101 :
b100110 L
b110010 K
b110110 J
b100101 2
b100101 8
b100 4
b110111 I
b100101 H
b110000 &
1#
1+
1%
#960000
0#
0+
0%
#970000
b100100 ;
b11111111111111111111111111111111 P
b110110 O
b110100 :
b100111 L
b110110 K
b110111 J
b110101 I
b100110 H
b101 4
b100110 2
b100110 8
b110001 &
1#
1+
1%
#980000
0#
0+
0%
#990000
b100101 ;
b11111111111111111111111111111111 P
b110111 O
b111100 :
b101000 L
b110111 K
b110101 J
b100111 2
b100111 8
b110 4
b110100 I
b100111 H
b110010 &
1#
1+
1%
#1000000
0#
0+
0%
#1010000
b100110 ;
b11111111111111111111111111111111 P
b110101 O
b111101 :
b101001 L
b110101 K
b110100 J
b111100 I
b101000 H
b111 4
b101000 2
b101000 8
b110011 &
1#
1+
1%
#1020000
0#
0+
0%
#1030000
b100111 ;
b11111111111111111111111111111111 P
b110100 O
b111111 :
b101010 L
b110100 K
b111100 J
b101001 2
b101001 8
b1000 4
b111101 I
b101001 H
b110100 &
1#
1+
1%
#1040000
0#
0+
0%
#1050000
b101000 ;
b11111111111111111111111111111111 P
b111100 O
b111110 :
b101011 L
b111100 K
b111101 J
b111111 I
b101010 H
b1001 4
b101010 2
b101010 8
b110101 &
1#
1+
1%
#1060000
0#
0+
0%
#1070000
b101001 ;
b11111111111111111111111111111111 P
b111101 O
b111010 :
b101100 L
b111101 K
b111111 J
b101011 2
b101011 8
b1010 4
b111110 I
b101011 H
b110110 &
1#
1+
1%
#1080000
0#
0+
0%
#1090000
1$
17
b101010 ;
b11111111111111111111111111111111 P
b111111 O
b111011 :
b101101 L
1)
b111111 K
b111110 J
b111010 I
b101100 H
1!
13
b0 4
b101100 2
b101100 8
b110111 &
1#
1+
1%
#1100000
0#
0+
0%
#1110000
b10100 9
b10100 =
b101011 ;
b11111111111111111111111111111111 P
b111110 O
1"
b111001 :
b11110 E
b10100 D
b111110 K
b111010 J
b101101 2
b101101 8
b1 4
b10011 /
b10011 C
b111011 I
b101101 H
b101110 L
b111000 &
1#
1+
1%
#1120000
0#
0+
0%
#1130000
b10101 9
b101100 ;
b11111111111111111111111111111111 P
b111010 O
b10101 =
b111000 :
0"
b111010 K
b111011 J
b11111 E
b10101 D
b11110 F
b111001 I
b101110 H
b10100 /
b10100 C
b10 4
b101110 2
b101110 8
b101111 L
b111001 &
1#
1+
1%
#1140000
0#
0+
0%
#1150000
b10110 9
b10100 <
b11111111111111111111111111111111 N
b11110 M
b10110 =
b101101 ;
b11111111111111111111111111111111 P
b111011 O
1"
b101000 :
b11110 G
b11111 F
b11101 E
b10110 D
b111011 K
b111001 J
b101111 2
b101111 8
b11 4
b10101 /
b10101 C
b111000 I
b101111 H
b110000 L
b111010 &
1#
1+
1%
#1160000
0#
0+
0%
#1170000
b10111 9
b101110 ;
b11111111111111111111111111111111 P
b111001 O
b10111 =
b10101 <
b11111111111111111111111111111111 N
b11111 M
b101001 :
0"
b111001 K
b111000 J
b11100 E
b10111 D
b11111 G
b11101 F
b101000 I
b110000 H
b10110 /
b10110 C
b100 4
b110000 2
b110000 8
b110001 L
b111011 &
1#
1+
1%
#1180000
0#
0+
0%
#1190000
b11000 9
b10110 <
b11111111111111111111111111111111 N
b11101 M
b11000 =
b101111 ;
b11111111111111111111111111111111 P
b111000 O
1"
b101011 :
b11101 G
b11100 F
b10100 E
b11000 D
b111000 K
b101000 J
b110001 2
b110001 8
b101 4
b10111 /
b10111 C
b101001 I
b110001 H
b110010 L
b111100 &
1#
1+
1%
#1200000
0#
0+
0%
#1210000
b11001 9
b110000 ;
b11111111111111111111111111111111 P
b101000 O
b11001 =
b10111 <
b11111111111111111111111111111111 N
b11100 M
b101010 :
0"
b101000 K
b101001 J
b10101 E
b11001 D
b11100 G
b10100 F
b101011 I
b110010 H
b11000 /
b11000 C
b110 4
b110010 2
b110010 8
b110011 L
b111101 &
1#
1+
1%
#1220000
0#
0+
0%
#1230000
b11010 9
b11000 <
b11111111111111111111111111111111 N
b10100 M
b11010 =
b110001 ;
b11111111111111111111111111111111 P
b101001 O
1"
b101110 :
b10100 G
b10101 F
b10111 E
b11010 D
b101001 K
b101011 J
b110011 2
b110011 8
b111 4
b11001 /
b11001 C
b101010 I
b110011 H
b110100 L
b111110 &
1#
1+
1%
#1240000
0#
0+
0%
#1250000
b11011 9
b110010 ;
b11111111111111111111111111111111 P
b101011 O
b11011 =
b11001 <
b11111111111111111111111111111111 N
b10101 M
b101111 :
0"
b101011 K
b101010 J
b10110 E
b11011 D
b10101 G
b10111 F
b101110 I
b110100 H
b11010 /
b11010 C
b1000 4
b110100 2
b110100 8
b110101 L
b111111 &
1#
1+
1%
#1260000
0#
0+
0%
#1270000
b11100 9
b11010 <
b11111111111111111111111111111111 N
b10111 M
b11100 =
b110011 ;
b11111111111111111111111111111111 P
b101010 O
1"
b101101 :
b10111 G
b10110 F
b10010 E
b11100 D
b101010 K
b101110 J
b110101 2
b110101 8
b1001 4
b11011 /
b11011 C
b101111 I
b110101 H
b110110 L
b1000000 &
1#
1+
1%
#1280000
0#
0+
0%
#1290000
b11101 9
b110100 ;
b11111111111111111111111111111111 P
b101110 O
b11101 =
b11011 <
b11111111111111111111111111111111 N
b10110 M
b101100 :
0"
b101110 K
b101111 J
b10011 E
b11101 D
b10110 G
b10010 F
b101101 I
b110110 H
b11100 /
b11100 C
b1010 4
b110110 2
b110110 8
b110111 L
b1000001 &
1#
1+
1%
#1300000
0#
0+
0%
#1310000
b11110 9
0$
07
b11100 <
b11111111111111111111111111111111 N
b10010 M
b11110 =
b110101 ;
b11111111111111111111111111111111 P
b101111 O
0)
1"
b100100 :
b10010 G
b10011 F
b10001 E
b11110 D
b101111 K
b101101 J
b110111 2
b110111 8
0!
03
b0 4
b11101 /
b11101 C
b101100 I
b110111 H
b111000 L
b1000010 &
1#
1+
1%
#1320000
0#
0+
0%
#1330000
b110110 ;
b11111111111111111111111111111111 P
b101101 O
b11101 <
b11111111111111111111111111111111 N
b10011 M
b100101 :
b111001 L
b101101 K
b101100 J
b10011 G
b10001 F
b100100 I
b111000 H
b1 4
b111000 2
b111000 8
b1000011 &
1#
1+
1%
#1340000
0#
0+
0%
#1350000
b11110 <
b11111111111111111111111111111111 N
b10001 M
b110111 ;
b11111111111111111111111111111111 P
b101100 O
b100111 :
b111010 L
b10001 G
b101100 K
b100100 J
b111001 2
b111001 8
b10 4
b100101 I
b111001 H
b1000100 &
1#
1+
1%
#1360000
0#
0+
0%
#1370000
b111000 ;
b11111111111111111111111111111111 P
b100100 O
b100110 :
b111011 L
b100100 K
b100101 J
b100111 I
b111010 H
b11 4
b111010 2
b111010 8
b1000101 &
1#
1+
1%
#1380000
0#
0+
0%
#1390000
b111001 ;
b11111111111111111111111111111111 P
b100101 O
b100010 :
b111100 L
b100101 K
b100111 J
b111011 2
b111011 8
b100 4
b100110 I
b111011 H
b1000110 &
1#
1+
1%
#1400000
0#
0+
0%
#1410000
b111010 ;
b11111111111111111111111111111111 P
b100111 O
b100011 :
b111101 L
b100111 K
b100110 J
b100010 I
b111100 H
b101 4
b111100 2
b111100 8
b1000111 &
1#
1+
1%
#1420000
0#
0+
0%
#1430000
b111011 ;
b11111111111111111111111111111111 P
b100110 O
b100001 :
b111110 L
b100110 K
b100010 J
b111101 2
b111101 8
b110 4
b100011 I
b111101 H
b1001000 &
1#
1+
1%
#1440000
0#
0+
0%
#1450000
b111100 ;
b11111111111111111111111111111111 P
b100010 O
b100000 :
b111111 L
b100010 K
b100011 J
b100001 I
b111110 H
b111 4
b111110 2
b111110 8
b1001001 &
1#
1+
1%
#1460000
0#
0+
0%
#1470000
b111101 ;
b11111111111111111111111111111111 P
b100011 O
b1100000 :
b1000000 L
b100011 K
b100001 J
b111111 2
b111111 8
b1000 4
b100000 I
b111111 H
b1001010 &
1#
1+
1%
#1480000
0#
0+
0%
#1490000
b111110 ;
b11111111111111111111111111111111 P
b100001 O
b1100001 :
b1000001 L
b100001 K
b100000 J
b1100000 I
b1000000 H
b1001 4
b1000000 2
b1000000 8
b1001011 &
1#
1+
1%
#1500000
0#
0+
0%
#1510000
b111111 ;
b11111111111111111111111111111111 P
b100000 O
b1100011 :
b1000010 L
b100000 K
b1100000 J
b1000001 2
b1000001 8
b1010 4
b1100001 I
b1000001 H
b1001100 &
1#
1+
1%
#1520000
0#
0+
0%
#1530000
1$
17
b1000000 ;
b11111111111111111111111111111111 P
b1100000 O
b1100010 :
b1000011 L
1)
b1100000 K
b1100001 J
b1100011 I
b1000010 H
1!
13
b0 4
b1000010 2
b1000010 8
b1001101 &
1#
1+
1%
#1540000
0#
0+
0%
#1550000
b11111 9
b11111 =
b1000001 ;
b11111111111111111111111111111111 P
b1100001 O
0"
b1100110 :
b10000 E
b11111 D
b1100001 K
b1100011 J
b1000011 2
b1000011 8
b1 4
b11110 /
b11110 C
b1100010 I
b1000011 H
b1000100 L
b1001110 &
1#
1+
1%
#1560000
0#
0+
0%
#1570000
b100000 9
b1000010 ;
b11111111111111111111111111111111 P
b1100011 O
b100000 =
b1100111 :
1"
b1100011 K
b1100010 J
b110000 E
b100000 D
b10000 F
b1100110 I
b1000100 H
b11111 /
b11111 C
b10 4
b1000100 2
b1000100 8
b1000101 L
b1001111 &
1#
1+
1%
#1580000
0#
0+
0%
#1590000
b100001 9
b11111 <
b11111111111111111111111111111111 N
b10000 M
b100001 =
b1000011 ;
b11111111111111111111111111111111 P
b1100010 O
0"
b1100101 :
b10000 G
b110000 F
b110001 E
b100001 D
b1100010 K
b1100110 J
b1000101 2
b1000101 8
b11 4
b100000 /
b100000 C
b1100111 I
b1000101 H
b1000110 L
b1010000 &
1#
1+
1%
#1600000
0#
0+
0%
#1610000
b100010 9
b1000100 ;
b11111111111111111111111111111111 P
b1100110 O
b100010 =
b100000 <
b11111111111111111111111111111111 N
b110000 M
b1100100 :
1"
b1100110 K
b1100111 J
b110011 E
b100010 D
b110000 G
b110001 F
b1100101 I
b1000110 H
b100001 /
b100001 C
b100 4
b1000110 2
b1000110 8
b1000111 L
b1010001 &
1#
1+
1%
#1620000
0#
0+
0%
#1630000
b100011 9
b100001 <
b11111111111111111111111111111111 N
b110001 M
b100011 =
b1000101 ;
b11111111111111111111111111111111 P
b1100111 O
0"
b1101100 :
b110001 G
b110011 F
b110010 E
b100011 D
b1100111 K
b1100101 J
b1000111 2
b1000111 8
b101 4
b100010 /
b100010 C
b1100100 I
b1000111 H
b1001000 L
b1010010 &
1#
1+
1%
#1640000
0#
0+
0%
#1650000
b100100 9
b1000110 ;
b11111111111111111111111111111111 P
b1100101 O
b100100 =
b100010 <
b11111111111111111111111111111111 N
b110011 M
b1101101 :
1"
b1100101 K
b1100100 J
b110110 E
b100100 D
b110011 G
b110010 F
b1101100 I
b1001000 H
b100011 /
b100011 C
b110 4
b1001000 2
b1001000 8
b1001001 L
b1010011 &
1#
1+
1%
#1660000
0#
0+
0%
#1670000
b100101 9
b100011 <
b11111111111111111111111111111111 N
b110010 M
b100101 =
b1000111 ;
b11111111111111111111111111111111 P
b1100100 O
0"
b1101111 :
b110010 G
b110110 F
b110111 E
b100101 D
b1100100 K
b1101100 J
b1001001 2
b1001001 8
b111 4
b100100 /
b100100 C
b1101101 I
b1001001 H
b1001010 L
b1010100 &
1#
1+
1%
#1680000
0#
0+
0%
#1690000
b100110 9
b1001000 ;
b11111111111111111111111111111111 P
b1101100 O
b100110 =
b100100 <
b11111111111111111111111111111111 N
b110110 M
b1101110 :
1"
b1101100 K
b1101101 J
b110101 E
b100110 D
b110110 G
b110111 F
b1101111 I
b1001010 H
b100101 /
b100101 C
b1000 4
b1001010 2
b1001010 8
b1001011 L
b1010101 &
1#
1+
1%
#1700000
0#
0+
0%
#1710000
b100111 9
b100101 <
b11111111111111111111111111111111 N
b110111 M
b100111 =
b1001001 ;
b11111111111111111111111111111111 P
b1101101 O
0"
b1101010 :
b110111 G
b110101 F
b110100 E
b100111 D
b1101101 K
b1101111 J
b1001011 2
b1001011 8
b1001 4
b100110 /
b100110 C
b1101110 I
b1001011 H
b1001100 L
b1010110 &
1#
1+
1%
#1720000
0#
0+
0%
#1730000
b101000 9
b1001010 ;
b11111111111111111111111111111111 P
b1101111 O
b101000 =
b100110 <
b11111111111111111111111111111111 N
b110101 M
b1101011 :
1"
b1101111 K
b1101110 J
b111100 E
b101000 D
b110101 G
b110100 F
b1101010 I
b1001100 H
b100111 /
b100111 C
b1010 4
b1001100 2
b1001100 8
b1001101 L
b1010111 &
1#
1+
1%
#1740000
0#
0+
0%
#1750000
b101001 9
0$
07
b100111 <
b11111111111111111111111111111111 N
b110100 M
b101001 =
b1001011 ;
b11111111111111111111111111111111 P
b1101110 O
0)
0"
b1101001 :
b110100 G
b111100 F
b111101 E
b101001 D
b1101110 K
b1101010 J
b1001101 2
b1001101 8
0!
03
b0 4
b101000 /
b101000 C
b1101011 I
b1001101 H
b1001110 L
b1011000 &
1#
1+
1%
#1760000
0#
0+
0%
#1770000
b1001100 ;
b11111111111111111111111111111111 P
b1101010 O
b101000 <
b11111111111111111111111111111111 N
b111100 M
b1101000 :
b1001111 L
b1101010 K
b1101011 J
b111100 G
b111101 F
b1101001 I
b1001110 H
b1 4
b1001110 2
b1001110 8
b1011001 &
1#
1+
1%
#1780000
0#
0+
0%
#1790000
b101001 <
b11111111111111111111111111111111 N
b111101 M
b1001101 ;
b11111111111111111111111111111111 P
b1101011 O
b1111000 :
b1010000 L
b111101 G
b1101011 K
b1101001 J
b1001111 2
b1001111 8
b10 4
b1101000 I
b1001111 H
b1011010 &
1#
1+
1%
#1800000
0#
0+
0%
#1810000
b1001110 ;
b11111111111111111111111111111111 P
b1101001 O
b1111001 :
b1010001 L
b1101001 K
b1101000 J
b1111000 I
b1010000 H
b11 4
b1010000 2
b1010000 8
b1011011 &
1#
1+
1%
#1820000
0#
0+
0%
#1830000
b1001111 ;
b11111111111111111111111111111111 P
b1101000 O
b1111011 :
b1010010 L
b1101000 K
b1111000 J
b1010001 2
b1010001 8
b100 4
b1111001 I
b1010001 H
b1011100 &
1#
1+
1%
#1840000
0#
0+
0%
#1850000
b1010000 ;
b11111111111111111111111111111111 P
b1111000 O
b1111010 :
b1010011 L
b1111000 K
b1111001 J
b1111011 I
b1010010 H
b101 4
b1010010 2
b1010010 8
b1011101 &
1#
1+
1%
#1860000
0#
0+
0%
#1870000
b1010001 ;
b11111111111111111111111111111111 P
b1111001 O
b1111110 :
b1010100 L
b1111001 K
b1111011 J
b1010011 2
b1010011 8
b110 4
b1111010 I
b1010011 H
b1011110 &
1#
1+
1%
#1880000
0#
0+
0%
#1890000
b1010010 ;
b11111111111111111111111111111111 P
b1111011 O
b1111111 :
b1010101 L
b1111011 K
b1111010 J
b1111110 I
b1010100 H
b111 4
b1010100 2
b1010100 8
b1011111 &
1#
1+
1%
#1900000
0#
0+
0%
#1910000
b1010011 ;
b11111111111111111111111111111111 P
b1111010 O
b1111101 :
b1010110 L
b1111010 K
b1111110 J
b1010101 2
b1010101 8
b1000 4
b1111111 I
b1010101 H
b1100000 &
1#
1+
1%
#1920000
0#
0+
0%
#1930000
b1010100 ;
b11111111111111111111111111111111 P
b1111110 O
b1111100 :
b1010111 L
b1111110 K
b1111111 J
b1111101 I
b1010110 H
b1001 4
b1010110 2
b1010110 8
b1100001 &
1#
1+
1%
#1940000
0#
0+
0%
#1950000
b1010101 ;
b11111111111111111111111111111111 P
b1111111 O
b1110100 :
b1011000 L
b1111111 K
b1111101 J
b1010111 2
b1010111 8
b1010 4
b1111100 I
b1010111 H
b1100010 &
1#
1+
1%
#1960000
0#
0+
0%
#1970000
1$
17
b1010110 ;
b11111111111111111111111111111111 P
b1111101 O
b1110101 :
b1011001 L
1)
b1111101 K
b1111100 J
b1110100 I
b1011000 H
1!
13
b0 4
b1011000 2
b1011000 8
b1100011 &
1#
1+
1%
#1980000
0#
0+
0%
#1990000
b101010 9
b101010 =
b1010111 ;
b11111111111111111111111111111111 P
b1111100 O
1"
b1110111 :
b111111 E
b101010 D
b1111100 K
b1110100 J
b1011001 2
b1011001 8
b1 4
b101001 /
b101001 C
b1110101 I
b1011001 H
b1011010 L
b1100100 &
1#
1+
1%
#2000000
0#
0+
0%
#2010000
b101011 9
b1011000 ;
b11111111111111111111111111111111 P
b1110100 O
b101011 =
b1110110 :
0"
b1110100 K
b1110101 J
b111110 E
b101011 D
b111111 F
b1110111 I
b1011010 H
b101010 /
b101010 C
b10 4
b1011010 2
b1011010 8
b1011011 L
b1100101 &
1#
1+
1%
#2020000
0#
0+
0%
#2030000
b101100 9
b101010 <
b11111111111111111111111111111111 N
b111111 M
b101100 =
b1011001 ;
b11111111111111111111111111111111 P
b1110101 O
1"
b1110010 :
b111111 G
b111110 F
b111010 E
b101100 D
b1110101 K
b1110111 J
b1011011 2
b1011011 8
b11 4
b101011 /
b101011 C
b1110110 I
b1011011 H
b1011100 L
b1100110 &
1#
1+
1%
#2040000
0#
0+
0%
#2050000
b101101 9
b1011010 ;
b11111111111111111111111111111111 P
b1110111 O
b101101 =
b101011 <
b11111111111111111111111111111111 N
b111110 M
b1110011 :
0"
b1110111 K
b1110110 J
b111011 E
b101101 D
b111110 G
b111010 F
b1110010 I
b1011100 H
b101100 /
b101100 C
b100 4
b1011100 2
b1011100 8
b1011101 L
b1100111 &
1#
1+
1%
#2060000
0#
0+
0%
#2070000
b101110 9
b101100 <
b11111111111111111111111111111111 N
b111010 M
b101110 =
b1011011 ;
b11111111111111111111111111111111 P
b1110110 O
1"
b1110001 :
b111010 G
b111011 F
b111001 E
b101110 D
b1110110 K
b1110010 J
b1011101 2
b1011101 8
b101 4
b101101 /
b101101 C
b1110011 I
b1011101 H
b1011110 L
b1101000 &
1#
1+
1%
#2080000
0#
0+
0%
#2090000
b101111 9
b1011100 ;
b11111111111111111111111111111111 P
b1110010 O
b101111 =
b101101 <
b11111111111111111111111111111111 N
b111011 M
b1110000 :
0"
b1110010 K
b1110011 J
b111000 E
b101111 D
b111011 G
b111001 F
b1110001 I
b1011110 H
b101110 /
b101110 C
b110 4
b1011110 2
b1011110 8
b1011111 L
b1101001 &
1#
1+
1%
#2100000
0#
0+
0%
#2110000
b110000 9
b101110 <
b11111111111111111111111111111111 N
b111001 M
b110000 =
b1011101 ;
b11111111111111111111111111111111 P
b1110011 O
1"
b1010000 :
b111001 G
b111000 F
b101000 E
b110000 D
b1110011 K
b1110001 J
b1011111 2
b1011111 8
b111 4
b101111 /
b101111 C
b1110000 I
b1011111 H
b1100000 L
b1101010 &
1#
1+
1%
#2120000
0#
0+
0%
#2130000
b110001 9
b1011110 ;
b11111111111111111111111111111111 P
b1110001 O
b110001 =
b101111 <
b11111111111111111111111111111111 N
b111000 M
b1010001 :
0"
b1110001 K
b1110000 J
b101001 E
b110001 D
b111000 G
b101000 F
b1010000 I
b1100000 H
b110000 /
b110000 C
b1000 4
b1100000 2
b1100000 8
b1100001 L
b1101011 &
1#
1+
1%
#2140000
0#
0+
0%
#2150000
b110010 9
b110000 <
b11111111111111111111111111111111 N
b101000 M
b110010 =
b1011111 ;
b11111111111111111111111111111111 P
b1110000 O
1"
b1010011 :
b101000 G
b101001 F
b101011 E
b110010 D
b1110000 K
b1010000 J
b1100001 2
b1100001 8
b1001 4
b110001 /
b110001 C
b1010001 I
b1100001 H
b1100010 L
b1101100 &
1#
1+
1%
#2160000
0#
0+
0%
#2170000
b110011 9
b1100000 ;
b11111111111111111111111111111111 P
b1010000 O
b110011 =
b110001 <
b11111111111111111111111111111111 N
b101001 M
b1010010 :
0"
b1010000 K
b1010001 J
b101010 E
b110011 D
b101001 G
b101011 F
b1010011 I
b1100010 H
b110010 /
b110010 C
b1010 4
b1100010 2
b1100010 8
b1100011 L
b1101101 &
1#
1+
1%
#2180000
0#
0+
0%
#2190000
b110100 9
0$
07
b110010 <
b11111111111111111111111111111111 N
b101011 M
b110100 =
b1100001 ;
b11111111111111111111111111111111 P
b1010001 O
0)
1"
b1010110 :
b101011 G
b101010 F
b101110 E
b110100 D
b1010001 K
b1010011 J
b1100011 2
b1100011 8
0!
03
b0 4
b110011 /
b110011 C
b1010010 I
b1100011 H
b1100100 L
b1101110 &
1#
1+
1%
#2200000
0#
0+
0%
#2210000
b1100010 ;
b11111111111111111111111111111111 P
b1010011 O
b110011 <
b11111111111111111111111111111111 N
b101010 M
b1010111 :
b1100101 L
b1010011 K
b1010010 J
b101010 G
b101110 F
b1010110 I
b1100100 H
b1 4
b1100100 2
b1100100 8
b1101111 &
1#
1+
1%
#2220000
0#
0+
0%
#2230000
b110100 <
b11111111111111111111111111111111 N
b101110 M
b1100011 ;
b11111111111111111111111111111111 P
b1010010 O
b1010101 :
b1100110 L
b101110 G
b1010010 K
b1010110 J
b1100101 2
b1100101 8
b10 4
b1010111 I
b1100101 H
b1110000 &
1#
1+
1%
#2240000
0#
0+
0%
#2250000
b1100100 ;
b11111111111111111111111111111111 P
b1010110 O
b1010100 :
b1100111 L
b1010110 K
b1010111 J
b1010101 I
b1100110 H
b11 4
b1100110 2
b1100110 8
b1110001 &
1#
1+
1%
#2260000
0#
0+
0%
#2270000
b1100101 ;
b11111111111111111111111111111111 P
b1010111 O
b1011100 :
b1101000 L
b1010111 K
b1010101 J
b1100111 2
b1100111 8
b100 4
b1010100 I
b1100111 H
b1110010 &
1#
1+
1%
#2280000
0#
0+
0%
#2290000
b1100110 ;
b11111111111111111111111111111111 P
b1010101 O
b1011101 :
b1101001 L
b1010101 K
b1010100 J
b1011100 I
b1101000 H
b101 4
b1101000 2
b1101000 8
b1110011 &
1#
1+
1%
#2300000
0#
0+
0%
#2310000
b1100111 ;
b11111111111111111111111111111111 P
b1010100 O
b1011111 :
b1101010 L
b1010100 K
b1011100 J
b1101001 2
b1101001 8
b110 4
b1011101 I
b1101001 H
b1110100 &
1#
1+
1%
#2320000
0#
0+
0%
#2330000
b1101000 ;
b11111111111111111111111111111111 P
b1011100 O
b1011110 :
b1101011 L
b1011100 K
b1011101 J
b1011111 I
b1101010 H
b111 4
b1101010 2
b1101010 8
b1110101 &
1#
1+
1%
#2340000
0#
0+
0%
#2350000
b1101001 ;
b11111111111111111111111111111111 P
b1011101 O
b1011010 :
b1101100 L
b1011101 K
b1011111 J
b1101011 2
b1101011 8
b1000 4
b1011110 I
b1101011 H
b1110110 &
1#
1+
1%
#2360000
0#
0+
0%
#2370000
b1101010 ;
b11111111111111111111111111111111 P
b1011111 O
b1011011 :
b1101101 L
b1011111 K
b1011110 J
b1011010 I
b1101100 H
b1001 4
b1101100 2
b1101100 8
b1110111 &
1#
1+
1%
#2380000
0#
0+
0%
#2390000
b1101011 ;
b11111111111111111111111111111111 P
b1011110 O
b1011001 :
b1101110 L
b1011110 K
b1011010 J
b1101101 2
b1101101 8
b1010 4
b1011011 I
b1101101 H
b1111000 &
1#
1+
1%
#2400000
0#
0+
0%
#2410000
1$
17
b1101100 ;
b11111111111111111111111111111111 P
b1011010 O
b1011000 :
b1101111 L
1)
b1011010 K
b1011011 J
b1011001 I
b1101110 H
1!
13
b0 4
b1101110 2
b1101110 8
b1111001 &
1#
1+
1%
#2420000
0#
0+
0%
#2430000
b110101 9
b110101 =
b1101101 ;
b11111111111111111111111111111111 P
b1011011 O
0"
b1001000 :
b101111 E
b110101 D
b1011011 K
b1011001 J
b1101111 2
b1101111 8
b1 4
b110100 /
b110100 C
b1011000 I
b1101111 H
b1110000 L
b1111010 &
1#
1+
1%
#2440000
0#
0+
0%
#2450000
b110110 9
b1101110 ;
b11111111111111111111111111111111 P
b1011001 O
b110110 =
b1001001 :
1"
b1011001 K
b1011000 J
b101101 E
b110110 D
b101111 F
b1001000 I
b1110000 H
b110101 /
b110101 C
b10 4
b1110000 2
b1110000 8
b1110001 L
b1111011 &
1#
1+
1%
#2460000
0#
0+
0%
#2470000
b110111 9
b110101 <
b11111111111111111111111111111111 N
b101111 M
b110111 =
b1101111 ;
b11111111111111111111111111111111 P
b1011000 O
0"
b1001011 :
b101111 G
b101101 F
b101100 E
b110111 D
b1011000 K
b1001000 J
b1110001 2
b1110001 8
b11 4
b110110 /
b110110 C
b1001001 I
b1110001 H
b1110010 L
b1111100 &
1#
1+
1%
#2480000
0#
0+
0%
#2490000
b111000 9
b1110000 ;
b11111111111111111111111111111111 P
b1001000 O
b111000 =
b110110 <
b11111111111111111111111111111111 N
b101101 M
b1001010 :
1"
b1001000 K
b1001001 J
b100100 E
b111000 D
b101101 G
b101100 F
b1001011 I
b1110010 H
b110111 /
b110111 C
b100 4
b1110010 2
b1110010 8
b1110011 L
b1111101 &
1#
1+
1%
#2500000
0#
0+
0%
#2510000
b111001 9
b110111 <
b11111111111111111111111111111111 N
b101100 M
b111001 =
b1110001 ;
b11111111111111111111111111111111 P
b1001001 O
0"
b1001110 :
b101100 G
b100100 F
b100101 E
b111001 D
b1001001 K
b1001011 J
b1110011 2
b1110011 8
b101 4
b111000 /
b111000 C
b1001010 I
b1110011 H
b1110100 L
b1111110 &
1#
1+
1%
#2520000
0#
0+
0%
#2530000
b111010 9
b1110010 ;
b11111111111111111111111111111111 P
b1001011 O
b111010 =
b111000 <
b11111111111111111111111111111111 N
b100100 M
b1001111 :
1"
b1001011 K
b1001010 J
b100111 E
b111010 D
b100100 G
b100101 F
b1001110 I
b1110100 H
b111001 /
b111001 C
b110 4
b1110100 2
b1110100 8
b1110101 L
b1111111 &
1#
1+
1%
#2540000
0#
0+
0%
#2550000
b111011 9
b111001 <
b11111111111111111111111111111111 N
b100101 M
b111011 =
b1110011 ;
b11111111111111111111111111111111 P
b1001010 O
0"
b1001101 :
b100101 G
b100111 F
b100110 E
b111011 D
b1001010 K
b1001110 J
b1110101 2
b1110101 8
b111 4
b111010 /
b111010 C
b1001111 I
b1110101 H
b1110110 L
b10000000 &
1#
1+
1%
#2560000
0#
0+
0%
#2570000
b111100 9
b1110100 ;
b11111111111111111111111111111111 P
b1001110 O
b111100 =
b111010 <
b11111111111111111111111111111111 N
b100111 M
b1001100 :
1"
b1001110 K
b1001111 J
b100010 E
b111100 D
b100111 G
b100110 F
b1001101 I
b1110110 H
b111011 /
b111011 C
b1000 4
b1110110 2
b1110110 8
b1110111 L
b10000001 &
1#
1+
1%
#2580000
0#
0+
0%
#2590000
b111101 9
b111011 <
b11111111111111111111111111111111 N
b100110 M
b111101 =
b1110101 ;
b11111111111111111111111111111111 P
b1001111 O
0"
b1000100 :
b100110 G
b100010 F
b100011 E
b111101 D
b1001111 K
b1001101 J
b1110111 2
b1110111 8
b1001 4
b111100 /
b111100 C
b1001100 I
b1110111 H
b1111000 L
b10000010 &
1#
1+
1%
#2600000
0#
0+
0%
#2610000
b111110 9
b1110110 ;
b11111111111111111111111111111111 P
b1001101 O
b111110 =
b111100 <
b11111111111111111111111111111111 N
b100010 M
b1000101 :
1"
b1001101 K
b1001100 J
b100001 E
b111110 D
b100010 G
b100011 F
b1000100 I
b1111000 H
b111101 /
b111101 C
b1010 4
b1111000 2
b1111000 8
b1111001 L
b10000011 &
1#
1+
1%
#2620000
0#
0+
0%
#2630000
b111111 9
0$
07
b111101 <
b11111111111111111111111111111111 N
b100011 M
b111111 =
b1110111 ;
b11111111111111111111111111111111 P
b1001100 O
0)
0"
b1000111 :
b100011 G
b100001 F
b100000 E
b111111 D
b1001100 K
b1000100 J
b1111001 2
b1111001 8
0!
03
b0 4
b111110 /
b111110 C
b1000101 I
b1111001 H
b1111010 L
b10000100 &
1#
1+
1%
#2640000
0#
0+
0%
#2650000
b1111000 ;
b11111111111111111111111111111111 P
b1000100 O
b111110 <
b11111111111111111111111111111111 N
b100001 M
b1000110 :
b1111011 L
b1000100 K
b1000101 J
b100001 G
b100000 F
b1000111 I
b1111010 H
b1 4
b1111010 2
b1111010 8
b10000101 &
1#
1+
1%
#2660000
0#
0+
0%
#2670000
b111111 <
b11111111111111111111111111111111 N
b100000 M
b1111001 ;
b11111111111111111111111111111111 P
b1000101 O
b1000010 :
b1111100 L
b100000 G
b1000101 K
b1000111 J
b1111011 2
b1111011 8
b10 4
b1000110 I
b1111011 H
b10000110 &
1#
1+
1%
#2680000
0#
0+
0%
#2690000
b1111010 ;
b11111111111111111111111111111111 P
b1000111 O
b1000011 :
b1111101 L
b1000111 K
b1000110 J
b1000010 I
b1111100 H
b11 4
b1111100 2
b1111100 8
b10000111 &
1#
1+
1%
#2700000
0#
0+
0%
#2710000
b1111011 ;
b11111111111111111111111111111111 P
b1000110 O
b1000001 :
b1111110 L
b1000110 K
b1000010 J
b1111101 2
b1111101 8
b100 4
b1000011 I
b1111101 H
b10001000 &
1#
1+
1%
#2720000
0#
0+
0%
#2730000
b1111100 ;
b11111111111111111111111111111111 P
b1000010 O
b1000000 :
b1111111 L
b1000010 K
b1000011 J
b1000001 I
b1111110 H
b101 4
b1111110 2
b1111110 8
b10001001 &
1#
1+
1%
#2740000
0#
0+
0%
#2750000
b1111101 ;
b11111111111111111111111111111111 P
b1000011 O
b11000000 :
b10000000 L
b1000011 K
b1000001 J
b1111111 2
b1111111 8
b110 4
b1000000 I
b1111111 H
b10001010 &
1#
1+
1%
#2760000
0#
0+
0%
#2770000
b1111110 ;
b11111111111111111111111111111111 P
b1000001 O
b11000001 :
b10000001 L
b1000001 K
b1000000 J
b11000000 I
b10000000 H
b111 4
b10000000 2
b10000000 8
b10001011 &
1#
1+
1%
#2780000
0#
0+
0%
#2790000
b1111111 ;
b11111111111111111111111111111111 P
b1000000 O
b11000011 :
b10000010 L
b1000000 K
b11000000 J
b10000001 2
b10000001 8
b1000 4
b11000001 I
b10000001 H
b10001100 &
1#
1+
1%
#2800000
0#
0+
0%
#2810000
b10000000 ;
b11111111111111111111111111111111 P
b11000000 O
b11000010 :
b10000011 L
b11000000 K
b11000001 J
b11000011 I
b10000010 H
b1001 4
b10000010 2
b10000010 8
b10001101 &
1#
1+
1%
#2820000
0#
0+
0%
#2830000
b10000001 ;
b11111111111111111111111111111111 P
b11000001 O
b11000110 :
b10000100 L
b11000001 K
b11000011 J
b10000011 2
b10000011 8
b1010 4
b11000010 I
b10000011 H
b10001110 &
1#
1+
1%
#2840000
0#
0+
0%
#2850000
1$
17
b10000010 ;
b11111111111111111111111111111111 P
b11000011 O
b11000111 :
b10000101 L
1)
b11000011 K
b11000010 J
b11000110 I
b10000100 H
1!
13
b0 4
b10000100 2
b10000100 8
b10001111 &
1#
1+
1%
#2860000
0#
0+
0%
#2870000
b1000000 9
b1000000 =
b10000011 ;
b11111111111111111111111111111111 P
b11000010 O
1"
b11000101 :
b1100000 E
b1000000 D
b11000010 K
b11000110 J
b10000101 2
b10000101 8
b1 4
b111111 /
b111111 C
b11000111 I
b10000101 H
b10000110 L
b10010000 &
1#
1+
1%
#2880000
0#
0+
0%
#2890000
b1000001 9
b10000100 ;
b11111111111111111111111111111111 P
b11000110 O
b1000001 =
b11000100 :
0"
b11000110 K
b11000111 J
b1100001 E
b1000001 D
b1100000 F
b11000101 I
b10000110 H
b1000000 /
b1000000 C
b10 4
b10000110 2
b10000110 8
b10000111 L
b10010001 &
1#
1+
1%
#2900000
0#
0+
0%
#2910000
b1000010 9
b1000000 <
b11111111111111111111111111111111 N
b1100000 M
b1000010 =
b10000101 ;
b11111111111111111111111111111111 P
b11000111 O
1"
b11001100 :
b1100000 G
b1100001 F
b1100011 E
b1000010 D
b11000111 K
b11000101 J
b10000111 2
b10000111 8
b11 4
b1000001 /
b1000001 C
b11000100 I
b10000111 H
b10001000 L
b10010010 &
1#
1+
1%
#2920000
0#
0+
0%
#2930000
b1000011 9
b10000110 ;
b11111111111111111111111111111111 P
b11000101 O
b1000011 =
b1000001 <
b11111111111111111111111111111111 N
b1100001 M
b11001101 :
0"
b11000101 K
b11000100 J
b1100010 E
b1000011 D
b1100001 G
b1100011 F
b11001100 I
b10001000 H
b1000010 /
b1000010 C
b100 4
b10001000 2
b10001000 8
b10001001 L
b10010011 &
1#
1+
1%
#2940000
0#
0+
0%
#2950000
b1000100 9
b1000010 <
b11111111111111111111111111111111 N
b1100011 M
b1000100 =
b10000111 ;
b11111111111111111111111111111111 P
b11000100 O
1"
b11001111 :
b1100011 G
b1100010 F
b1100110 E
b1000100 D
b11000100 K
b11001100 J
b10001001 2
b10001001 8
b101 4
b1000011 /
b1000011 C
b11001101 I
b10001001 H
b10001010 L
b10010100 &
1#
1+
1%
#2960000
0#
0+
0%
#2970000
b1000101 9
b10001000 ;
b11111111111111111111111111111111 P
b11001100 O
b1000101 =
b1000011 <
b11111111111111111111111111111111 N
b1100010 M
b11001110 :
0"
b11001100 K
b11001101 J
b1100111 E
b1000101 D
b1100010 G
b1100110 F
b11001111 I
b10001010 H
b1000100 /
b1000100 C
b110 4
b10001010 2
b10001010 8
b10001011 L
b10010101 &
1#
1+
1%
#2980000
0#
0+
0%
#2990000
b1000110 9
b1000100 <
b11111111111111111111111111111111 N
b1100110 M
b1000110 =
b10001001 ;
b11111111111111111111111111111111 P
b11001101 O
1"
b11001010 :
b1100110 G
b1100111 F
b1100101 E
b1000110 D
b11001101 K
b11001111 J
b10001011 2
b10001011 8
b111 4
b1000101 /
b1000101 C
b11001110 I
b10001011 H
b10001100 L
b10010110 &
1#
1+
1%
#3000000
0#
0+
0%
#3010000
b1000111 9
b10001010 ;
b11111111111111111111111111111111 P
b11001111 O
b1000111 =
b1000101 <
b11111111111111111111111111111111 N
b1100111 M
b11001011 :
0"
b11001111 K
b11001110 J
b1100100 E
b1000111 D
b1100111 G
b1100101 F
b11001010 I
b10001100 H
b1000110 /
b1000110 C
b1000 4
b10001100 2
b10001100 8
b10001101 L
b10010111 &
1#
1+
1%
#3020000
0#
0+
0%
#3030000
b1001000 9
b1000110 <
b11111111111111111111111111111111 N
b1100101 M
b1001000 =
b10001011 ;
b11111111111111111111111111111111 P
b11001110 O
1"
b11001001 :
b1100101 G
b1100100 F
b1101100 E
b1001000 D
b11001110 K
b11001010 J
b10001101 2
b10001101 8
b1001 4
b1000111 /
b1000111 C
b11001011 I
b10001101 H
b10001110 L
b10011000 &
1#
1+
1%
#3040000
0#
0+
0%
#3050000
b1001001 9
b10001100 ;
b11111111111111111111111111111111 P
b11001010 O
b1001001 =
b1000111 <
b11111111111111111111111111111111 N
b1100100 M
b11001000 :
0"
b11001010 K
b11001011 J
b1101101 E
b1001001 D
b1100100 G
b1101100 F
b11001001 I
b10001110 H
b1001000 /
b1001000 C
b1010 4
b10001110 2
b10001110 8
b10001111 L
b10011001 &
1#
1+
1%
#3060000
0#
0+
0%
#3070000
b1001010 9
0$
07
b1001000 <
b11111111111111111111111111111111 N
b1101100 M
b1001010 =
b10001101 ;
b11111111111111111111111111111111 P
b11001011 O
0)
1"
b11011000 :
b1101100 G
b1101101 F
b1101111 E
b1001010 D
b11001011 K
b11001001 J
b10001111 2
b10001111 8
0!
03
b0 4
b1001001 /
b1001001 C
b11001000 I
b10001111 H
b10010000 L
b10011010 &
1#
1+
1%
#3080000
0#
0+
0%
#3090000
b10001110 ;
b11111111111111111111111111111111 P
b11001001 O
b1001001 <
b11111111111111111111111111111111 N
b1101101 M
b11011001 :
b10010001 L
b11001001 K
b11001000 J
b1101101 G
b1101111 F
b11011000 I
b10010000 H
b1 4
b10010000 2
b10010000 8
b10011011 &
1#
1+
1%
#3100000
0#
0+
0%
#3110000
b1001010 <
b11111111111111111111111111111111 N
b1101111 M
b10001111 ;
b11111111111111111111111111111111 P
b11001000 O
b11011011 :
b10010010 L
b1101111 G
b11001000 K
b11011000 J
b10010001 2
b10010001 8
b10 4
b11011001 I
b10010001 H
b10011100 &
1#
1+
1%
#3120000
0#
0+
0%
#3130000
b10010000 ;
b11111111111111111111111111111111 P
b11011000 O
b11011010 :
b10010011 L
b11011000 K
b11011001 J
b11011011 I
b10010010 H
b11 4
b10010010 2
b10010010 8
b10011101 &
1#
1+
1%
#3140000
0#
0+
0%
#3150000
b10010001 ;
b11111111111111111111111111111111 P
b11011001 O
b11011110 :
b10010100 L
b11011001 K
b11011011 J
b10010011 2
b10010011 8
b100 4
b11011010 I
b10010011 H
b10011110 &
1#
1+
1%
#3160000
0#
0+
0%
#3170000
b10010010 ;
b11111111111111111111111111111111 P
b11011011 O
b11011111 :
b10010101 L
b11011011 K
b11011010 J
b11011110 I
b10010100 H
b101 4
b10010100 2
b10010100 8
b10011111 &
1#
1+
1%
#3180000
0#
0+
0%
#3190000
b10010011 ;
b11111111111111111111111111111111 P
b11011010 O
b11011101 :
b10010110 L
b11011010 K
b11011110 J
b10010101 2
b10010101 8
b110 4
b11011111 I
b10010101 H
b10100000 &
1#
1+
1%
#3200000
0#
0+
0%
#3210000
b10010100 ;
b11111111111111111111111111111111 P
b11011110 O
b11011100 :
b10010111 L
b11011110 K
b11011111 J
b11011101 I
b10010110 H
b111 4
b10010110 2
b10010110 8
b10100001 &
1#
1+
1%
#3220000
0#
0+
0%
#3230000
b10010101 ;
b11111111111111111111111111111111 P
b11011111 O
b11010100 :
b10011000 L
b11011111 K
b11011101 J
b10010111 2
b10010111 8
b1000 4
b11011100 I
b10010111 H
b10100010 &
1#
1+
1%
#3240000
0#
0+
0%
#3250000
b10010110 ;
b11111111111111111111111111111111 P
b11011101 O
b11010101 :
b10011001 L
b11011101 K
b11011100 J
b11010100 I
b10011000 H
b1001 4
b10011000 2
b10011000 8
b10100011 &
1#
1+
1%
#3260000
0#
0+
0%
#3270000
b10010111 ;
b11111111111111111111111111111111 P
b11011100 O
b11010111 :
b10011010 L
b11011100 K
b11010100 J
b10011001 2
b10011001 8
b1010 4
b11010101 I
b10011001 H
b10100100 &
1#
1+
1%
#3280000
0#
0+
0%
#3290000
1$
17
b10011000 ;
b11111111111111111111111111111111 P
b11010100 O
b11010110 :
b10011011 L
1)
b11010100 K
b11010101 J
b11010111 I
b10011010 H
1!
13
b0 4
b10011010 2
b10011010 8
b10100101 &
1#
1+
1%
#3300000
0#
0+
0%
#3310000
b1001011 9
b1001011 =
b10011001 ;
b11111111111111111111111111111111 P
b11010101 O
0"
b11010010 :
b1101110 E
b1001011 D
b11010101 K
b11010111 J
b10011011 2
b10011011 8
b1 4
b1001010 /
b1001010 C
b11010110 I
b10011011 H
b10011100 L
b10100110 &
1#
1+
1%
#3320000
0#
0+
0%
#3330000
b1001100 9
b10011010 ;
b11111111111111111111111111111111 P
b11010111 O
b1001100 =
b11010011 :
1"
b11010111 K
b11010110 J
b1101010 E
b1001100 D
b1101110 F
b11010010 I
b10011100 H
b1001011 /
b1001011 C
b10 4
b10011100 2
b10011100 8
b10011101 L
b10100111 &
1#
1+
1%
#3340000
0#
0+
0%
#3350000
b1001101 9
b1001011 <
b11111111111111111111111111111111 N
b1101110 M
b1001101 =
b10011011 ;
b11111111111111111111111111111111 P
b11010110 O
0"
b11010001 :
b1101110 G
b1101010 F
b1101011 E
b1001101 D
b11010110 K
b11010010 J
b10011101 2
b10011101 8
b11 4
b1001100 /
b1001100 C
b11010011 I
b10011101 H
b10011110 L
b10101000 &
1#
1+
1%
#3360000
0#
0+
0%
#3370000
b1001110 9
b10011100 ;
b11111111111111111111111111111111 P
b11010010 O
b1001110 =
b1001100 <
b11111111111111111111111111111111 N
b1101010 M
b11010000 :
1"
b11010010 K
b11010011 J
b1101001 E
b1001110 D
b1101010 G
b1101011 F
b11010001 I
b10011110 H
b1001101 /
b1001101 C
b100 4
b10011110 2
b10011110 8
b10011111 L
b10101001 &
1#
1+
1%
#3380000
0#
0+
0%
#3390000
b1001111 9
b1001101 <
b11111111111111111111111111111111 N
b1101011 M
b1001111 =
b10011101 ;
b11111111111111111111111111111111 P
b11010011 O
0"
b11110000 :
b1101011 G
b1101001 F
b1101000 E
b1001111 D
b11010011 K
b11010001 J
b10011111 2
b10011111 8
b101 4
b1001110 /
b1001110 C
b11010000 I
b10011111 H
b10100000 L
b10101010 &
1#
1+
1%
#3400000
0#
0+
0%
#3410000
b1010000 9
b10011110 ;
b11111111111111111111111111111111 P
b11010001 O
b1010000 =
b1001110 <
b11111111111111111111111111111111 N
b1101001 M
b11110001 :
1"
b11010001 K
b11010000 J
b1111000 E
b1010000 D
b1101001 G
b1101000 F
b11110000 I
b10100000 H
b1001111 /
b1001111 C
b110 4
b10100000 2
b10100000 8
b10100001 L
b10101011 &
1#
1+
1%
#3420000
0#
0+
0%
#3430000
b1010001 9
b1001111 <
b11111111111111111111111111111111 N
b1101000 M
b1010001 =
b10011111 ;
b11111111111111111111111111111111 P
b11010000 O
0"
b11110011 :
b1101000 G
b1111000 F
b1111001 E
b1010001 D
b11010000 K
b11110000 J
b10100001 2
b10100001 8
b111 4
b1010000 /
b1010000 C
b11110001 I
b10100001 H
b10100010 L
b10101100 &
1#
1+
1%
#3440000
0#
0+
0%
#3450000
b1010010 9
b10100000 ;
b11111111111111111111111111111111 P
b11110000 O
b1010010 =
b1010000 <
b11111111111111111111111111111111 N
b1111000 M
b11110010 :
1"
b11110000 K
b11110001 J
b1111011 E
b1010010 D
b1111000 G
b1111001 F
b11110011 I
b10100010 H
b1010001 /
b1010001 C
b1000 4
b10100010 2
b10100010 8
b10100011 L
b10101101 &
1#
1+
1%
#3460000
0#
0+
0%
#3470000
b1010011 9
b1010001 <
b11111111111111111111111111111111 N
b1111001 M
b1010011 =
b10100001 ;
b11111111111111111111111111111111 P
b11110001 O
0"
b11110110 :
b1111001 G
b1111011 F
b1111010 E
b1010011 D
b11110001 K
b11110011 J
b10100011 2
b10100011 8
b1001 4
b1010010 /
b1010010 C
b11110010 I
b10100011 H
b10100100 L
b10101110 &
1#
1+
1%
#3480000
0#
0+
0%
#3490000
b1010100 9
b10100010 ;
b11111111111111111111111111111111 P
b11110011 O
b1010100 =
b1010010 <
b11111111111111111111111111111111 N
b1111011 M
b11110111 :
1"
b11110011 K
b11110010 J
b1111110 E
b1010100 D
b1111011 G
b1111010 F
b11110110 I
b10100100 H
b1010011 /
b1010011 C
b1010 4
b10100100 2
b10100100 8
b10100101 L
b10101111 &
1#
1+
1%
#3500000
0#
0+
0%
#3510000
b1010101 9
0$
07
b1010011 <
b11111111111111111111111111111111 N
b1111010 M
b1010101 =
b10100011 ;
b11111111111111111111111111111111 P
b11110010 O
0)
0"
b11110101 :
b1111010 G
b1111110 F
b1111111 E
b1010101 D
b11110010 K
b11110110 J
b10100101 2
b10100101 8
0!
03
b0 4
b1010100 /
b1010100 C
b11110111 I
b10100101 H
b10100110 L
b10110000 &
1#
1+
1%
#3520000
0#
0+
0%
#3530000
b10100100 ;
b11111111111111111111111111111111 P
b11110110 O
b1010100 <
b11111111111111111111111111111111 N
b1111110 M
b11110100 :
b10100111 L
b11110110 K
b11110111 J
b1111110 G
b1111111 F
b11110101 I
b10100110 H
b1 4
b10100110 2
b10100110 8
b10110001 &
1#
1+
1%
#3540000
0#
0+
0%
#3550000
b1010101 <
b11111111111111111111111111111111 N
b1111111 M
b10100101 ;
b11111111111111111111111111111111 P
b11110111 O
b11111100 :
b10101000 L
b1111111 G
b11110111 K
b11110101 J
b10100111 2
b10100111 8
b10 4
b11110100 I
b10100111 H
b10110010 &
1#
1+
1%
#3560000
0#
0+
0%
#3570000
b10100110 ;
b11111111111111111111111111111111 P
b11110101 O
b11111101 :
b10101001 L
b11110101 K
b11110100 J
b11111100 I
b10101000 H
b11 4
b10101000 2
b10101000 8
b10110011 &
1#
1+
1%
#3580000
0#
0+
0%
#3590000
b10100111 ;
b11111111111111111111111111111111 P
b11110100 O
b11111111 :
b10101010 L
b11110100 K
b11111100 J
b10101001 2
b10101001 8
b100 4
b11111101 I
b10101001 H
b10110100 &
1#
1+
1%
#3600000
0#
0+
0%
#3610000
b10101000 ;
b11111111111111111111111111111111 P
b11111100 O
b11111110 :
b10101011 L
b11111100 K
b11111101 J
b11111111 I
b10101010 H
b101 4
b10101010 2
b10101010 8
b10110101 &
1#
1+
1%
#3620000
0#
0+
0%
#3630000
b10101001 ;
b11111111111111111111111111111111 P
b11111101 O
b11111010 :
b10101100 L
b11111101 K
b11111111 J
b10101011 2
b10101011 8
b110 4
b11111110 I
b10101011 H
b10110110 &
1#
1+
1%
#3640000
0#
0+
0%
#3650000
b10101010 ;
b11111111111111111111111111111111 P
b11111111 O
b11111011 :
b10101101 L
b11111111 K
b11111110 J
b11111010 I
b10101100 H
b111 4
b10101100 2
b10101100 8
b10110111 &
1#
1+
1%
#3660000
0#
0+
0%
#3670000
b10101011 ;
b11111111111111111111111111111111 P
b11111110 O
b11111001 :
b10101110 L
b11111110 K
b11111010 J
b10101101 2
b10101101 8
b1000 4
b11111011 I
b10101101 H
b10111000 &
1#
1+
1%
#3680000
0#
0+
0%
#3690000
b10101100 ;
b11111111111111111111111111111111 P
b11111010 O
b11111000 :
b10101111 L
b11111010 K
b11111011 J
b11111001 I
b10101110 H
b1001 4
b10101110 2
b10101110 8
b10111001 &
1#
1+
1%
#3700000
0#
0+
0%
#3710000
b10101101 ;
b11111111111111111111111111111111 P
b11111011 O
b11101000 :
b10110000 L
b11111011 K
b11111001 J
b10101111 2
b10101111 8
b1010 4
b11111000 I
b10101111 H
b10111010 &
1#
1+
1%
#3720000
0#
0+
0%
#3730000
1$
17
b10101110 ;
b11111111111111111111111111111111 P
b11111001 O
b11101001 :
b10110001 L
1)
b11111001 K
b11111000 J
b11101000 I
b10110000 H
1!
13
b0 4
b10110000 2
b10110000 8
b10111011 &
1#
1+
1%
#3740000
0#
0+
0%
#3750000
b1010110 9
b1010110 =
b10101111 ;
b11111111111111111111111111111111 P
b11111000 O
1"
b11101011 :
b1111101 E
b1010110 D
b11111000 K
b11101000 J
b10110001 2
b10110001 8
b1 4
b1010101 /
b1010101 C
b11101001 I
b10110001 H
b10110010 L
b10111100 &
1#
1+
1%
#3760000
0#
0+
0%
#3770000
b1010111 9
b10110000 ;
b11111111111111111111111111111111 P
b11101000 O
b1010111 =
b11101010 :
0"
b11101000 K
b11101001 J
b1111100 E
b1010111 D
b1111101 F
b11101011 I
b10110010 H
b1010110 /
b1010110 C
b10 4
b10110010 2
b10110010 8
b10110011 L
b10111101 &
1#
1+
1%
#3780000
0#
0+
0%
#3790000
b1011000 9
b1010110 <
b11111111111111111111111111111111 N
b1111101 M
b1011000 =
b10110001 ;
b11111111111111111111111111111111 P
b11101001 O
1"
b11101110 :
b1111101 G
b1111100 F
b1110100 E
b1011000 D
b11101001 K
b11101011 J
b10110011 2
b10110011 8
b11 4
b1010111 /
b1010111 C
b11101010 I
b10110011 H
b10110100 L
b10111110 &
1#
1+
1%
#3800000
0#
0+
0%
#3810000
b1011001 9
b10110010 ;
b11111111111111111111111111111111 P
b11101011 O
b1011001 =
b1010111 <
b11111111111111111111111111111111 N
b1111100 M
b11101111 :
0"
b11101011 K
b11101010 J
b1110101 E
b1011001 D
b1111100 G
b1110100 F
b11101110 I
b10110100 H
b1011000 /
b1011000 C
b100 4
b10110100 2
b10110100 8
b10110101 L
b10111111 &
1#
1+
1%
#3820000
0#
0+
0%
#3830000
b1011010 9
b1011000 <
b11111111111111111111111111111111 N
b1110100 M
b1011010 =
b10110011 ;
b11111111111111111111111111111111 P
b11101010 O
1"
b11101101 :
b1110100 G
b1110101 F
b1110111 E
b1011010 D
b11101010 K
b11101110 J
b10110101 2
b10110101 8
b101 4
b1011001 /
b1011001 C
b11101111 I
b10110101 H
b10110110 L
b11000000 &
1#
1+
1%
#3840000
0#
0+
0%
#3850000
b1011011 9
b10110100 ;
b11111111111111111111111111111111 P
b11101110 O
b1011011 =
b1011001 <
b11111111111111111111111111111111 N
b1110101 M
b11101100 :
0"
b11101110 K
b11101111 J
b1110110 E
b1011011 D
b1110101 G
b1110111 F
b11101101 I
b10110110 H
b1011010 /
b1011010 C
b110 4
b10110110 2
b10110110 8
b10110111 L
b11000001 &
1#
1+
1%
#3860000
0#
0+
0%
#3870000
b1011100 9
b1011010 <
b11111111111111111111111111111111 N
b1110111 M
b1011100 =
b10110101 ;
b11111111111111111111111111111111 P
b11101111 O
1"
b11100100 :
b1110111 G
b1110110 F
b1110010 E
b1011100 D
b11101111 K
b11101101 J
b10110111 2
b10110111 8
b111 4
b1011011 /
b1011011 C
b11101100 I
b10110111 H
b10111000 L
b11000010 &
1#
1+
1%
#3880000
0#
0+
0%
#3890000
b1011101 9
b10110110 ;
b11111111111111111111111111111111 P
b11101101 O
b1011101 =
b1011011 <
b11111111111111111111111111111111 N
b1110110 M
b11100101 :
0"
b11101101 K
b11101100 J
b1110011 E
b1011101 D
b1110110 G
b1110010 F
b11100100 I
b10111000 H
b1011100 /
b1011100 C
b1000 4
b10111000 2
b10111000 8
b10111001 L
b11000011 &
1#
1+
1%
#3900000
0#
0+
0%
#3910000
b1011110 9
b1011100 <
b11111111111111111111111111111111 N
b1110010 M
b1011110 =
b10110111 ;
b11111111111111111111111111111111 P
b11101100 O
1"
b11100111 :
b1110010 G
b1110011 F
b1110001 E
b1011110 D
b11101100 K
b11100100 J
b10111001 2
b10111001 8
b1001 4
b1011101 /
b1011101 C
b11100101 I
b10111001 H
b10111010 L
b11000100 &
1#
1+
1%
#3920000
0#
0+
0%
#3930000
b1011111 9
b10111000 ;
b11111111111111111111111111111111 P
b11100100 O
b1011111 =
b1011101 <
b11111111111111111111111111111111 N
b1110011 M
b11100110 :
0"
b11100100 K
b11100101 J
b1110000 E
b1011111 D
b1110011 G
b1110001 F
b11100111 I
b10111010 H
b1011110 /
b1011110 C
b1010 4
b10111010 2
b10111010 8
b10111011 L
b11000101 &
1#
1+
1%
#3940000
0#
0+
0%
#3950000
b1100000 9
0$
07
b1011110 <
b11111111111111111111111111111111 N
b1110001 M
b1100000 =
b10111001 ;
b11111111111111111111111111111111 P
b11100101 O
0)
1"
b11100010 :
b1110001 G
b1110000 F
b1010000 E
b1100000 D
b11100101 K
b11100111 J
b10111011 2
b10111011 8
0!
03
b0 4
b1011111 /
b1011111 C
b11100110 I
b10111011 H
b10111100 L
b11000110 &
1#
1+
1%
#3960000
0#
0+
0%
#3970000
b10111010 ;
b11111111111111111111111111111111 P
b11100111 O
b1011111 <
b11111111111111111111111111111111 N
b1110000 M
b11100011 :
b10111101 L
b11100111 K
b11100110 J
b1110000 G
b1010000 F
b11100010 I
b10111100 H
b1 4
b10111100 2
b10111100 8
b11000111 &
1#
1+
1%
#3980000
0#
0+
0%
#3990000
b1100000 <
b11111111111111111111111111111111 N
b1010000 M
b10111011 ;
b11111111111111111111111111111111 P
b11100110 O
b11100001 :
b10111110 L
b1010000 G
b11100110 K
b11100010 J
b10111101 2
b10111101 8
b10 4
b11100011 I
b10111101 H
b11001000 &
1#
1+
1%
#4000000
0#
0+
0%
#4010000
b10111100 ;
b11111111111111111111111111111111 P
b11100010 O
b11100000 :
b10111111 L
b11100010 K
b11100011 J
b11100001 I
b10111110 H
b11 4
b10111110 2
b10111110 8
b11001001 &
1#
1+
1%
#4020000
0#
0+
0%
#4030000
b10111101 ;
b11111111111111111111111111111111 P
b11100011 O
b10100000 :
b11000000 L
b11100011 K
b11100001 J
b10111111 2
b10111111 8
b100 4
b11100000 I
b10111111 H
b11001010 &
1#
1+
1%
#4040000
0#
0+
0%
#4050000
b10111110 ;
b11111111111111111111111111111111 P
b11100001 O
b10100001 :
b11000001 L
b11100001 K
b11100000 J
b10100000 I
b11000000 H
b101 4
b11000000 2
b11000000 8
b11001011 &
1#
1+
1%
#4060000
0#
0+
0%
#4070000
b10111111 ;
b11111111111111111111111111111111 P
b11100000 O
b10100011 :
b11000010 L
b11100000 K
b10100000 J
b11000001 2
b11000001 8
b110 4
b10100001 I
b11000001 H
b11001100 &
1#
1+
1%
#4080000
0#
0+
0%
#4090000
b11000000 ;
b11111111111111111111111111111111 P
b10100000 O
b10100010 :
b11000011 L
b10100000 K
b10100001 J
b10100011 I
b11000010 H
b111 4
b11000010 2
b11000010 8
b11001101 &
1#
1+
1%
#4100000
0#
0+
0%
#4110000
b11000001 ;
b11111111111111111111111111111111 P
b10100001 O
b10100110 :
b11000100 L
b10100001 K
b10100011 J
b11000011 2
b11000011 8
b1000 4
b10100010 I
b11000011 H
b11001110 &
1#
1+
1%
#4120000
0#
0+
0%
#4130000
b11000010 ;
b11111111111111111111111111111111 P
b10100011 O
b10100111 :
b11000101 L
b10100011 K
b10100010 J
b10100110 I
b11000100 H
b1001 4
b11000100 2
b11000100 8
b11001111 &
1#
1+
1%
#4140000
0#
0+
0%
#4150000
b11000011 ;
b11111111111111111111111111111111 P
b10100010 O
b10100101 :
b11000110 L
b10100010 K
b10100110 J
b11000101 2
b11000101 8
b1010 4
b10100111 I
b11000101 H
b11010000 &
1#
1+
1%
#4160000
0#
0+
0%
#4170000
1$
17
b11000100 ;
b11111111111111111111111111111111 P
b10100110 O
b10100100 :
b11000111 L
1)
b10100110 K
b10100111 J
b10100101 I
b11000110 H
1!
13
b0 4
b11000110 2
b11000110 8
b11010001 &
1#
1+
1%
#4180000
0#
0+
0%
#4190000
b1100001 9
b1100001 =
b11000101 ;
b11111111111111111111111111111111 P
b10100111 O
0"
b10101100 :
b1010001 E
b1100001 D
b10100111 K
b10100101 J
b11000111 2
b11000111 8
b1 4
b1100000 /
b1100000 C
b10100100 I
b11000111 H
b11001000 L
b11010010 &
1#
1+
1%
#4200000
0#
0+
0%
#4210000
b1100010 9
b11000110 ;
b11111111111111111111111111111111 P
b10100101 O
b1100010 =
b10101101 :
1"
b10100101 K
b10100100 J
b1010011 E
b1100010 D
b1010001 F
b10101100 I
b11001000 H
b1100001 /
b1100001 C
b10 4
b11001000 2
b11001000 8
b11001001 L
b11010011 &
1#
1+
1%
#4220000
0#
0+
0%
#4230000
b1100011 9
b1100001 <
b11111111111111111111111111111111 N
b1010001 M
b1100011 =
b11000111 ;
b11111111111111111111111111111111 P
b10100100 O
0"
b10101111 :
b1010001 G
b1010011 F
b1010010 E
b1100011 D
b10100100 K
b10101100 J
b11001001 2
b11001001 8
b11 4
b1100010 /
b1100010 C
b10101101 I
b11001001 H
b11001010 L
b11010100 &
1#
1+
1%
#4240000
0#
0+
0%
#4250000
b1100100 9
b11001000 ;
b11111111111111111111111111111111 P
b10101100 O
b1100100 =
b1100010 <
b11111111111111111111111111111111 N
b1010011 M
b10101110 :
1"
b10101100 K
b10101101 J
b1010110 E
b1100100 D
b1010011 G
b1010010 F
b10101111 I
b11001010 H
b1100011 /
b1100011 C
b100 4
b11001010 2
b11001010 8
b11001011 L
b11010101 &
1#
1+
1%
#4260000
0#
0+
0%
#4270000
b1100101 9
b1100011 <
b11111111111111111111111111111111 N
b1010010 M
b1100101 =
b11001001 ;
b11111111111111111111111111111111 P
b10101101 O
0"
b10101010 :
b1010010 G
b1010110 F
b1010111 E
b1100101 D
b10101101 K
b10101111 J
b11001011 2
b11001011 8
b101 4
b1100100 /
b1100100 C
b10101110 I
b11001011 H
b11001100 L
b11010110 &
1#
1+
1%
#4280000
0#
0+
0%
#4290000
b1100110 9
b11001010 ;
b11111111111111111111111111111111 P
b10101111 O
b1100110 =
b1100100 <
b11111111111111111111111111111111 N
b1010110 M
b10101011 :
1"
b10101111 K
b10101110 J
b1010101 E
b1100110 D
b1010110 G
b1010111 F
b10101010 I
b11001100 H
b1100101 /
b1100101 C
b110 4
b11001100 2
b11001100 8
b11001101 L
b11010111 &
1#
1+
1%
#4300000
0#
0+
0%
#4310000
b1100111 9
b1100101 <
b11111111111111111111111111111111 N
b1010111 M
b1100111 =
b11001011 ;
b11111111111111111111111111111111 P
b10101110 O
0"
b10101001 :
b1010111 G
b1010101 F
b1010100 E
b1100111 D
b10101110 K
b10101010 J
b11001101 2
b11001101 8
b111 4
b1100110 /
b1100110 C
b10101011 I
b11001101 H
b11001110 L
b11011000 &
1#
1+
1%
#4320000
0#
0+
0%
#4330000
b1101000 9
b11001100 ;
b11111111111111111111111111111111 P
b10101010 O
b1101000 =
b1100110 <
b11111111111111111111111111111111 N
b1010101 M
b10101000 :
1"
b10101010 K
b10101011 J
b1011100 E
b1101000 D
b1010101 G
b1010100 F
b10101001 I
b11001110 H
b1100111 /
b1100111 C
b1000 4
b11001110 2
b11001110 8
b11001111 L
b11011001 &
1#
1+
1%
#4340000
0#
0+
0%
#4350000
b1101001 9
b1100111 <
b11111111111111111111111111111111 N
b1010100 M
b1101001 =
b11001101 ;
b11111111111111111111111111111111 P
b10101011 O
0"
b10111000 :
b1010100 G
b1011100 F
b1011101 E
b1101001 D
b10101011 K
b10101001 J
b11001111 2
b11001111 8
b1001 4
b1101000 /
b1101000 C
b10101000 I
b11001111 H
b11010000 L
b11011010 &
1#
1+
1%
#4360000
0#
0+
0%
#4370000
b1101010 9
b11001110 ;
b11111111111111111111111111111111 P
b10101001 O
b1101010 =
b1101000 <
b11111111111111111111111111111111 N
b1011100 M
b10111001 :
1"
b10101001 K
b10101000 J
b1011111 E
b1101010 D
b1011100 G
b1011101 F
b10111000 I
b11010000 H
b1101001 /
b1101001 C
b1010 4
b11010000 2
b11010000 8
b11010001 L
b11011011 &
1#
1+
1%
#4380000
0#
0+
0%
#4390000
b1101011 9
0$
07
b1101001 <
b11111111111111111111111111111111 N
b1011101 M
b1101011 =
b11001111 ;
b11111111111111111111111111111111 P
b10101000 O
0)
0"
b10111011 :
b1011101 G
b1011111 F
b1011110 E
b1101011 D
b10101000 K
b10111000 J
b11010001 2
b11010001 8
0!
03
b0 4
b1101010 /
b1101010 C
b10111001 I
b11010001 H
b11010010 L
b11011100 &
1#
1+
1%
#4400000
0#
0+
0%
#4410000
b11010000 ;
b11111111111111111111111111111111 P
b10111000 O
b1101010 <
b11111111111111111111111111111111 N
b1011111 M
b10111010 :
b11010011 L
b10111000 K
b10111001 J
b1011111 G
b1011110 F
b10111011 I
b11010010 H
b1 4
b11010010 2
b11010010 8
b11011101 &
1#
1+
1%
#4420000
0#
0+
0%
#4430000
b1101011 <
b11111111111111111111111111111111 N
b1011110 M
b11010001 ;
b11111111111111111111111111111111 P
b10111001 O
b10111110 :
b11010100 L
b1011110 G
b10111001 K
b10111011 J
b11010011 2
b11010011 8
b10 4
b10111010 I
b11010011 H
b11011110 &
1#
1+
1%
#4440000
0#
0+
0%
#4450000
b11010010 ;
b11111111111111111111111111111111 P
b10111011 O
b10111111 :
b11010101 L
b10111011 K
b10111010 J
b10111110 I
b11010100 H
b11 4
b11010100 2
b11010100 8
b11011111 &
1#
1+
1%
#4460000
0#
0+
0%
#4470000
b11010011 ;
b11111111111111111111111111111111 P
b10111010 O
b10111101 :
b11010110 L
b10111010 K
b10111110 J
b11010101 2
b11010101 8
b100 4
b10111111 I
b11010101 H
b11100000 &
1#
1+
1%
#4480000
0#
0+
0%
#4490000
b11010100 ;
b11111111111111111111111111111111 P
b10111110 O
b10111100 :
b11010111 L
b10111110 K
b10111111 J
b10111101 I
b11010110 H
b101 4
b11010110 2
b11010110 8
b11100001 &
1#
1+
1%
#4500000
0#
0+
0%
#4510000
b11010101 ;
b11111111111111111111111111111111 P
b10111111 O
b10110100 :
b11011000 L
b10111111 K
b10111101 J
b11010111 2
b11010111 8
b110 4
b10111100 I
b11010111 H
b11100010 &
1#
1+
1%
#4520000
0#
0+
0%
#4530000
b11010110 ;
b11111111111111111111111111111111 P
b10111101 O
b10110101 :
b11011001 L
b10111101 K
b10111100 J
b10110100 I
b11011000 H
b111 4
b11011000 2
b11011000 8
b11100011 &
1#
1+
1%
#4540000
0#
0+
0%
#4550000
b11010111 ;
b11111111111111111111111111111111 P
b10111100 O
b10110111 :
b11011010 L
b10111100 K
b10110100 J
b11011001 2
b11011001 8
b1000 4
b10110101 I
b11011001 H
b11100100 &
1#
1+
1%
#4560000
0#
0+
0%
#4570000
b11011000 ;
b11111111111111111111111111111111 P
b10110100 O
b10110110 :
b11011011 L
b10110100 K
b10110101 J
b10110111 I
b11011010 H
b1001 4
b11011010 2
b11011010 8
b11100101 &
1#
1+
1%
#4580000
0#
0+
0%
#4590000
b11011001 ;
b11111111111111111111111111111111 P
b10110101 O
b10110010 :
b11011100 L
b10110101 K
b10110111 J
b11011011 2
b11011011 8
b1010 4
b10110110 I
b11011011 H
b11100110 &
1#
1+
1%
#4600000
0#
0+
0%
#4610000
1$
17
b11011010 ;
b11111111111111111111111111111111 P
b10110111 O
b10110011 :
b11011101 L
1)
b10110111 K
b10110110 J
b10110010 I
b11011100 H
1!
13
b0 4
b11011100 2
b11011100 8
b11100111 &
1#
1+
1%
#4620000
0#
0+
0%
#4630000
b1101100 9
b1101100 =
b11011011 ;
b11111111111111111111111111111111 P
b10110110 O
1"
b10110001 :
b1011010 E
b1101100 D
b10110110 K
b10110010 J
b11011101 2
b11011101 8
b1 4
b1101011 /
b1101011 C
b10110011 I
b11011101 H
b11011110 L
b11101000 &
1#
1+
1%
#4640000
0#
0+
0%
#4650000
b1101101 9
b11011100 ;
b11111111111111111111111111111111 P
b10110010 O
b1101101 =
b10110000 :
0"
b10110010 K
b10110011 J
b1011011 E
b1101101 D
b1011010 F
b10110001 I
b11011110 H
b1101100 /
b1101100 C
b10 4
b11011110 2
b11011110 8
b11011111 L
b11101001 &
1#
1+
1%
#4660000
0#
0+
0%
#4670000
b1101110 9
b1101100 <
b11111111111111111111111111111111 N
b1011010 M
b1101110 =
b11011101 ;
b11111111111111111111111111111111 P
b10110011 O
1"
b10010000 :
b1011010 G
b1011011 F
b1011001 E
b1101110 D
b10110011 K
b10110001 J
b11011111 2
b11011111 8
b11 4
b1101101 /
b1101101 C
b10110000 I
b11011111 H
b11100000 L
b11101010 &
1#
1+
1%
#4680000
0#
0+
0%
#4690000
b1101111 9
b11011110 ;
b11111111111111111111111111111111 P
b10110001 O
b1101111 =
b1101101 <
b11111111111111111111111111111111 N
b1011011 M
b10010001 :
0"
b10110001 K
b10110000 J
b1011000 E
b1101111 D
b1011011 G
b1011001 F
b10010000 I
b11100000 H
b1101110 /
b1101110 C
b100 4
b11100000 2
b11100000 8
b11100001 L
b11101011 &
1#
1+
1%
#4700000
0#
0+
0%
#4710000
b1110000 9
b1101110 <
b11111111111111111111111111111111 N
b1011001 M
b1110000 =
b11011111 ;
b11111111111111111111111111111111 P
b10110000 O
1"
b10010011 :
b1011001 G
b1011000 F
b1001000 E
b1110000 D
b10110000 K
b10010000 J
b11100001 2
b11100001 8
b101 4
b1101111 /
b1101111 C
b10010001 I
b11100001 H
b11100010 L
b11101100 &
1#
1+
1%
#4720000
0#
0+
0%
#4730000
b1110001 9
b11100000 ;
b11111111111111111111111111111111 P
b10010000 O
b1110001 =
b1101111 <
b11111111111111111111111111111111 N
b1011000 M
b10010010 :
0"
b10010000 K
b10010001 J
b1001001 E
b1110001 D
b1011000 G
b1001000 F
b10010011 I
b11100010 H
b1110000 /
b1110000 C
b110 4
b11100010 2
b11100010 8
b11100011 L
b11101101 &
1#
1+
1%
#4740000
0#
0+
0%
#4750000
b1110010 9
b1110000 <
b11111111111111111111111111111111 N
b1001000 M
b1110010 =
b11100001 ;
b11111111111111111111111111111111 P
b10010001 O
1"
b10010110 :
b1001000 G
b1001001 F
b1001011 E
b1110010 D
b10010001 K
b10010011 J
b11100011 2
b11100011 8
b111 4
b1110001 /
b1110001 C
b10010010 I
b11100011 H
b11100100 L
b11101110 &
1#
1+
1%
#4760000
0#
0+
0%
#4770000
b1110011 9
b11100010 ;
b11111111111111111111111111111111 P
b10010011 O
b1110011 =
b1110001 <
b11111111111111111111111111111111 N
b1001001 M
b10010111 :
0"
b10010011 K
b10010010 J
b1001010 E
b1110011 D
b1001001 G
b1001011 F
b10010110 I
b11100100 H
b1110010 /
b1110010 C
b1000 4
b11100100 2
b11100100 8
b11100101 L
b11101111 &
1#
1+
1%
#4780000
0#
0+
0%
#4790000
b1110100 9
b1110010 <
b11111111111111111111111111111111 N
b1001011 M
b1110100 =
b11100011 ;
b11111111111111111111111111111111 P
b10010010 O
1"
b10010101 :
b1001011 G
b1001010 F
b1001110 E
b1110100 D
b10010010 K
b10010110 J
b11100101 2
b11100101 8
b1001 4
b1110011 /
b1110011 C
b10010111 I
b11100101 H
b11100110 L
b11110000 &
1#
1+
1%
#4800000
0#
0+
0%
#4810000
b1110101 9
b11100100 ;
b11111111111111111111111111111111 P
b10010110 O
b1110101 =
b1110011 <
b11111111111111111111111111111111 N
b1001010 M
b10010100 :
0"
b10010110 K
b10010111 J
b1001111 E
b1110101 D
b1001010 G
b1001110 F
b10010101 I
b11100110 H
b1110100 /
b1110100 C
b1010 4
b11100110 2
b11100110 8
b11100111 L
b11110001 &
1#
1+
1%
#4820000
0#
0+
0%
#4830000
b1110110 9
0$
07
b1110100 <
b11111111111111111111111111111111 N
b1001110 M
b1110110 =
b11100101 ;
b11111111111111111111111111111111 P
b10010111 O
0)
1"
b10011100 :
b1001110 G
b1001111 F
b1001101 E
b1110110 D
b10010111 K
b10010101 J
b11100111 2
b11100111 8
0!
03
b0 4
b1110101 /
b1110101 C
b10010100 I
b11100111 H
b11101000 L
b11110010 &
1#
1+
1%
#4840000
0#
0+
0%
#4850000
b11100110 ;
b11111111111111111111111111111111 P
b10010101 O
b1110101 <
b11111111111111111111111111111111 N
b1001111 M
b10011101 :
b11101001 L
b10010101 K
b10010100 J
b1001111 G
b1001101 F
b10011100 I
b11101000 H
b1 4
b11101000 2
b11101000 8
b11110011 &
1#
1+
1%
#4860000
0#
0+
0%
#4870000
b1110110 <
b11111111111111111111111111111111 N
b1001101 M
b11100111 ;
b11111111111111111111111111111111 P
b10010100 O
b10011111 :
b11101010 L
b1001101 G
b10010100 K
b10011100 J
b11101001 2
b11101001 8
b10 4
b10011101 I
b11101001 H
b11110100 &
1#
1+
1%
#4880000
0#
0+
0%
#4890000
b11101000 ;
b11111111111111111111111111111111 P
b10011100 O
b10011110 :
b11101011 L
b10011100 K
b10011101 J
b10011111 I
b11101010 H
b11 4
b11101010 2
b11101010 8
b11110101 &
1#
1+
1%
#4900000
0#
0+
0%
#4910000
b11101001 ;
b11111111111111111111111111111111 P
b10011101 O
b10011010 :
b11101100 L
b10011101 K
b10011111 J
b11101011 2
b11101011 8
b100 4
b10011110 I
b11101011 H
b11110110 &
1#
1+
1%
#4920000
0#
0+
0%
#4930000
b11101010 ;
b11111111111111111111111111111111 P
b10011111 O
b10011011 :
b11101101 L
b10011111 K
b10011110 J
b10011010 I
b11101100 H
b101 4
b11101100 2
b11101100 8
b11110111 &
1#
1+
1%
#4940000
0#
0+
0%
#4950000
b11101011 ;
b11111111111111111111111111111111 P
b10011110 O
b10011001 :
b11101110 L
b10011110 K
b10011010 J
b11101101 2
b11101101 8
b110 4
b10011011 I
b11101101 H
b11111000 &
1#
1+
1%
#4960000
0#
0+
0%
#4970000
b11101100 ;
b11111111111111111111111111111111 P
b10011010 O
b10011000 :
b11101111 L
b10011010 K
b10011011 J
b10011001 I
b11101110 H
b111 4
b11101110 2
b11101110 8
b11111001 &
1#
1+
1%
#4980000
0#
0+
0%
#4990000
b11101101 ;
b11111111111111111111111111111111 P
b10011011 O
b10001000 :
b11110000 L
b10011011 K
b10011001 J
b11101111 2
b11101111 8
b1000 4
b10011000 I
b11101111 H
b11111010 &
1#
1+
1%
#5000000
0#
0+
0%
#5010000
b11101110 ;
b11111111111111111111111111111111 P
b10011001 O
b10001001 :
b11110001 L
b10011001 K
b10011000 J
b10001000 I
b11110000 H
b1001 4
b11110000 2
b11110000 8
b11111011 &
1#
1+
1%
#5020000
0#
0+
0%
#5030000
b11101111 ;
b11111111111111111111111111111111 P
b10011000 O
b10001011 :
b11110010 L
b10011000 K
b10001000 J
b11110001 2
b11110001 8
b1010 4
b10001001 I
b11110001 H
b11111100 &
1#
1+
1%
#5040000
0#
0+
0%
#5050000
1$
17
b11110000 ;
b11111111111111111111111111111111 P
b10001000 O
b10001010 :
b11110011 L
1)
b10001000 K
b10001001 J
b10001011 I
b11110010 H
1!
13
b0 4
b11110010 2
b11110010 8
b11111101 &
1#
1+
1%
#5060000
0#
0+
0%
#5070000
b1110111 9
b1110111 =
b11110001 ;
b11111111111111111111111111111111 P
b10001001 O
0"
b10001110 :
b1001100 E
b1110111 D
b10001001 K
b10001011 J
b11110011 2
b11110011 8
b1 4
b1110110 /
b1110110 C
b10001010 I
b11110011 H
b11110100 L
b11111110 &
1#
1+
1%
#5080000
0#
0+
0%
#5090000
b1111000 9
b11110010 ;
b11111111111111111111111111111111 P
b10001011 O
b1111000 =
b10001111 :
1"
b10001011 K
b10001010 J
b1000100 E
b1111000 D
b1001100 F
b10001110 I
b11110100 H
b1110111 /
b1110111 C
b10 4
b11110100 2
b11110100 8
b11110101 L
b11111111 &
1#
1+
1%
#5100000
0#
0+
0%
#5110000
b1111001 9
b1110111 <
b11111111111111111111111111111111 N
b1001100 M
b1111001 =
b11110011 ;
b11111111111111111111111111111111 P
b10001010 O
0"
b10001101 :
b1001100 G
b1000100 F
b1000101 E
b1111001 D
b10001010 K
b10001110 J
b11110101 2
b11110101 8
b11 4
b1111000 /
b1111000 C
b10001111 I
b11110101 H
b11110110 L
b100000000 &
1#
1+
1%
#5120000
0#
0+
0%
#5130000
b1111010 9
b11110100 ;
b11111111111111111111111111111111 P
b10001110 O
b1111010 =
b1111000 <
b11111111111111111111111111111111 N
b1000100 M
b10001100 :
1"
b10001110 K
b10001111 J
b1000111 E
b1111010 D
b1000100 G
b1000101 F
b10001101 I
b11110110 H
b1111001 /
b1111001 C
b100 4
b11110110 2
b11110110 8
b11110111 L
b100000001 &
1#
1+
1%
#5140000
0#
0+
0%
#5150000
b1111011 9
b1111001 <
b11111111111111111111111111111111 N
b1000101 M
b1111011 =
b11110101 ;
b11111111111111111111111111111111 P
b10001111 O
0"
b10000100 :
b1000101 G
b1000111 F
b1000110 E
b1111011 D
b10001111 K
b10001101 J
b11110111 2
b11110111 8
b101 4
b1111010 /
b1111010 C
b10001100 I
b11110111 H
b11111000 L
b100000010 &
1#
1+
1%
#5160000
0#
0+
0%
#5170000
b1111100 9
b11110110 ;
b11111111111111111111111111111111 P
b10001101 O
b1111100 =
b1111010 <
b11111111111111111111111111111111 N
b1000111 M
b10000101 :
1"
b10001101 K
b10001100 J
b1000010 E
b1111100 D
b1000111 G
b1000110 F
b10000100 I
b11111000 H
b1111011 /
b1111011 C
b110 4
b11111000 2
b11111000 8
b11111001 L
b100000011 &
1#
1+
1%
#5180000
0#
0+
0%
#5190000
b1111101 9
b1111011 <
b11111111111111111111111111111111 N
b1000110 M
b1111101 =
b11110111 ;
b11111111111111111111111111111111 P
b10001100 O
0"
b10000111 :
b1000110 G
b1000010 F
b1000011 E
b1111101 D
b10001100 K
b10000100 J
b11111001 2
b11111001 8
b111 4
b1111100 /
b1111100 C
b10000101 I
b11111001 H
b11111010 L
b100000100 &
1#
1+
1%
#5200000
0#
0+
0%
#5210000
b1111110 9
b11111000 ;
b11111111111111111111111111111111 P
b10000100 O
b1111110 =
b1111100 <
b11111111111111111111111111111111 N
b1000010 M
b10000110 :
1"
b10000100 K
b10000101 J
b1000001 E
b1111110 D
b1000010 G
b1000011 F
b10000111 I
b11111010 H
b1111101 /
b1111101 C
b1000 4
b11111010 2
b11111010 8
b11111011 L
b100000101 &
1#
1+
1%
#5220000
0#
0+
0%
#5230000
b1111111 9
b1111101 <
b11111111111111111111111111111111 N
b1000011 M
b1111111 =
b11111001 ;
b11111111111111111111111111111111 P
b10000101 O
0"
b10000010 :
b1000011 G
b1000001 F
b1000000 E
b1111111 D
b10000101 K
b10000111 J
b11111011 2
b11111011 8
b1001 4
b1111110 /
b1111110 C
b10000110 I
b11111011 H
b11111100 L
b100000110 &
1#
1+
1%
#5240000
0#
0+
0%
#5250000
b10000000 9
b11111010 ;
b11111111111111111111111111111111 P
b10000111 O
b10000000 =
b1111110 <
b11111111111111111111111111111111 N
b1000001 M
b10000011 :
1"
b10000111 K
b10000110 J
b11000000 E
b10000000 D
b1000001 G
b1000000 F
b10000010 I
b11111100 H
b1111111 /
b1111111 C
b1010 4
b11111100 2
b11111100 8
b11111101 L
b100000111 &
1#
1+
1%
#5260000
0#
0+
0%
#5270000
b10000001 9
0$
07
b1111111 <
b11111111111111111111111111111111 N
b1000000 M
b10000001 =
b11111011 ;
b11111111111111111111111111111111 P
b10000110 O
0)
0"
b10000001 :
b1000000 G
b11000000 F
b11000001 E
b10000001 D
b10000110 K
b10000010 J
b11111101 2
b11111101 8
0!
03
b0 4
b10000000 /
b10000000 C
b10000011 I
b11111101 H
b11111110 L
b100001000 &
1#
1+
1%
#5280000
0#
0+
0%
#5290000
b11111100 ;
b11111111111111111111111111111111 P
b10000010 O
b10000000 <
b11111111111111111111111111111111 N
b11000000 M
b10000000 :
b11111111 L
b10000010 K
b10000011 J
b11000000 G
b11000001 F
b10000001 I
b11111110 H
b1 4
b11111110 2
b11111110 8
b100001001 &
1#
1+
1%
#5300000
0#
0+
0%
#5310000
b10000001 <
b11111111111111111111111111111111 N
b11000001 M
b11111101 ;
b11111111111111111111111111111111 P
b10000011 O
b110000000 :
b100000000 L
b11000001 G
b10000011 K
b10000001 J
b11111111 2
b11111111 8
b10 4
b10000000 I
b11111111 H
b100001010 &
1#
1+
1%
#5320000
0#
0+
0%
#5330000
b11111110 ;
b11111111111111111111111111111111 P
b10000001 O
b110000001 :
b100000001 L
b10000001 K
b10000000 J
b110000000 I
b100000000 H
b11 4
b0 2
b0 8
b100001011 &
1#
1+
1%
#5340000
0#
0+
0%
#5350000
b11111111 ;
b11111111111111111111111111111111 P
b10000000 O
b110000011 :
b100000010 L
b10000000 K
b110000000 J
b1 2
b1 8
b100 4
b110000001 I
b100000001 H
b100001100 &
1#
1+
1%
#5360000
0#
0+
0%
#5370000
b100000000 ;
b11111111111111111111111111111111 P
b110000000 O
b110000010 :
b100000011 L
b110000000 K
b110000001 J
b110000011 I
b100000010 H
b101 4
b10 2
b10 8
b100001101 &
1#
1+
1%
#5380000
0#
0+
0%
#5390000
b100000001 ;
b11111111111111111111111111111111 P
b110000001 O
b110000110 :
b100000100 L
b110000001 K
b110000011 J
b11 2
b11 8
b110 4
b110000010 I
b100000011 H
b100001110 &
1#
1+
1%
#5400000
0#
0+
0%
#5410000
b100000010 ;
b11111111111111111111111111111111 P
b110000011 O
b110000111 :
b100000101 L
b110000011 K
b110000010 J
b110000110 I
b100000100 H
b111 4
b100 2
b100 8
b100001111 &
1#
1+
1%
#5420000
0#
0+
0%
#5430000
b100000011 ;
b11111111111111111111111111111111 P
b110000010 O
b110000101 :
b100000110 L
b110000010 K
b110000110 J
b101 2
b101 8
b1000 4
b110000111 I
b100000101 H
b100010000 &
1#
1+
1%
#5440000
0#
0+
0%
#5450000
b100000100 ;
b11111111111111111111111111111111 P
b110000110 O
b110000100 :
b100000111 L
b110000110 K
b110000111 J
b110000101 I
b100000110 H
b1001 4
b110 2
b110 8
b100010001 &
1#
1+
1%
#5460000
0#
0+
0%
#5470000
b100000101 ;
b11111111111111111111111111111111 P
b110000111 O
b110001100 :
b100001000 L
b110000111 K
b110000101 J
b111 2
b111 8
b1010 4
b110000100 I
b100000111 H
b100010010 &
1#
1+
1%
#5480000
0#
0+
0%
#5490000
1$
17
b100000110 ;
b11111111111111111111111111111111 P
b110000101 O
b110001101 :
b100001001 L
1)
b110000101 K
b110000100 J
b110001100 I
b100001000 H
1!
13
b0 4
b1000 2
b1000 8
b100010011 &
1#
1+
1%
#5500000
0#
0+
0%
#5510000
b10000010 9
b10000010 =
b100000111 ;
b11111111111111111111111111111111 P
b110000100 O
1"
b110001111 :
b11000011 E
b10000010 D
b110000100 K
b110001100 J
b1001 2
b1001 8
b1 4
b10000001 /
b10000001 C
b110001101 I
b100001001 H
b100001010 L
b100010100 &
1#
1+
1%
#5520000
0#
0+
0%
#5530000
b10000011 9
b100001000 ;
b11111111111111111111111111111111 P
b110001100 O
b10000011 =
b110001110 :
0"
b110001100 K
b110001101 J
b11000010 E
b10000011 D
b11000011 F
b110001111 I
b100001010 H
b10000010 /
b10000010 C
b10 4
b1010 2
b1010 8
b100001011 L
b100010101 &
1#
1+
1%
#5540000
0#
0+
0%
#5550000
b10000100 9
b10000010 <
b11111111111111111111111111111111 N
b11000011 M
b10000100 =
b100001001 ;
b11111111111111111111111111111111 P
b110001101 O
1"
b110001010 :
b11000011 G
b11000010 F
b11000110 E
b10000100 D
b110001101 K
b110001111 J
b1011 2
b1011 8
b11 4
b10000011 /
b10000011 C
b110001110 I
b100001011 H
b100001100 L
b100010110 &
1#
1+
1%
#5560000
0#
0+
0%
#5570000
b10000101 9
b100001010 ;
b11111111111111111111111111111111 P
b110001111 O
b10000101 =
b10000011 <
b11111111111111111111111111111111 N
b11000010 M
b110001011 :
0"
b110001111 K
b110001110 J
b11000111 E
b10000101 D
b11000010 G
b11000110 F
b110001010 I
b100001100 H
b10000100 /
b10000100 C
b100 4
b1100 2
b1100 8
b100001101 L
b100010111 &
1#
1+
1%
#5580000
0#
0+
0%
#5590000
b10000110 9
b10000100 <
b11111111111111111111111111111111 N
b11000110 M
b10000110 =
b100001011 ;
b11111111111111111111111111111111 P
b110001110 O
1"
b110001001 :
b11000110 G
b11000111 F
b11000101 E
b10000110 D
b110001110 K
b110001010 J
b1101 2
b1101 8
b101 4
b10000101 /
b10000101 C
b110001011 I
b100001101 H
b100001110 L
b100011000 &
1#
1+
1%
#5600000
0#
0+
0%
#5610000
b10000111 9
b100001100 ;
b11111111111111111111111111111111 P
b110001010 O
b10000111 =
b10000101 <
b11111111111111111111111111111111 N
b11000111 M
b110001000 :
0"
b110001010 K
b110001011 J
b11000100 E
b10000111 D
b11000111 G
b11000101 F
b110001001 I
b100001110 H
b10000110 /
b10000110 C
b110 4
b1110 2
b1110 8
b100001111 L
b100011001 &
1#
1+
1%
#5620000
0#
0+
0%
#5630000
b10001000 9
b10000110 <
b11111111111111111111111111111111 N
b11000101 M
b10001000 =
b100001101 ;
b11111111111111111111111111111111 P
b110001011 O
1"
b110011000 :
b11000101 G
b11000100 F
b11001100 E
b10001000 D
b110001011 K
b110001001 J
b1111 2
b1111 8
b111 4
b10000111 /
b10000111 C
b110001000 I
b100001111 H
b100010000 L
b100011010 &
1#
1+
1%
#5640000
0#
0+
0%
#5650000
b10001001 9
b100001110 ;
b11111111111111111111111111111111 P
b110001001 O
b10001001 =
b10000111 <
b11111111111111111111111111111111 N
b11000100 M
b110011001 :
0"
b110001001 K
b110001000 J
b11001101 E
b10001001 D
b11000100 G
b11001100 F
b110011000 I
b100010000 H
b10001000 /
b10001000 C
b1000 4
b10000 2
b10000 8
b100010001 L
b100011011 &
1#
1+
1%
#5660000
0#
0+
0%
#5670000
b10001010 9
b10001000 <
b11111111111111111111111111111111 N
b11001100 M
b10001010 =
b100001111 ;
b11111111111111111111111111111111 P
b110001000 O
1"
b110011011 :
b11001100 G
b11001101 F
b11001111 E
b10001010 D
b110001000 K
b110011000 J
b10001 2
b10001 8
b1001 4
b10001001 /
b10001001 C
b110011001 I
b100010001 H
b100010010 L
b100011100 &
1#
1+
1%
#5680000
0#
0+
0%
#5690000
b10001011 9
b100010000 ;
b11111111111111111111111111111111 P
b110011000 O
b10001011 =
b10001001 <
b11111111111111111111111111111111 N
b11001101 M
b110011010 :
0"
b110011000 K
b110011001 J
b11001110 E
b10001011 D
b11001101 G
b11001111 F
b110011011 I
b100010010 H
b10001010 /
b10001010 C
b1010 4
b10010 2
b10010 8
b100010011 L
b100011101 &
1#
1+
1%
#5700000
0#
0+
0%
#5710000
b10001100 9
0$
07
b10001010 <
b11111111111111111111111111111111 N
b11001111 M
b10001100 =
b100010001 ;
b11111111111111111111111111111111 P
b110011001 O
0)
1"
b110011110 :
b11001111 G
b11001110 F
b11001010 E
b10001100 D
b110011001 K
b110011011 J
b10011 2
b10011 8
0!
03
b0 4
b10001011 /
b10001011 C
b110011010 I
b100010011 H
b100010100 L
b100011110 &
1#
1+
1%
#5720000
0#
0+
0%
#5730000
b100010010 ;
b11111111111111111111111111111111 P
b110011011 O
b10001011 <
b11111111111111111111111111111111 N
b11001110 M
b110011111 :
b100010101 L
b110011011 K
b110011010 J
b11001110 G
b11001010 F
b110011110 I
b100010100 H
b1 4
b10100 2
b10100 8
b100011111 &
1#
1+
1%
#5740000
0#
0+
0%
#5750000
b10001100 <
b11111111111111111111111111111111 N
b11001010 M
b100010011 ;
b11111111111111111111111111111111 P
b110011010 O
b110011101 :
b100010110 L
b11001010 G
b110011010 K
b110011110 J
b10101 2
b10101 8
b10 4
b110011111 I
b100010101 H
b100100000 &
1#
1+
1%
#5760000
0#
0+
0%
#5770000
b100010100 ;
b11111111111111111111111111111111 P
b110011110 O
b110011100 :
b100010111 L
b110011110 K
b110011111 J
b110011101 I
b100010110 H
b11 4
b10110 2
b10110 8
b100100001 &
1#
1+
1%
#5780000
0#
0+
0%
#5790000
b100010101 ;
b11111111111111111111111111111111 P
b110011111 O
b110010100 :
b100011000 L
b110011111 K
b110011101 J
b10111 2
b10111 8
b100 4
b110011100 I
b100010111 H
b100100010 &
1#
1+
1%
#5800000
0#
0+
0%
#5810000
b100010110 ;
b11111111111111111111111111111111 P
b110011101 O
b110010101 :
b100011001 L
b110011101 K
b110011100 J
b110010100 I
b100011000 H
b101 4
b11000 2
b11000 8
b100100011 &
1#
1+
1%
#5820000
0#
0+
0%
#5830000
b100010111 ;
b11111111111111111111111111111111 P
b110011100 O
b110010111 :
b100011010 L
b110011100 K
b110010100 J
b11001 2
b11001 8
b110 4
b110010101 I
b100011001 H
b100100100 &
1#
1+
1%
#5840000
0#
0+
0%
#5850000
b100011000 ;
b11111111111111111111111111111111 P
b110010100 O
b110010110 :
b100011011 L
b110010100 K
b110010101 J
b110010111 I
b100011010 H
b111 4
b11010 2
b11010 8
b100100101 &
1#
1+
1%
#5860000
0#
0+
0%
#5870000
b100011001 ;
b11111111111111111111111111111111 P
b110010101 O
b110010010 :
b100011100 L
b110010101 K
b110010111 J
b11011 2
b11011 8
b1000 4
b110010110 I
b100011011 H
b100100110 &
1#
1+
1%
#5880000
0#
0+
0%
#5890000
b100011010 ;
b11111111111111111111111111111111 P
b110010111 O
b110010011 :
b100011101 L
b110010111 K
b110010110 J
b110010010 I
b100011100 H
b1001 4
b11100 2
b11100 8
b100100111 &
1#
1+
1%
#5900000
0#
0+
0%
#5910000
b100011011 ;
b11111111111111111111111111111111 P
b110010110 O
b110010001 :
b100011110 L
b110010110 K
b110010010 J
b11101 2
b11101 8
b1010 4
b110010011 I
b100011101 H
b100101000 &
1#
1+
1%
#5920000
0#
0+
0%
#5930000
1$
17
b100011100 ;
b11111111111111111111111111111111 P
b110010010 O
b110010000 :
b100011111 L
1)
b110010010 K
b110010011 J
b110010001 I
b100011110 H
1!
13
b0 4
b11110 2
b11110 8
b100101001 &
1#
1+
1%
#5940000
0#
0+
0%
#5950000
b10001101 9
b10001101 =
b100011101 ;
b11111111111111111111111111111111 P
b110010011 O
0"
b110110000 :
b11001011 E
b10001101 D
b110010011 K
b110010001 J
b11111 2
b11111 8
b1 4
b10001100 /
b10001100 C
b110010000 I
b100011111 H
b100100000 L
b100101010 &
1#
1+
1%
#5960000
0#
0+
0%
#5970000
b10001110 9
b100011110 ;
b11111111111111111111111111111111 P
b110010001 O
b10001110 =
b110110001 :
1"
b110010001 K
b110010000 J
b11001001 E
b10001110 D
b11001011 F
b110110000 I
b100100000 H
b10001101 /
b10001101 C
b10 4
b100000 2
b100000 8
b100100001 L
b100101011 &
1#
1+
1%
#5980000
0#
0+
0%
#5990000
b10001111 9
b10001101 <
b11111111111111111111111111111111 N
b11001011 M
b10001111 =
b100011111 ;
b11111111111111111111111111111111 P
b110010000 O
0"
b110110011 :
b11001011 G
b11001001 F
b11001000 E
b10001111 D
b110010000 K
b110110000 J
b100001 2
b100001 8
b11 4
b10001110 /
b10001110 C
b110110001 I
b100100001 H
b100100010 L
b100101100 &
1#
1+
1%
#6000000
0#
0+
0%
#6010000
b10010000 9
b100100000 ;
b11111111111111111111111111111111 P
b110110000 O
b10010000 =
b10001110 <
b11111111111111111111111111111111 N
b11001001 M
b110110010 :
1"
b110110000 K
b110110001 J
b11011000 E
b10010000 D
b11001001 G
b11001000 F
b110110011 I
b100100010 H
b10001111 /
b10001111 C
b100 4
b100010 2
b100010 8
b100100011 L
b100101101 &
1#
1+
1%
#6020000
0#
0+
0%
#6030000
b10010001 9
b10001111 <
b11111111111111111111111111111111 N
b11001000 M
b10010001 =
b100100001 ;
b11111111111111111111111111111111 P
b110110001 O
0"
b110110110 :
b11001000 G
b11011000 F
b11011001 E
b10010001 D
b110110001 K
b110110011 J
b100011 2
b100011 8
b101 4
b10010000 /
b10010000 C
b110110010 I
b100100011 H
b100100100 L
b100101110 &
1#
1+
1%
#6040000
0#
0+
0%
#6050000
b10010010 9
b100100010 ;
b11111111111111111111111111111111 P
b110110011 O
b10010010 =
b10010000 <
b11111111111111111111111111111111 N
b11011000 M
b110110111 :
1"
b110110011 K
b110110010 J
b11011011 E
b10010010 D
b11011000 G
b11011001 F
b110110110 I
b100100100 H
b10010001 /
b10010001 C
b110 4
b100100 2
b100100 8
b100100101 L
b100101111 &
1#
1+
1%
#6060000
0#
0+
0%
#6070000
b10010011 9
b10010001 <
b11111111111111111111111111111111 N
b11011001 M
b10010011 =
b100100011 ;
b11111111111111111111111111111111 P
b110110010 O
0"
b110110101 :
b11011001 G
b11011011 F
b11011010 E
b10010011 D
b110110010 K
b110110110 J
b100101 2
b100101 8
b111 4
b10010010 /
b10010010 C
b110110111 I
b100100101 H
b100100110 L
b100110000 &
1#
1+
1%
#6080000
0#
0+
0%
#6090000
b10010100 9
b100100100 ;
b11111111111111111111111111111111 P
b110110110 O
b10010100 =
b10010010 <
b11111111111111111111111111111111 N
b11011011 M
b110110100 :
1"
b110110110 K
b110110111 J
b11011110 E
b10010100 D
b11011011 G
b11011010 F
b110110101 I
b100100110 H
b10010011 /
b10010011 C
b1000 4
b100110 2
b100110 8
b100100111 L
b100110001 &
1#
1+
1%
#6100000
0#
0+
0%
#6110000
b10010101 9
b10010011 <
b11111111111111111111111111111111 N
b11011010 M
b10010101 =
b100100101 ;
b11111111111111111111111111111111 P
b110110111 O
0"
b110111100 :
b11011010 G
b11011110 F
b11011111 E
b10010101 D
b110110111 K
b110110101 J
b100111 2
b100111 8
b1001 4
b10010100 /
b10010100 C
b110110100 I
b100100111 H
b100101000 L
b100110010 &
1#
1+
1%
#6120000
0#
0+
0%
#6130000
b10010110 9
b100100110 ;
b11111111111111111111111111111111 P
b110110101 O
b10010110 =
b10010100 <
b11111111111111111111111111111111 N
b11011110 M
b110111101 :
1"
b110110101 K
b110110100 J
b11011101 E
b10010110 D
b11011110 G
b11011111 F
b110111100 I
b100101000 H
b10010101 /
b10010101 C
b1010 4
b101000 2
b101000 8
b100101001 L
b100110011 &
1#
1+
1%
#6140000
0#
0+
0%
#6150000
b10010111 9
0$
07
b10010101 <
b11111111111111111111111111111111 N
b11011111 M
b10010111 =
b100100111 ;
b11111111111111111111111111111111 P
b110110100 O
0)
0"
b110111111 :
b11011111 G
b11011101 F
b11011100 E
b10010111 D
b110110100 K
b110111100 J
b101001 2
b101001 8
0!
03
b0 4
b10010110 /
b10010110 C
b110111101 I
b100101001 H
b100101010 L
b100110100 &
1#
1+
1%
#6160000
0#
0+
0%
#6170000
b100101000 ;
b11111111111111111111111111111111 P
b110111100 O
b10010110 <
b11111111111111111111111111111111 N
b11011101 M
b110111110 :
b100101011 L
b110111100 K
b110111101 J
b11011101 G
b11011100 F
b110111111 I
b100101010 H
b1 4
b101010 2
b101010 8
b100110101 &
1#
1+
1%
#6180000
0#
0+
0%
#6190000
b10010111 <
b11111111111111111111111111111111 N
b11011100 M
b100101001 ;
b11111111111111111111111111111111 P
b110111101 O
b110111010 :
b100101100 L
b11011100 G
b110111101 K
b110111111 J
b101011 2
b101011 8
b10 4
b110111110 I
b100101011 H
b100110110 &
1#
1+
1%
#6200000
0#
0+
0%
#6210000
b100101010 ;
b11111111111111111111111111111111 P
b110111111 O
b110111011 :
b100101101 L
b110111111 K
b110111110 J
b110111010 I
b100101100 H
b11 4
b101100 2
b101100 8
b100110111 &
1#
1+
1%
#6220000
0#
0+
0%
#6230000
b100101011 ;
b11111111111111111111111111111111 P
b110111110 O
b110111001 :
b100101110 L
b110111110 K
b110111010 J
b101101 2
b101101 8
b100 4
b110111011 I
b100101101 H
b100111000 &
1#
1+
1%
#6240000
0#
0+
0%
#6250000
b100101100 ;
b11111111111111111111111111111111 P
b110111010 O
b110111000 :
b100101111 L
b110111010 K
b110111011 J
b110111001 I
b100101110 H
b101 4
b101110 2
b101110 8
b100111001 &
1#
1+
1%
#6260000
0#
0+
0%
#6270000
b100101101 ;
b11111111111111111111111111111111 P
b110111011 O
b110101000 :
b100110000 L
b110111011 K
b110111001 J
b101111 2
b101111 8
b110 4
b110111000 I
b100101111 H
b100111010 &
1#
1+
1%
#6280000
0#
0+
0%
#6290000
b100101110 ;
b11111111111111111111111111111111 P
b110111001 O
b110101001 :
b100110001 L
b110111001 K
b110111000 J
b110101000 I
b100110000 H
b111 4
b110000 2
b110000 8
b100111011 &
1#
1+
1%
#6300000
0#
0+
0%
#6310000
b100101111 ;
b11111111111111111111111111111111 P
b110111000 O
b110101011 :
b100110010 L
b110111000 K
b110101000 J
b110001 2
b110001 8
b1000 4
b110101001 I
b100110001 H
b100111100 &
1#
1+
1%
#6320000
0#
0+
0%
#6330000
b100110000 ;
b11111111111111111111111111111111 P
b110101000 O
b110101010 :
b100110011 L
b110101000 K
b110101001 J
b110101011 I
b100110010 H
b1001 4
b110010 2
b110010 8
b100111101 &
1#
1+
1%
#6340000
0#
0+
0%
#6350000
b100110001 ;
b11111111111111111111111111111111 P
b110101001 O
b110101110 :
b100110100 L
b110101001 K
b110101011 J
b110011 2
b110011 8
b1010 4
b110101010 I
b100110011 H
b100111110 &
1#
1+
1%
#6360000
0#
0+
0%
#6370000
1$
17
b100110010 ;
b11111111111111111111111111111111 P
b110101011 O
b110101111 :
b100110101 L
1)
b110101011 K
b110101010 J
b110101110 I
b100110100 H
1!
13
b0 4
b110100 2
b110100 8
b100111111 &
1#
1+
1%
#6380000
0#
0+
0%
#6390000
b10011000 9
b10011000 =
b100110011 ;
b11111111111111111111111111111111 P
b110101010 O
1"
b110101101 :
b11010100 E
b10011000 D
b110101010 K
b110101110 J
b110101 2
b110101 8
b1 4
b10010111 /
b10010111 C
b110101111 I
b100110101 H
b100110110 L
b101000000 &
1#
1+
1%
#6400000
0#
0+
0%
#6410000
b10011001 9
b100110100 ;
b11111111111111111111111111111111 P
b110101110 O
b10011001 =
b110101100 :
0"
b110101110 K
b110101111 J
b11010101 E
b10011001 D
b11010100 F
b110101101 I
b100110110 H
b10011000 /
b10011000 C
b10 4
b110110 2
b110110 8
b100110111 L
b101000001 &
1#
1+
1%
#6420000
0#
0+
0%
#6430000
b10011010 9
b10011000 <
b11111111111111111111111111111111 N
b11010100 M
b10011010 =
b100110101 ;
b11111111111111111111111111111111 P
b110101111 O
1"
b110100100 :
b11010100 G
b11010101 F
b11010111 E
b10011010 D
b110101111 K
b110101101 J
b110111 2
b110111 8
b11 4
b10011001 /
b10011001 C
b110101100 I
b100110111 H
b100111000 L
b101000010 &
1#
1+
1%
#6440000
0#
0+
0%
#6450000
b10011011 9
b100110110 ;
b11111111111111111111111111111111 P
b110101101 O
b10011011 =
b10011001 <
b11111111111111111111111111111111 N
b11010101 M
b110100101 :
0"
b110101101 K
b110101100 J
b11010110 E
b10011011 D
b11010101 G
b11010111 F
b110100100 I
b100111000 H
b10011010 /
b10011010 C
b100 4
b111000 2
b111000 8
b100111001 L
b101000011 &
1#
1+
1%
#6460000
0#
0+
0%
#6470000
b10011100 9
b10011010 <
b11111111111111111111111111111111 N
b11010111 M
b10011100 =
b100110111 ;
b11111111111111111111111111111111 P
b110101100 O
1"
b110100111 :
b11010111 G
b11010110 F
b11010010 E
b10011100 D
b110101100 K
b110100100 J
b111001 2
b111001 8
b101 4
b10011011 /
b10011011 C
b110100101 I
b100111001 H
b100111010 L
b101000100 &
1#
1+
1%
#6480000
0#
0+
0%
#6490000
b10011101 9
b100111000 ;
b11111111111111111111111111111111 P
b110100100 O
b10011101 =
b10011011 <
b11111111111111111111111111111111 N
b11010110 M
b110100110 :
0"
b110100100 K
b110100101 J
b11010011 E
b10011101 D
b11010110 G
b11010010 F
b110100111 I
b100111010 H
b10011100 /
b10011100 C
b110 4
b111010 2
b111010 8
b100111011 L
b101000101 &
1#
1+
1%
#6500000
0#
0+
0%
#6510000
b10011110 9
b10011100 <
b11111111111111111111111111111111 N
b11010010 M
b10011110 =
b100111001 ;
b11111111111111111111111111111111 P
b110100101 O
1"
b110100010 :
b11010010 G
b11010011 F
b11010001 E
b10011110 D
b110100101 K
b110100111 J
b111011 2
b111011 8
b111 4
b10011101 /
b10011101 C
b110100110 I
b100111011 H
b100111100 L
b101000110 &
1#
1+
1%
#6520000
0#
0+
0%
#6530000
b10011111 9
b100111010 ;
b11111111111111111111111111111111 P
b110100111 O
b10011111 =
b10011101 <
b11111111111111111111111111111111 N
b11010011 M
b110100011 :
0"
b110100111 K
b110100110 J
b11010000 E
b10011111 D
b11010011 G
b11010001 F
b110100010 I
b100111100 H
b10011110 /
b10011110 C
b1000 4
b111100 2
b111100 8
b100111101 L
b101000111 &
1#
1+
1%
#6540000
0#
0+
0%
#6550000
b10100000 9
b10011110 <
b11111111111111111111111111111111 N
b11010001 M
b10100000 =
b100111011 ;
b11111111111111111111111111111111 P
b110100110 O
1"
b110100001 :
b11010001 G
b11010000 F
b11110000 E
b10100000 D
b110100110 K
b110100010 J
b111101 2
b111101 8
b1001 4
b10011111 /
b10011111 C
b110100011 I
b100111101 H
b100111110 L
b101001000 &
1#
1+
1%
#6560000
0#
0+
0%
#6570000
b10100001 9
b100111100 ;
b11111111111111111111111111111111 P
b110100010 O
b10100001 =
b10011111 <
b11111111111111111111111111111111 N
b11010000 M
b110100000 :
0"
b110100010 K
b110100011 J
b11110001 E
b10100001 D
b11010000 G
b11110000 F
b110100001 I
b100111110 H
b10100000 /
b10100000 C
b1010 4
b111110 2
b111110 8
b100111111 L
b101001001 &
1#
1+
1%
#6580000
0#
0+
0%
#6590000
b10100010 9
0$
07
b10100000 <
b11111111111111111111111111111111 N
b11110000 M
b10100010 =
b100111101 ;
b11111111111111111111111111111111 P
b110100011 O
0)
1"
b111100000 :
b11110000 G
b11110001 F
b11110011 E
b10100010 D
b110100011 K
b110100001 J
b111111 2
b111111 8
0!
03
b0 4
b10100001 /
b10100001 C
b110100000 I
b100111111 H
b101000000 L
b101001010 &
1#
1+
1%
#6600000
0#
0+
0%
#6610000
b100111110 ;
b11111111111111111111111111111111 P
b110100001 O
b10100001 <
b11111111111111111111111111111111 N
b11110001 M
b111100001 :
b101000001 L
b110100001 K
b110100000 J
b11110001 G
b11110011 F
b111100000 I
b101000000 H
b1 4
b1000000 2
b1000000 8
b101001011 &
1#
1+
1%
#6620000
0#
0+
0%
#6630000
b10100010 <
b11111111111111111111111111111111 N
b11110011 M
b100111111 ;
b11111111111111111111111111111111 P
b110100000 O
b111100011 :
b101000010 L
b11110011 G
b110100000 K
b111100000 J
b1000001 2
b1000001 8
b10 4
b111100001 I
b101000001 H
b101001100 &
1#
1+
1%
#6640000
0#
0+
0%
#6650000
b101000000 ;
b11111111111111111111111111111111 P
b111100000 O
b111100010 :
b101000011 L
b111100000 K
b111100001 J
b111100011 I
b101000010 H
b11 4
b1000010 2
b1000010 8
b101001101 &
1#
1+
1%
#6660000
0#
0+
0%
#6670000
b101000001 ;
b11111111111111111111111111111111 P
b111100001 O
b111100110 :
b101000100 L
b111100001 K
b111100011 J
b1000011 2
b1000011 8
b100 4
b111100010 I
b101000011 H
b101001110 &
1#
1+
1%
#6680000
0#
0+
0%
#6690000
b101000010 ;
b11111111111111111111111111111111 P
b111100011 O
b111100111 :
b101000101 L
b111100011 K
b111100010 J
b111100110 I
b101000100 H
b101 4
b1000100 2
b1000100 8
b101001111 &
1#
1+
1%
#6700000
0#
0+
0%
#6710000
b101000011 ;
b11111111111111111111111111111111 P
b111100010 O
b111100101 :
b101000110 L
b111100010 K
b111100110 J
b1000101 2
b1000101 8
b110 4
b111100111 I
b101000101 H
b101010000 &
1#
1+
1%
#6720000
0#
0+
0%
#6730000
b101000100 ;
b11111111111111111111111111111111 P
b111100110 O
b111100100 :
b101000111 L
b111100110 K
b111100111 J
b111100101 I
b101000110 H
b111 4
b1000110 2
b1000110 8
b101010001 &
1#
1+
1%
#6740000
0#
0+
0%
#6750000
b101000101 ;
b11111111111111111111111111111111 P
b111100111 O
b111101100 :
b101001000 L
b111100111 K
b111100101 J
b1000111 2
b1000111 8
b1000 4
b111100100 I
b101000111 H
b101010010 &
1#
1+
1%
#6760000
0#
0+
0%
#6770000
b101000110 ;
b11111111111111111111111111111111 P
b111100101 O
b111101101 :
b101001001 L
b111100101 K
b111100100 J
b111101100 I
b101001000 H
b1001 4
b1001000 2
b1001000 8
b101010011 &
1#
1+
1%
#6780000
0#
0+
0%
#6790000
b101000111 ;
b11111111111111111111111111111111 P
b111100100 O
b111101111 :
b101001010 L
b111100100 K
b111101100 J
b1001001 2
b1001001 8
b1010 4
b111101101 I
b101001001 H
b101010100 &
1#
1+
1%
#6800000
0#
0+
0%
#6810000
1$
17
b101001000 ;
b11111111111111111111111111111111 P
b111101100 O
b111101110 :
b101001011 L
1)
b111101100 K
b111101101 J
b111101111 I
b101001010 H
1!
13
b0 4
b1001010 2
b1001010 8
b101010101 &
1#
1+
1%
#6820000
0#
0+
0%
#6830000
b10100011 9
b10100011 =
b101001001 ;
b11111111111111111111111111111111 P
b111101101 O
0"
b111101010 :
b11110010 E
b10100011 D
b111101101 K
b111101111 J
b1001011 2
b1001011 8
b1 4
b10100010 /
b10100010 C
b111101110 I
b101001011 H
b101001100 L
b101010110 &
1#
1+
1%
#6840000
0#
0+
0%
#6850000
b10100100 9
b101001010 ;
b11111111111111111111111111111111 P
b111101111 O
b10100100 =
b111101011 :
1"
b111101111 K
b111101110 J
b11110110 E
b10100100 D
b11110010 F
b111101010 I
b101001100 H
b10100011 /
b10100011 C
b10 4
b1001100 2
b1001100 8
b101001101 L
b101010111 &
1#
1+
1%
#6860000
0#
0+
0%
#6870000
b10100101 9
b10100011 <
b11111111111111111111111111111111 N
b11110010 M
b10100101 =
b101001011 ;
b11111111111111111111111111111111 P
b111101110 O
0"
b111101001 :
b11110010 G
b11110110 F
b11110111 E
b10100101 D
b111101110 K
b111101010 J
b1001101 2
b1001101 8
b11 4
b10100100 /
b10100100 C
b111101011 I
b101001101 H
b101001110 L
b101011000 &
1#
1+
1%
#6880000
0#
0+
0%
#6890000
b10100110 9
b101001100 ;
b11111111111111111111111111111111 P
b111101010 O
b10100110 =
b10100100 <
b11111111111111111111111111111111 N
b11110110 M
b111101000 :
1"
b111101010 K
b111101011 J
b11110101 E
b10100110 D
b11110110 G
b11110111 F
b111101001 I
b101001110 H
b10100101 /
b10100101 C
b100 4
b1001110 2
b1001110 8
b101001111 L
b101011001 &
1#
1+
1%
#6900000
0#
0+
0%
#6910000
b10100111 9
b10100101 <
b11111111111111111111111111111111 N
b11110111 M
b10100111 =
b101001101 ;
b11111111111111111111111111111111 P
b111101011 O
0"
b111111000 :
b11110111 G
b11110101 F
b11110100 E
b10100111 D
b111101011 K
b111101001 J
b1001111 2
b1001111 8
b101 4
b10100110 /
b10100110 C
b111101000 I
b101001111 H
b101010000 L
b101011010 &
1#
1+
1%
#6920000
0#
0+
0%
#6930000
b10101000 9
b101001110 ;
b11111111111111111111111111111111 P
b111101001 O
b10101000 =
b10100110 <
b11111111111111111111111111111111 N
b11110101 M
b111111001 :
1"
b111101001 K
b111101000 J
b11111100 E
b10101000 D
b11110101 G
b11110100 F
b111111000 I
b101010000 H
b10100111 /
b10100111 C
b110 4
b1010000 2
b1010000 8
b101010001 L
b101011011 &
1#
1+
1%
#6940000
0#
0+
0%
#6950000
b10101001 9
b10100111 <
b11111111111111111111111111111111 N
b11110100 M
b10101001 =
b101001111 ;
b11111111111111111111111111111111 P
b111101000 O
0"
b111111011 :
b11110100 G
b11111100 F
b11111101 E
b10101001 D
b111101000 K
b111111000 J
b1010001 2
b1010001 8
b111 4
b10101000 /
b10101000 C
b111111001 I
b101010001 H
b101010010 L
b101011100 &
1#
1+
1%
#6960000
0#
0+
0%
#6970000
b10101010 9
b101010000 ;
b11111111111111111111111111111111 P
b111111000 O
b10101010 =
b10101000 <
b11111111111111111111111111111111 N
b11111100 M
b111111010 :
1"
b111111000 K
b111111001 J
b11111111 E
b10101010 D
b11111100 G
b11111101 F
b111111011 I
b101010010 H
b10101001 /
b10101001 C
b1000 4
b1010010 2
b1010010 8
b101010011 L
b101011101 &
1#
1+
1%
#6980000
0#
0+
0%
#6990000
b10101011 9
b10101001 <
b11111111111111111111111111111111 N
b11111101 M
b10101011 =
b101010001 ;
b11111111111111111111111111111111 P
b111111001 O
0"
b111111110 :
b11111101 G
b11111111 F
b11111110 E
b10101011 D
b111111001 K
b111111011 J
b1010011 2
b1010011 8
b1001 4
b10101010 /
b10101010 C
b111111010 I
b101010011 H
b101010100 L
b101011110 &
1#
1+
1%
#7000000
0#
0+
0%
#7010000
b10101100 9
b101010010 ;
b11111111111111111111111111111111 P
b111111011 O
b10101100 =
b10101010 <
b11111111111111111111111111111111 N
b11111111 M
b111111111 :
1"
b111111011 K
b111111010 J
b11111010 E
b10101100 D
b11111111 G
b11111110 F
b111111110 I
b101010100 H
b10101011 /
b10101011 C
b1010 4
b1010100 2
b1010100 8
b101010101 L
b101011111 &
1#
1+
1%
#7020000
0#
0+
0%
#7030000
b10101101 9
0$
07
b10101011 <
b11111111111111111111111111111111 N
b11111110 M
b10101101 =
b101010011 ;
b11111111111111111111111111111111 P
b111111010 O
0)
0"
b111111101 :
b11111110 G
b11111010 F
b11111011 E
b10101101 D
b111111010 K
b111111110 J
b1010101 2
b1010101 8
0!
03
b0 4
b10101100 /
b10101100 C
b111111111 I
b101010101 H
b101010110 L
b101100000 &
1#
1+
1%
#7040000
0#
0+
0%
#7050000
b101010100 ;
b11111111111111111111111111111111 P
b111111110 O
b10101100 <
b11111111111111111111111111111111 N
b11111010 M
b111111100 :
b101010111 L
b111111110 K
b111111111 J
b11111010 G
b11111011 F
b111111101 I
b101010110 H
b1 4
b1010110 2
b1010110 8
b101100001 &
1#
1+
1%
#7060000
0#
0+
0%
#7070000
b10101101 <
b11111111111111111111111111111111 N
b11111011 M
b101010101 ;
b11111111111111111111111111111111 P
b111111111 O
b111110100 :
b101011000 L
b11111011 G
b111111111 K
b111111101 J
b1010111 2
b1010111 8
b10 4
b111111100 I
b101010111 H
b101100010 &
1#
1+
1%
#7080000
0#
0+
0%
#7090000
b101010110 ;
b11111111111111111111111111111111 P
b111111101 O
b111110101 :
b101011001 L
b111111101 K
b111111100 J
b111110100 I
b101011000 H
b11 4
b1011000 2
b1011000 8
b101100011 &
1#
1+
1%
#7100000
0#
0+
0%
#7110000
b101010111 ;
b11111111111111111111111111111111 P
b111111100 O
b111110111 :
b101011010 L
b111111100 K
b111110100 J
b1011001 2
b1011001 8
b100 4
b111110101 I
b101011001 H
b101100100 &
1#
1+
1%
#7120000
0#
0+
0%
#7130000
b101011000 ;
b11111111111111111111111111111111 P
b111110100 O
b111110110 :
b101011011 L
b111110100 K
b111110101 J
b111110111 I
b101011010 H
b101 4
b1011010 2
b1011010 8
b101100101 &
1#
1+
1%
#7140000
0#
0+
0%
#7150000
b101011001 ;
b11111111111111111111111111111111 P
b111110101 O
b111110010 :
b101011100 L
b111110101 K
b111110111 J
b1011011 2
b1011011 8
b110 4
b111110110 I
b101011011 H
b101100110 &
1#
1+
1%
#7160000
0#
0+
0%
#7170000
b101011010 ;
b11111111111111111111111111111111 P
b111110111 O
b111110011 :
b101011101 L
b111110111 K
b111110110 J
b111110010 I
b101011100 H
b111 4
b1011100 2
b1011100 8
b101100111 &
1#
1+
1%
#7180000
0#
0+
0%
#7190000
b101011011 ;
b11111111111111111111111111111111 P
b111110110 O
b111110001 :
b101011110 L
b111110110 K
b111110010 J
b1011101 2
b1011101 8
b1000 4
b111110011 I
b101011101 H
b101101000 &
1#
1+
1%
#7200000
0#
0+
0%
#7210000
b101011100 ;
b11111111111111111111111111111111 P
b111110010 O
b111110000 :
b101011111 L
b111110010 K
b111110011 J
b111110001 I
b101011110 H
b1001 4
b1011110 2
b1011110 8
b101101001 &
1#
1+
1%
#7220000
0#
0+
0%
#7230000
b101011101 ;
b11111111111111111111111111111111 P
b111110011 O
b111010000 :
b101100000 L
b111110011 K
b111110001 J
b1011111 2
b1011111 8
b1010 4
b111110000 I
b101011111 H
b101101010 &
1#
1+
1%
#7240000
0#
0+
0%
#7250000
1$
17
b101011110 ;
b11111111111111111111111111111111 P
b111110001 O
b111010001 :
b101100001 L
1)
b111110001 K
b111110000 J
b111010000 I
b101100000 H
1!
13
b0 4
b1100000 2
b1100000 8
b101101011 &
1#
1+
1%
#7260000
0#
0+
0%
#7270000
b10101110 9
b10101110 =
b101011111 ;
b11111111111111111111111111111111 P
b111110000 O
1"
b111010011 :
b11111001 E
b10101110 D
b111110000 K
b111010000 J
b1100001 2
b1100001 8
b1 4
b10101101 /
b10101101 C
b111010001 I
b101100001 H
b101100010 L
b101101100 &
1#
1+
1%
#7280000
0#
0+
0%
#7290000
b10101111 9
b101100000 ;
b11111111111111111111111111111111 P
b111010000 O
b10101111 =
b111010010 :
0"
b111010000 K
b111010001 J
b11111000 E
b10101111 D
b11111001 F
b111010011 I
b101100010 H
b10101110 /
b10101110 C
b10 4
b1100010 2
b1100010 8
b101100011 L
b101101101 &
1#
1+
1%
#7300000
0#
0+
0%
#7310000
b10110000 9
b10101110 <
b11111111111111111111111111111111 N
b11111001 M
b10110000 =
b101100001 ;
b11111111111111111111111111111111 P
b111010001 O
1"
b111010110 :
b11111001 G
b11111000 F
b11101000 E
b10110000 D
b111010001 K
b111010011 J
b1100011 2
b1100011 8
b11 4
b10101111 /
b10101111 C
b111010010 I
b101100011 H
b101100100 L
b101101110 &
1#
1+
1%
#7320000
0#
0+
0%
#7330000
b10110001 9
b101100010 ;
b11111111111111111111111111111111 P
b111010011 O
b10110001 =
b10101111 <
b11111111111111111111111111111111 N
b11111000 M
b111010111 :
0"
b111010011 K
b111010010 J
b11101001 E
b10110001 D
b11111000 G
b11101000 F
b111010110 I
b101100100 H
b10110000 /
b10110000 C
b100 4
b1100100 2
b1100100 8
b101100101 L
b101101111 &
1#
1+
1%
#7340000
0#
0+
0%
#7350000
b10110010 9
b10110000 <
b11111111111111111111111111111111 N
b11101000 M
b10110010 =
b101100011 ;
b11111111111111111111111111111111 P
b111010010 O
1"
b111010101 :
b11101000 G
b11101001 F
b11101011 E
b10110010 D
b111010010 K
b111010110 J
b1100101 2
b1100101 8
b101 4
b10110001 /
b10110001 C
b111010111 I
b101100101 H
b101100110 L
b101110000 &
1#
1+
1%
#7360000
0#
0+
0%
#7370000
b10110011 9
b101100100 ;
b11111111111111111111111111111111 P
b111010110 O
b10110011 =
b10110001 <
b11111111111111111111111111111111 N
b11101001 M
b111010100 :
0"
b111010110 K
b111010111 J
b11101010 E
b10110011 D
b11101001 G
b11101011 F
b111010101 I
b101100110 H
b10110010 /
b10110010 C
b110 4
b1100110 2
b1100110 8
b101100111 L
b101110001 &
1#
1+
1%
#7380000
0#
0+
0%
#7390000
b10110100 9
b10110010 <
b11111111111111111111111111111111 N
b11101011 M
b10110100 =
b101100101 ;
b11111111111111111111111111111111 P
b111010111 O
1"
b111011100 :
b11101011 G
b11101010 F
b11101110 E
b10110100 D
b111010111 K
b111010101 J
b1100111 2
b1100111 8
b111 4
b10110011 /
b10110011 C
b111010100 I
b101100111 H
b101101000 L
b101110010 &
1#
1+
1%
#7400000
0#
0+
0%
#7410000
b10110101 9
b101100110 ;
b11111111111111111111111111111111 P
b111010101 O
b10110101 =
b10110011 <
b11111111111111111111111111111111 N
b11101010 M
b111011101 :
0"
b111010101 K
b111010100 J
b11101111 E
b10110101 D
b11101010 G
b11101110 F
b111011100 I
b101101000 H
b10110100 /
b10110100 C
b1000 4
b1101000 2
b1101000 8
b101101001 L
b101110011 &
1#
1+
1%
#7420000
0#
0+
0%
#7430000
b10110110 9
b10110100 <
b11111111111111111111111111111111 N
b11101110 M
b10110110 =
b101100111 ;
b11111111111111111111111111111111 P
b111010100 O
1"
b111011111 :
b11101110 G
b11101111 F
b11101101 E
b10110110 D
b111010100 K
b111011100 J
b1101001 2
b1101001 8
b1001 4
b10110101 /
b10110101 C
b111011101 I
b101101001 H
b101101010 L
b101110100 &
1#
1+
1%
#7440000
0#
0+
0%
#7450000
b10110111 9
b101101000 ;
b11111111111111111111111111111111 P
b111011100 O
b10110111 =
b10110101 <
b11111111111111111111111111111111 N
b11101111 M
b111011110 :
0"
b111011100 K
b111011101 J
b11101100 E
b10110111 D
b11101111 G
b11101101 F
b111011111 I
b101101010 H
b10110110 /
b10110110 C
b1010 4
b1101010 2
b1101010 8
b101101011 L
b101110101 &
1#
1+
1%
#7460000
0#
0+
0%
#7470000
b10111000 9
0$
07
b10110110 <
b11111111111111111111111111111111 N
b11101101 M
b10111000 =
b101101001 ;
b11111111111111111111111111111111 P
b111011101 O
0)
1"
b111011010 :
b11101101 G
b11101100 F
b11100100 E
b10111000 D
b111011101 K
b111011111 J
b1101011 2
b1101011 8
0!
03
b0 4
b10110111 /
b10110111 C
b111011110 I
b101101011 H
b101101100 L
b101110110 &
1#
1+
1%
#7480000
0#
0+
0%
#7490000
b101101010 ;
b11111111111111111111111111111111 P
b111011111 O
b10110111 <
b11111111111111111111111111111111 N
b11101100 M
b111011011 :
b101101101 L
b111011111 K
b111011110 J
b11101100 G
b11100100 F
b111011010 I
b101101100 H
b1 4
b1101100 2
b1101100 8
b101110111 &
1#
1+
1%
#7500000
0#
0+
0%
#7510000
b10111000 <
b11111111111111111111111111111111 N
b11100100 M
b101101011 ;
b11111111111111111111111111111111 P
b111011110 O
b111011001 :
b101101110 L
b11100100 G
b111011110 K
b111011010 J
b1101101 2
b1101101 8
b10 4
b111011011 I
b101101101 H
b101111000 &
1#
1+
1%
#7520000
0#
0+
0%
#7530000
b101101100 ;
b11111111111111111111111111111111 P
b111011010 O
b111011000 :
b101101111 L
b111011010 K
b111011011 J
b111011001 I
b101101110 H
b11 4
b1101110 2
b1101110 8
b101111001 &
1#
1+
1%
#7540000
0#
0+
0%
#7550000
b101101101 ;
b11111111111111111111111111111111 P
b111011011 O
b111001000 :
b101110000 L
b111011011 K
b111011001 J
b1101111 2
b1101111 8
b100 4
b111011000 I
b101101111 H
b101111010 &
1#
1+
1%
#7560000
0#
0+
0%
#7570000
b101101110 ;
b11111111111111111111111111111111 P
b111011001 O
b111001001 :
b101110001 L
b111011001 K
b111011000 J
b111001000 I
b101110000 H
b101 4
b1110000 2
b1110000 8
b101111011 &
1#
1+
1%
#7580000
0#
0+
0%
#7590000
b101101111 ;
b11111111111111111111111111111111 P
b111011000 O
b111001011 :
b101110010 L
b111011000 K
b111001000 J
b1110001 2
b1110001 8
b110 4
b111001001 I
b101110001 H
b101111100 &
1#
1+
1%
#7600000
0#
0+
0%
#7610000
b101110000 ;
b11111111111111111111111111111111 P
b111001000 O
b111001010 :
b101110011 L
b111001000 K
b111001001 J
b111001011 I
b101110010 H
b111 4
b1110010 2
b1110010 8
b101111101 &
1#
1+
1%
#7620000
0#
0+
0%
#7630000
b101110001 ;
b11111111111111111111111111111111 P
b111001001 O
b111001110 :
b101110100 L
b111001001 K
b111001011 J
b1110011 2
b1110011 8
b1000 4
b111001010 I
b101110011 H
b101111110 &
1#
1+
1%
#7640000
0#
0+
0%
#7650000
b101110010 ;
b11111111111111111111111111111111 P
b111001011 O
b111001111 :
b101110101 L
b111001011 K
b111001010 J
b111001110 I
b101110100 H
b1001 4
b1110100 2
b1110100 8
b101111111 &
1#
1+
1%
#7660000
0#
0+
0%
#7670000
b101110011 ;
b11111111111111111111111111111111 P
b111001010 O
b111001101 :
b101110110 L
b111001010 K
b111001110 J
b1110101 2
b1110101 8
b1010 4
b111001111 I
b101110101 H
b110000000 &
1#
1+
1%
#7680000
0#
0+
0%
#7690000
1$
17
b101110100 ;
b11111111111111111111111111111111 P
b111001110 O
b111001100 :
b101110111 L
1)
b111001110 K
b111001111 J
b111001101 I
b101110110 H
1!
13
b0 4
b1110110 2
b1110110 8
b110000001 &
1#
1+
1%
#7700000
0#
0+
0%
#7710000
b10111001 9
b10111001 =
b101110101 ;
b11111111111111111111111111111111 P
b111001111 O
0"
b111000100 :
b11100101 E
b10111001 D
b111001111 K
b111001101 J
b1110111 2
b1110111 8
b1 4
b10111000 /
b10111000 C
b111001100 I
b101110111 H
b101111000 L
b110000010 &
1#
1+
1%
#7720000
0#
0+
0%
#7730000
b10111010 9
b101110110 ;
b11111111111111111111111111111111 P
b111001101 O
b10111010 =
b111000101 :
1"
b111001101 K
b111001100 J
b11100111 E
b10111010 D
b11100101 F
b111000100 I
b101111000 H
b10111001 /
b10111001 C
b10 4
b1111000 2
b1111000 8
b101111001 L
b110000011 &
1#
1+
1%
#7740000
0#
0+
0%
#7750000
b10111011 9
b10111001 <
b11111111111111111111111111111111 N
b11100101 M
b10111011 =
b101110111 ;
b11111111111111111111111111111111 P
b111001100 O
0"
b111000111 :
b11100101 G
b11100111 F
b11100110 E
b10111011 D
b111001100 K
b111000100 J
b1111001 2
b1111001 8
b11 4
b10111010 /
b10111010 C
b111000101 I
b101111001 H
b101111010 L
b110000100 &
1#
1+
1%
#7760000
0#
0+
0%
#7770000
b10111100 9
b101111000 ;
b11111111111111111111111111111111 P
b111000100 O
b10111100 =
b10111010 <
b11111111111111111111111111111111 N
b11100111 M
b111000110 :
1"
b111000100 K
b111000101 J
b11100010 E
b10111100 D
b11100111 G
b11100110 F
b111000111 I
b101111010 H
b10111011 /
b10111011 C
b100 4
b1111010 2
b1111010 8
b101111011 L
b110000101 &
1#
1+
1%
#7780000
0#
0+
0%
#7790000
b10111101 9
b10111011 <
b11111111111111111111111111111111 N
b11100110 M
b10111101 =
b101111001 ;
b11111111111111111111111111111111 P
b111000101 O
0"
b111000010 :
b11100110 G
b11100010 F
b11100011 E
b10111101 D
b111000101 K
b111000111 J
b1111011 2
b1111011 8
b101 4
b10111100 /
b10111100 C
b111000110 I
b101111011 H
b101111100 L
b110000110 &
1#
1+
1%
#7800000
0#
0+
0%
#7810000
b10111110 9
b101111010 ;
b11111111111111111111111111111111 P
b111000111 O
b10111110 =
b10111100 <
b11111111111111111111111111111111 N
b11100010 M
b111000011 :
1"
b111000111 K
b111000110 J
b11100001 E
b10111110 D
b11100010 G
b11100011 F
b111000010 I
b101111100 H
b10111101 /
b10111101 C
b110 4
b1111100 2
b1111100 8
b101111101 L
b110000111 &
1#
1+
1%
#7820000
0#
0+
0%
#7830000
b10111111 9
b10111101 <
b11111111111111111111111111111111 N
b11100011 M
b10111111 =
b101111011 ;
b11111111111111111111111111111111 P
b111000110 O
0"
b111000001 :
b11100011 G
b11100001 F
b11100000 E
b10111111 D
b111000110 K
b111000010 J
b1111101 2
b1111101 8
b111 4
b10111110 /
b10111110 C
b111000011 I
b101111101 H
b101111110 L
b110001000 &
1#
1+
1%
#7840000
0#
0+
0%
#7850000
b11000000 9
b101111100 ;
b11111111111111111111111111111111 P
b111000010 O
b11000000 =
b10111110 <
b11111111111111111111111111111111 N
b11100001 M
b111000000 :
1"
b111000010 K
b111000011 J
b10100000 E
b11000000 D
b11100001 G
b11100000 F
b111000001 I
b101111110 H
b10111111 /
b10111111 C
b1000 4
b1111110 2
b1111110 8
b101111111 L
b110001001 &
1#
1+
1%
#7860000
0#
0+
0%
#7870000
b11000001 9
b10111111 <
b11111111111111111111111111111111 N
b11100000 M
b11000001 =
b101111101 ;
b11111111111111111111111111111111 P
b111000011 O
0"
b101000000 :
b11100000 G
b10100000 F
b10100001 E
b11000001 D
b111000011 K
b111000001 J
b1111111 2
b1111111 8
b1001 4
b11000000 /
b11000000 C
b111000000 I
b101111111 H
b110000000 L
b110001010 &
1#
1+
1%
#7880000
0#
0+
0%
#7890000
b11000010 9
b101111110 ;
b11111111111111111111111111111111 P
b111000001 O
b11000010 =
b11000000 <
b11111111111111111111111111111111 N
b10100000 M
b101000001 :
1"
b111000001 K
b111000000 J
b10100011 E
b11000010 D
b10100000 G
b10100001 F
b101000000 I
b110000000 H
b11000001 /
b11000001 C
b1010 4
b10000000 2
b10000000 8
b110000001 L
b110001011 &
1#
1+
1%
#7900000
0#
0+
0%
#7910000
b11000011 9
0$
07
b11000001 <
b11111111111111111111111111111111 N
b10100001 M
b11000011 =
b101111111 ;
b11111111111111111111111111111111 P
b111000000 O
0)
0"
b101000011 :
b10100001 G
b10100011 F
b10100010 E
b11000011 D
b111000000 K
b101000000 J
b10000001 2
b10000001 8
0!
03
b0 4
b11000010 /
b11000010 C
b101000001 I
b110000001 H
b110000010 L
b110001100 &
1#
1+
1%
#7920000
0#
0+
0%
#7930000
b110000000 ;
b11111111111111111111111111111111 P
b101000000 O
b11000010 <
b11111111111111111111111111111111 N
b10100011 M
b101000010 :
b110000011 L
b101000000 K
b101000001 J
b10100011 G
b10100010 F
b101000011 I
b110000010 H
b1 4
b10000010 2
b10000010 8
b110001101 &
1#
1+
1%
#7940000
0#
0+
0%
#7950000
b11000011 <
b11111111111111111111111111111111 N
b10100010 M
b110000001 ;
b11111111111111111111111111111111 P
b101000001 O
b101000110 :
b110000100 L
b10100010 G
b101000001 K
b101000011 J
b10000011 2
b10000011 8
b10 4
b101000010 I
b110000011 H
b110001110 &
1#
1+
1%
#7960000
0#
0+
0%
#7970000
b110000010 ;
b11111111111111111111111111111111 P
b101000011 O
b101000111 :
b110000101 L
b101000011 K
b101000010 J
b101000110 I
b110000100 H
b11 4
b10000100 2
b10000100 8
b110001111 &
1#
1+
1%
#7980000
0#
0+
0%
#7990000
b110000011 ;
b11111111111111111111111111111111 P
b101000010 O
b101000101 :
b110000110 L
b101000010 K
b101000110 J
b10000101 2
b10000101 8
b100 4
b101000111 I
b110000101 H
b110010000 &
1#
1+
1%
#8000000
0#
0+
0%
#8010000
b110000100 ;
b11111111111111111111111111111111 P
b101000110 O
b101000100 :
b110000111 L
b101000110 K
b101000111 J
b101000101 I
b110000110 H
b101 4
b10000110 2
b10000110 8
b110010001 &
1#
1+
1%
#8020000
0#
0+
0%
#8030000
b110000101 ;
b11111111111111111111111111111111 P
b101000111 O
b101001100 :
b110001000 L
b101000111 K
b101000101 J
b10000111 2
b10000111 8
b110 4
b101000100 I
b110000111 H
b110010010 &
1#
1+
1%
#8040000
0#
0+
0%
#8050000
b110000110 ;
b11111111111111111111111111111111 P
b101000101 O
b101001101 :
b110001001 L
b101000101 K
b101000100 J
b101001100 I
b110001000 H
b111 4
b10001000 2
b10001000 8
b110010011 &
1#
1+
1%
#8060000
0#
0+
0%
#8070000
b110000111 ;
b11111111111111111111111111111111 P
b101000100 O
b101001111 :
b110001010 L
b101000100 K
b101001100 J
b10001001 2
b10001001 8
b1000 4
b101001101 I
b110001001 H
b110010100 &
1#
1+
1%
#8080000
0#
0+
0%
#8090000
b110001000 ;
b11111111111111111111111111111111 P
b101001100 O
b101001110 :
b110001011 L
b101001100 K
b101001101 J
b101001111 I
b110001010 H
b1001 4
b10001010 2
b10001010 8
b110010101 &
1#
1+
1%
#8100000
0#
0+
0%
#8110000
b110001001 ;
b11111111111111111111111111111111 P
b101001101 O
b101001010 :
b110001100 L
b101001101 K
b101001111 J
b10001011 2
b10001011 8
b1010 4
b101001110 I
b110001011 H
b110010110 &
1#
1+
1%
#8120000
0#
0+
0%
#8130000
1$
17
b110001010 ;
b11111111111111111111111111111111 P
b101001111 O
b101001011 :
b110001101 L
1)
b101001111 K
b101001110 J
b101001010 I
b110001100 H
1!
13
b0 4
b10001100 2
b10001100 8
b110010111 &
1#
1+
1%
#8140000
0#
0+
0%
#8150000
b11000100 9
b11000100 =
b110001011 ;
b11111111111111111111111111111111 P
b101001110 O
1"
b101001001 :
b10100110 E
b11000100 D
b101001110 K
b101001010 J
b10001101 2
b10001101 8
b1 4
b11000011 /
b11000011 C
b101001011 I
b110001101 H
b110001110 L
b110011000 &
1#
1+
1%
#8160000
0#
0+
0%
#8170000
b11000101 9
b110001100 ;
b11111111111111111111111111111111 P
b101001010 O
b11000101 =
b101001000 :
0"
b101001010 K
b101001011 J
b10100111 E
b11000101 D
b10100110 F
b101001001 I
b110001110 H
b11000100 /
b11000100 C
b10 4
b10001110 2
b10001110 8
b110001111 L
b110011001 &
1#
1+
1%
#8180000
0#
0+
0%
#8190000
b11000110 9
b11000100 <
b11111111111111111111111111111111 N
b10100110 M
b11000110 =
b110001101 ;
b11111111111111111111111111111111 P
b101001011 O
1"
b101011000 :
b10100110 G
b10100111 F
b10100101 E
b11000110 D
b101001011 K
b101001001 J
b10001111 2
b10001111 8
b11 4
b11000101 /
b11000101 C
b101001000 I
b110001111 H
b110010000 L
b110011010 &
1#
1+
1%
#8200000
0#
0+
0%
#8210000
b11000111 9
b110001110 ;
b11111111111111111111111111111111 P
b101001001 O
b11000111 =
b11000101 <
b11111111111111111111111111111111 N
b10100111 M
b101011001 :
0"
b101001001 K
b101001000 J
b10100100 E
b11000111 D
b10100111 G
b10100101 F
b101011000 I
b110010000 H
b11000110 /
b11000110 C
b100 4
b10010000 2
b10010000 8
b110010001 L
b110011011 &
1#
1+
1%
#8220000
0#
0+
0%
#8230000
b11001000 9
b11000110 <
b11111111111111111111111111111111 N
b10100101 M
b11001000 =
b110001111 ;
b11111111111111111111111111111111 P
b101001000 O
1"
b101011011 :
b10100101 G
b10100100 F
b10101100 E
b11001000 D
b101001000 K
b101011000 J
b10010001 2
b10010001 8
b101 4
b11000111 /
b11000111 C
b101011001 I
b110010001 H
b110010010 L
b110011100 &
1#
1+
1%
#8240000
0#
0+
0%
#8250000
b11001001 9
b110010000 ;
b11111111111111111111111111111111 P
b101011000 O
b11001001 =
b11000111 <
b11111111111111111111111111111111 N
b10100100 M
b101011010 :
0"
b101011000 K
b101011001 J
b10101101 E
b11001001 D
b10100100 G
b10101100 F
b101011011 I
b110010010 H
b11001000 /
b11001000 C
b110 4
b10010010 2
b10010010 8
b110010011 L
b110011101 &
1#
1+
1%
#8260000
0#
0+
0%
#8270000
b11001010 9
b11001000 <
b11111111111111111111111111111111 N
b10101100 M
b11001010 =
b110010001 ;
b11111111111111111111111111111111 P
b101011001 O
1"
b101011110 :
b10101100 G
b10101101 F
b10101111 E
b11001010 D
b101011001 K
b101011011 J
b10010011 2
b10010011 8
b111 4
b11001001 /
b11001001 C
b101011010 I
b110010011 H
b110010100 L
b110011110 &
1#
1+
1%
#8280000
0#
0+
0%
#8290000
b11001011 9
b110010010 ;
b11111111111111111111111111111111 P
b101011011 O
b11001011 =
b11001001 <
b11111111111111111111111111111111 N
b10101101 M
b101011111 :
0"
b101011011 K
b101011010 J
b10101110 E
b11001011 D
b10101101 G
b10101111 F
b101011110 I
b110010100 H
b11001010 /
b11001010 C
b1000 4
b10010100 2
b10010100 8
b110010101 L
b110011111 &
1#
1+
1%
#8300000
0#
0+
0%
#8310000
b11001100 9
b11001010 <
b11111111111111111111111111111111 N
b10101111 M
b11001100 =
b110010011 ;
b11111111111111111111111111111111 P
b101011010 O
1"
b101011101 :
b10101111 G
b10101110 F
b10101010 E
b11001100 D
b101011010 K
b101011110 J
b10010101 2
b10010101 8
b1001 4
b11001011 /
b11001011 C
b101011111 I
b110010101 H
b110010110 L
b110100000 &
1#
1+
1%
#8320000
0#
0+
0%
#8330000
b11001101 9
b110010100 ;
b11111111111111111111111111111111 P
b101011110 O
b11001101 =
b11001011 <
b11111111111111111111111111111111 N
b10101110 M
b101011100 :
0"
b101011110 K
b101011111 J
b10101011 E
b11001101 D
b10101110 G
b10101010 F
b101011101 I
b110010110 H
b11001100 /
b11001100 C
b1010 4
b10010110 2
b10010110 8
b110010111 L
b110100001 &
1#
1+
1%
#8340000
0#
0+
0%
#8350000
b11001110 9
0$
07
b11001100 <
b11111111111111111111111111111111 N
b10101010 M
b11001110 =
b110010101 ;
b11111111111111111111111111111111 P
b101011111 O
0)
1"
b101010100 :
b10101010 G
b10101011 F
b10101001 E
b11001110 D
b101011111 K
b101011101 J
b10010111 2
b10010111 8
0!
03
b0 4
b11001101 /
b11001101 C
b101011100 I
b110010111 H
b110011000 L
b110100010 &
1#
1+
1%
#8360000
0#
0+
0%
#8370000
b110010110 ;
b11111111111111111111111111111111 P
b101011101 O
b11001101 <
b11111111111111111111111111111111 N
b10101011 M
b101010101 :
b110011001 L
b101011101 K
b101011100 J
b10101011 G
b10101001 F
b101010100 I
b110011000 H
b1 4
b10011000 2
b10011000 8
b110100011 &
1#
1+
1%
#8380000
0#
0+
0%
#8390000
b11001110 <
b11111111111111111111111111111111 N
b10101001 M
b110010111 ;
b11111111111111111111111111111111 P
b101011100 O
b101010111 :
b110011010 L
b10101001 G
b101011100 K
b101010100 J
b10011001 2
b10011001 8
b10 4
b101010101 I
b110011001 H
b110100100 &
1#
1+
1%
#8400000
0#
0+
0%
#8410000
b110011000 ;
b11111111111111111111111111111111 P
b101010100 O
b101010110 :
b110011011 L
b101010100 K
b101010101 J
b101010111 I
b110011010 H
b11 4
b10011010 2
b10011010 8
b110100101 &
1#
1+
1%
#8420000
0#
0+
0%
#8430000
b110011001 ;
b11111111111111111111111111111111 P
b101010101 O
b101010010 :
b110011100 L
b101010101 K
b101010111 J
b10011011 2
b10011011 8
b100 4
b101010110 I
b110011011 H
b110100110 &
1#
1+
1%
#8440000
0#
0+
0%
#8450000
b110011010 ;
b11111111111111111111111111111111 P
b101010111 O
b101010011 :
b110011101 L
b101010111 K
b101010110 J
b101010010 I
b110011100 H
b101 4
b10011100 2
b10011100 8
b110100111 &
1#
1+
1%
#8460000
0#
0+
0%
#8470000
b110011011 ;
b11111111111111111111111111111111 P
b101010110 O
b101010001 :
b110011110 L
b101010110 K
b101010010 J
b10011101 2
b10011101 8
b110 4
b101010011 I
b110011101 H
b110101000 &
1#
1+
1%
#8480000
0#
0+
0%
#8490000
b110011100 ;
b11111111111111111111111111111111 P
b101010010 O
b101010000 :
b110011111 L
b101010010 K
b101010011 J
b101010001 I
b110011110 H
b111 4
b10011110 2
b10011110 8
b110101001 &
1#
1+
1%
#8500000
0#
0+
0%
#8510000
b110011101 ;
b11111111111111111111111111111111 P
b101010011 O
b101110000 :
b110100000 L
b101010011 K
b101010001 J
b10011111 2
b10011111 8
b1000 4
b101010000 I
b110011111 H
b110101010 &
1#
1+
1%
#8520000
0#
0+
0%
#8530000
b110011110 ;
b11111111111111111111111111111111 P
b101010001 O
b101110001 :
b110100001 L
b101010001 K
b101010000 J
b101110000 I
b110100000 H
b1001 4
b10100000 2
b10100000 8
b110101011 &
1#
1+
1%
#8540000
0#
0+
0%
#8550000
b110011111 ;
b11111111111111111111111111111111 P
b101010000 O
b101110011 :
b110100010 L
b101010000 K
b101110000 J
b10100001 2
b10100001 8
b1010 4
b101110001 I
b110100001 H
b110101100 &
1#
1+
1%
#8560000
0#
0+
0%
#8570000
1$
17
b110100000 ;
b11111111111111111111111111111111 P
b101110000 O
b101110010 :
b110100011 L
1)
b101110000 K
b101110001 J
b101110011 I
b110100010 H
1!
13
b0 4
b10100010 2
b10100010 8
b110101101 &
1#
1+
1%
#8580000
0#
0+
0%
#8590000
b11001111 9
b11001111 =
b110100001 ;
b11111111111111111111111111111111 P
b101110001 O
0"
b101110110 :
b10101000 E
b11001111 D
b101110001 K
b101110011 J
b10100011 2
b10100011 8
b1 4
b11001110 /
b11001110 C
b101110010 I
b110100011 H
b110100100 L
b110101110 &
1#
1+
1%
#8600000
0#
0+
0%
#8610000
b11010000 9
b110100010 ;
b11111111111111111111111111111111 P
b101110011 O
b11010000 =
b101110111 :
1"
b101110011 K
b101110010 J
b10111000 E
b11010000 D
b10101000 F
b101110110 I
b110100100 H
b11001111 /
b11001111 C
b10 4
b10100100 2
b10100100 8
b110100101 L
b110101111 &
1#
1+
1%
#8620000
0#
0+
0%
#8630000
b11010001 9
b11001111 <
b11111111111111111111111111111111 N
b10101000 M
b11010001 =
b110100011 ;
b11111111111111111111111111111111 P
b101110010 O
0"
b101110101 :
b10101000 G
b10111000 F
b10111001 E
b11010001 D
b101110010 K
b101110110 J
b10100101 2
b10100101 8
b11 4
b11010000 /
b11010000 C
b101110111 I
b110100101 H
b110100110 L
b110110000 &
1#
1+
1%
#8640000
0#
0+
0%
#8650000
b11010010 9
b110100100 ;
b11111111111111111111111111111111 P
b101110110 O
b11010010 =
b11010000 <
b11111111111111111111111111111111 N
b10111000 M
b101110100 :
1"
b101110110 K
b101110111 J
b10111011 E
b11010010 D
b10111000 G
b10111001 F
b101110101 I
b110100110 H
b11010001 /
b11010001 C
b100 4
b10100110 2
b10100110 8
b110100111 L
b110110001 &
1#
1+
1%
#8660000
0#
0+
0%
#8670000
b11010011 9
b11010001 <
b11111111111111111111111111111111 N
b10111001 M
b11010011 =
b110100101 ;
b11111111111111111111111111111111 P
b101110111 O
0"
b101111100 :
b10111001 G
b10111011 F
b10111010 E
b11010011 D
b101110111 K
b101110101 J
b10100111 2
b10100111 8
b101 4
b11010010 /
b11010010 C
b101110100 I
b110100111 H
b110101000 L
b110110010 &
1#
1+
1%
#8680000
0#
0+
0%
#8690000
b11010100 9
b110100110 ;
b11111111111111111111111111111111 P
b101110101 O
b11010100 =
b11010010 <
b11111111111111111111111111111111 N
b10111011 M
b101111101 :
1"
b101110101 K
b101110100 J
b10111110 E
b11010100 D
b10111011 G
b10111010 F
b101111100 I
b110101000 H
b11010011 /
b11010011 C
b110 4
b10101000 2
b10101000 8
b110101001 L
b110110011 &
1#
1+
1%
#8700000
0#
0+
0%
#8710000
b11010101 9
b11010011 <
b11111111111111111111111111111111 N
b10111010 M
b11010101 =
b110100111 ;
b11111111111111111111111111111111 P
b101110100 O
0"
b101111111 :
b10111010 G
b10111110 F
b10111111 E
b11010101 D
b101110100 K
b101111100 J
b10101001 2
b10101001 8
b111 4
b11010100 /
b11010100 C
b101111101 I
b110101001 H
b110101010 L
b110110100 &
1#
1+
1%
#8720000
0#
0+
0%
#8730000
b11010110 9
b110101000 ;
b11111111111111111111111111111111 P
b101111100 O
b11010110 =
b11010100 <
b11111111111111111111111111111111 N
b10111110 M
b101111110 :
1"
b101111100 K
b101111101 J
b10111101 E
b11010110 D
b10111110 G
b10111111 F
b101111111 I
b110101010 H
b11010101 /
b11010101 C
b1000 4
b10101010 2
b10101010 8
b110101011 L
b110110101 &
1#
1+
1%
#8740000
0#
0+
0%
#8750000
b11010111 9
b11010101 <
b11111111111111111111111111111111 N
b10111111 M
b11010111 =
b110101001 ;
b11111111111111111111111111111111 P
b101111101 O
0"
b101111010 :
b10111111 G
b10111101 F
b10111100 E
b11010111 D
b101111101 K
b101111111 J
b10101011 2
b10101011 8
b1001 4
b11010110 /
b11010110 C
b101111110 I
b110101011 H
b110101100 L
b110110110 &
1#
1+
1%
#8760000
0#
0+
0%
#8770000
b11011000 9
b110101010 ;
b11111111111111111111111111111111 P
b101111111 O
b11011000 =
b11010110 <
b11111111111111111111111111111111 N
b10111101 M
b101111011 :
1"
b101111111 K
b101111110 J
b10110100 E
b11011000 D
b10111101 G
b10111100 F
b101111010 I
b110101100 H
b11010111 /
b11010111 C
b1010 4
b10101100 2
b10101100 8
b110101101 L
b110110111 &
1#
1+
1%
#8780000
0#
0+
0%
#8790000
b11011001 9
0$
07
b11010111 <
b11111111111111111111111111111111 N
b10111100 M
b11011001 =
b110101011 ;
b11111111111111111111111111111111 P
b101111110 O
0)
0"
b101111001 :
b10111100 G
b10110100 F
b10110101 E
b11011001 D
b101111110 K
b101111010 J
b10101101 2
b10101101 8
0!
03
b0 4
b11011000 /
b11011000 C
b101111011 I
b110101101 H
b110101110 L
b110111000 &
1#
1+
1%
#8800000
0#
0+
0%
#8810000
b110101100 ;
b11111111111111111111111111111111 P
b101111010 O
b11011000 <
b11111111111111111111111111111111 N
b10110100 M
b101111000 :
b110101111 L
b101111010 K
b101111011 J
b10110100 G
b10110101 F
b101111001 I
b110101110 H
b1 4
b10101110 2
b10101110 8
b110111001 &
1#
1+
1%
#8820000
0#
0+
0%
#8830000
b11011001 <
b11111111111111111111111111111111 N
b10110101 M
b110101101 ;
b11111111111111111111111111111111 P
b101111011 O
b101101000 :
b110110000 L
b10110101 G
b101111011 K
b101111001 J
b10101111 2
b10101111 8
b10 4
b101111000 I
b110101111 H
b110111010 &
1#
1+
1%
#8840000
0#
0+
0%
#8850000
b110101110 ;
b11111111111111111111111111111111 P
b101111001 O
b101101001 :
b110110001 L
b101111001 K
b101111000 J
b101101000 I
b110110000 H
b11 4
b10110000 2
b10110000 8
b110111011 &
1#
1+
1%
#8860000
0#
0+
0%
#8870000
b110101111 ;
b11111111111111111111111111111111 P
b101111000 O
b101101011 :
b110110010 L
b101111000 K
b101101000 J
b10110001 2
b10110001 8
b100 4
b101101001 I
b110110001 H
b110111100 &
1#
1+
1%
#8880000
0#
0+
0%
#8890000
b110110000 ;
b11111111111111111111111111111111 P
b101101000 O
b101101010 :
b110110011 L
b101101000 K
b101101001 J
b101101011 I
b110110010 H
b101 4
b10110010 2
b10110010 8
b110111101 &
1#
1+
1%
#8900000
0#
0+
0%
#8910000
b110110001 ;
b11111111111111111111111111111111 P
b101101001 O
b101101110 :
b110110100 L
b101101001 K
b101101011 J
b10110011 2
b10110011 8
b110 4
b101101010 I
b110110011 H
b110111110 &
1#
1+
1%
#8920000
0#
0+
0%
#8930000
b110110010 ;
b11111111111111111111111111111111 P
b101101011 O
b101101111 :
b110110101 L
b101101011 K
b101101010 J
b101101110 I
b110110100 H
b111 4
b10110100 2
b10110100 8
b110111111 &
1#
1+
1%
#8940000
0#
0+
0%
#8950000
b110110011 ;
b11111111111111111111111111111111 P
b101101010 O
b101101101 :
b110110110 L
b101101010 K
b101101110 J
b10110101 2
b10110101 8
b1000 4
b101101111 I
b110110101 H
b111000000 &
1#
1+
1%
#8960000
0#
0+
0%
#8970000
b110110100 ;
b11111111111111111111111111111111 P
b101101110 O
b101101100 :
b110110111 L
b101101110 K
b101101111 J
b101101101 I
b110110110 H
b1001 4
b10110110 2
b10110110 8
b111000001 &
1#
1+
1%
#8980000
0#
0+
0%
#8990000
b110110101 ;
b11111111111111111111111111111111 P
b101101111 O
b101100100 :
b110111000 L
b101101111 K
b101101101 J
b10110111 2
b10110111 8
b1010 4
b101101100 I
b110110111 H
b111000010 &
1#
1+
1%
#9000000
0#
0+
0%
#9010000
1$
17
b110110110 ;
b11111111111111111111111111111111 P
b101101101 O
b101100101 :
b110111001 L
1)
b101101101 K
b101101100 J
b101100100 I
b110111000 H
1!
13
b0 4
b10111000 2
b10111000 8
b111000011 &
1#
1+
1%
#9020000
0#
0+
0%
#9030000
b11011010 9
b11011010 =
b110110111 ;
b11111111111111111111111111111111 P
b101101100 O
1"
b101100111 :
b10110111 E
b11011010 D
b101101100 K
b101100100 J
b10111001 2
b10111001 8
b1 4
b11011001 /
b11011001 C
b101100101 I
b110111001 H
b110111010 L
b111000100 &
1#
1+
1%
#9040000
0#
0+
0%
#9050000
b11011011 9
b110111000 ;
b11111111111111111111111111111111 P
b101100100 O
b11011011 =
b101100110 :
0"
b101100100 K
b101100101 J
b10110110 E
b11011011 D
b10110111 F
b101100111 I
b110111010 H
b11011010 /
b11011010 C
b10 4
b10111010 2
b10111010 8
b110111011 L
b111000101 &
1#
1+
1%
#9060000
0#
0+
0%
#9070000
b11011100 9
b11011010 <
b11111111111111111111111111111111 N
b10110111 M
b11011100 =
b110111001 ;
b11111111111111111111111111111111 P
b101100101 O
1"
b101100010 :
b10110111 G
b10110110 F
b10110010 E
b11011100 D
b101100101 K
b101100111 J
b10111011 2
b10111011 8
b11 4
b11011011 /
b11011011 C
b101100110 I
b110111011 H
b110111100 L
b111000110 &
1#
1+
1%
#9080000
0#
0+
0%
#9090000
b11011101 9
b110111010 ;
b11111111111111111111111111111111 P
b101100111 O
b11011101 =
b11011011 <
b11111111111111111111111111111111 N
b10110110 M
b101100011 :
0"
b101100111 K
b101100110 J
b10110011 E
b11011101 D
b10110110 G
b10110010 F
b101100010 I
b110111100 H
b11011100 /
b11011100 C
b100 4
b10111100 2
b10111100 8
b110111101 L
b111000111 &
1#
1+
1%
#9100000
0#
0+
0%
#9110000
b11011110 9
b11011100 <
b11111111111111111111111111111111 N
b10110010 M
b11011110 =
b110111011 ;
b11111111111111111111111111111111 P
b101100110 O
1"
b101100001 :
b10110010 G
b10110011 F
b10110001 E
b11011110 D
b101100110 K
b101100010 J
b10111101 2
b10111101 8
b101 4
b11011101 /
b11011101 C
b101100011 I
b110111101 H
b110111110 L
b111001000 &
1#
1+
1%
#9120000
0#
0+
0%
#9130000
b11011111 9
b110111100 ;
b11111111111111111111111111111111 P
b101100010 O
b11011111 =
b11011101 <
b11111111111111111111111111111111 N
b10110011 M
b101100000 :
0"
b101100010 K
b101100011 J
b10110000 E
b11011111 D
b10110011 G
b10110001 F
b101100001 I
b110111110 H
b11011110 /
b11011110 C
b110 4
b10111110 2
b10111110 8
b110111111 L
b111001001 &
1#
1+
1%
#9140000
0#
0+
0%
#9150000
b11100000 9
b11011110 <
b11111111111111111111111111111111 N
b10110001 M
b11100000 =
b110111101 ;
b11111111111111111111111111111111 P
b101100011 O
1"
b100100000 :
b10110001 G
b10110000 F
b10010000 E
b11100000 D
b101100011 K
b101100001 J
b10111111 2
b10111111 8
b111 4
b11011111 /
b11011111 C
b101100000 I
b110111111 H
b111000000 L
b111001010 &
1#
1+
1%
#9160000
0#
0+
0%
#9170000
b11100001 9
b110111110 ;
b11111111111111111111111111111111 P
b101100001 O
b11100001 =
b11011111 <
b11111111111111111111111111111111 N
b10110000 M
b100100001 :
0"
b101100001 K
b101100000 J
b10010001 E
b11100001 D
b10110000 G
b10010000 F
b100100000 I
b111000000 H
b11100000 /
b11100000 C
b1000 4
b11000000 2
b11000000 8
b111000001 L
b111001011 &
1#
1+
1%
#9180000
0#
0+
0%
#9190000
b11100010 9
b11100000 <
b11111111111111111111111111111111 N
b10010000 M
b11100010 =
b110111111 ;
b11111111111111111111111111111111 P
b101100000 O
1"
b100100011 :
b10010000 G
b10010001 F
b10010011 E
b11100010 D
b101100000 K
b100100000 J
b11000001 2
b11000001 8
b1001 4
b11100001 /
b11100001 C
b100100001 I
b111000001 H
b111000010 L
b111001100 &
1#
1+
1%
#9200000
0#
0+
0%
#9210000
b11100011 9
b111000000 ;
b11111111111111111111111111111111 P
b100100000 O
b11100011 =
b11100001 <
b11111111111111111111111111111111 N
b10010001 M
b100100010 :
0"
b100100000 K
b100100001 J
b10010010 E
b11100011 D
b10010001 G
b10010011 F
b100100011 I
b111000010 H
b11100010 /
b11100010 C
b1010 4
b11000010 2
b11000010 8
b111000011 L
b111001101 &
1#
1+
1%
#9220000
0#
0+
0%
#9230000
b11100100 9
0$
07
b11100010 <
b11111111111111111111111111111111 N
b10010011 M
b11100100 =
b111000001 ;
b11111111111111111111111111111111 P
b100100001 O
0)
1"
b100100110 :
b10010011 G
b10010010 F
b10010110 E
b11100100 D
b100100001 K
b100100011 J
b11000011 2
b11000011 8
0!
03
b0 4
b11100011 /
b11100011 C
b100100010 I
b111000011 H
b111000100 L
b111001110 &
1#
1+
1%
#9240000
0#
0+
0%
#9250000
b111000010 ;
b11111111111111111111111111111111 P
b100100011 O
b11100011 <
b11111111111111111111111111111111 N
b10010010 M
b100100111 :
b111000101 L
b100100011 K
b100100010 J
b10010010 G
b10010110 F
b100100110 I
b111000100 H
b1 4
b11000100 2
b11000100 8
b111001111 &
1#
1+
1%
#9260000
0#
0+
0%
#9270000
b11100100 <
b11111111111111111111111111111111 N
b10010110 M
b111000011 ;
b11111111111111111111111111111111 P
b100100010 O
b100100101 :
b111000110 L
b10010110 G
b100100010 K
b100100110 J
b11000101 2
b11000101 8
b10 4
b100100111 I
b111000101 H
b111010000 &
1#
1+
1%
#9280000
0#
0+
0%
#9290000
b111000100 ;
b11111111111111111111111111111111 P
b100100110 O
b100100100 :
b111000111 L
b100100110 K
b100100111 J
b100100101 I
b111000110 H
b11 4
b11000110 2
b11000110 8
b111010001 &
1#
1+
1%
#9300000
0#
0+
0%
#9310000
b111000101 ;
b11111111111111111111111111111111 P
b100100111 O
b100101100 :
b111001000 L
b100100111 K
b100100101 J
b11000111 2
b11000111 8
b100 4
b100100100 I
b111000111 H
b111010010 &
1#
1+
1%
#9320000
0#
0+
0%
#9330000
b111000110 ;
b11111111111111111111111111111111 P
b100100101 O
b100101101 :
b111001001 L
b100100101 K
b100100100 J
b100101100 I
b111001000 H
b101 4
b11001000 2
b11001000 8
b111010011 &
1#
1+
1%
#9340000
0#
0+
0%
#9350000
b111000111 ;
b11111111111111111111111111111111 P
b100100100 O
b100101111 :
b111001010 L
b100100100 K
b100101100 J
b11001001 2
b11001001 8
b110 4
b100101101 I
b111001001 H
b111010100 &
1#
1+
1%
#9360000
0#
0+
0%
#9370000
b111001000 ;
b11111111111111111111111111111111 P
b100101100 O
b100101110 :
b111001011 L
b100101100 K
b100101101 J
b100101111 I
b111001010 H
b111 4
b11001010 2
b11001010 8
b111010101 &
1#
1+
1%
#9380000
0#
0+
0%
#9390000
b111001001 ;
b11111111111111111111111111111111 P
b100101101 O
b100101010 :
b111001100 L
b100101101 K
b100101111 J
b11001011 2
b11001011 8
b1000 4
b100101110 I
b111001011 H
b111010110 &
1#
1+
1%
#9400000
0#
0+
0%
#9410000
b111001010 ;
b11111111111111111111111111111111 P
b100101111 O
b100101011 :
b111001101 L
b100101111 K
b100101110 J
b100101010 I
b111001100 H
b1001 4
b11001100 2
b11001100 8
b111010111 &
1#
1+
1%
#9420000
0#
0+
0%
#9430000
b111001011 ;
b11111111111111111111111111111111 P
b100101110 O
b100101001 :
b111001110 L
b100101110 K
b100101010 J
b11001101 2
b11001101 8
b1010 4
b100101011 I
b111001101 H
b111011000 &
1#
1+
1%
#9440000
0#
0+
0%
#9450000
1$
17
b111001100 ;
b11111111111111111111111111111111 P
b100101010 O
b100101000 :
b111001111 L
1)
b100101010 K
b100101011 J
b100101001 I
b111001110 H
1!
13
b0 4
b11001110 2
b11001110 8
b111011001 &
1#
1+
1%
#9460000
0#
0+
0%
#9470000
b11100101 9
b11100101 =
b111001101 ;
b11111111111111111111111111111111 P
b100101011 O
0"
b100111000 :
b10010111 E
b11100101 D
b100101011 K
b100101001 J
b11001111 2
b11001111 8
b1 4
b11100100 /
b11100100 C
b100101000 I
b111001111 H
b111010000 L
b111011010 &
1#
1+
1%
#9480000
0#
0+
0%
#9490000
b11100110 9
b111001110 ;
b11111111111111111111111111111111 P
b100101001 O
b11100110 =
b100111001 :
1"
b100101001 K
b100101000 J
b10010101 E
b11100110 D
b10010111 F
b100111000 I
b111010000 H
b11100101 /
b11100101 C
b10 4
b11010000 2
b11010000 8
b111010001 L
b111011011 &
1#
1+
1%
#9500000
0#
0+
0%
#9510000
b11100111 9
b11100101 <
b11111111111111111111111111111111 N
b10010111 M
b11100111 =
b111001111 ;
b11111111111111111111111111111111 P
b100101000 O
0"
b100111011 :
b10010111 G
b10010101 F
b10010100 E
b11100111 D
b100101000 K
b100111000 J
b11010001 2
b11010001 8
b11 4
b11100110 /
b11100110 C
b100111001 I
b111010001 H
b111010010 L
b111011100 &
1#
1+
1%
#9520000
0#
0+
0%
#9530000
b11101000 9
b111010000 ;
b11111111111111111111111111111111 P
b100111000 O
b11101000 =
b11100110 <
b11111111111111111111111111111111 N
b10010101 M
b100111010 :
1"
b100111000 K
b100111001 J
b10011100 E
b11101000 D
b10010101 G
b10010100 F
b100111011 I
b111010010 H
b11100111 /
b11100111 C
b100 4
b11010010 2
b11010010 8
b111010011 L
b111011101 &
1#
1+
1%
#9540000
0#
0+
0%
#9550000
b11101001 9
b11100111 <
b11111111111111111111111111111111 N
b10010100 M
b11101001 =
b111010001 ;
b11111111111111111111111111111111 P
b100111001 O
0"
b100111110 :
b10010100 G
b10011100 F
b10011101 E
b11101001 D
b100111001 K
b100111011 J
b11010011 2
b11010011 8
b101 4
b11101000 /
b11101000 C
b100111010 I
b111010011 H
b111010100 L
b111011110 &
1#
1+
1%
#9560000
0#
0+
0%
#9570000
b11101010 9
b111010010 ;
b11111111111111111111111111111111 P
b100111011 O
b11101010 =
b11101000 <
b11111111111111111111111111111111 N
b10011100 M
b100111111 :
1"
b100111011 K
b100111010 J
b10011111 E
b11101010 D
b10011100 G
b10011101 F
b100111110 I
b111010100 H
b11101001 /
b11101001 C
b110 4
b11010100 2
b11010100 8
b111010101 L
b111011111 &
1#
1+
1%
#9580000
0#
0+
0%
#9590000
b11101011 9
b11101001 <
b11111111111111111111111111111111 N
b10011101 M
b11101011 =
b111010011 ;
b11111111111111111111111111111111 P
b100111010 O
0"
b100111101 :
b10011101 G
b10011111 F
b10011110 E
b11101011 D
b100111010 K
b100111110 J
b11010101 2
b11010101 8
b111 4
b11101010 /
b11101010 C
b100111111 I
b111010101 H
b111010110 L
b111100000 &
1#
1+
1%
#9600000
0#
0+
0%
#9610000
b11101100 9
b111010100 ;
b11111111111111111111111111111111 P
b100111110 O
b11101100 =
b11101010 <
b11111111111111111111111111111111 N
b10011111 M
b100111100 :
1"
b100111110 K
b100111111 J
b10011010 E
b11101100 D
b10011111 G
b10011110 F
b100111101 I
b111010110 H
b11101011 /
b11101011 C
b1000 4
b11010110 2
b11010110 8
b111010111 L
b111100001 &
1#
1+
1%
#9620000
0#
0+
0%
#9630000
b11101101 9
b11101011 <
b11111111111111111111111111111111 N
b10011110 M
b11101101 =
b111010101 ;
b11111111111111111111111111111111 P
b100111111 O
0"
b100110100 :
b10011110 G
b10011010 F
b10011011 E
b11101101 D
b100111111 K
b100111101 J
b11010111 2
b11010111 8
b1001 4
b11101100 /
b11101100 C
b100111100 I
b111010111 H
b111011000 L
b111100010 &
1#
1+
1%
#9640000
0#
0+
0%
#9650000
b11101110 9
b111010110 ;
b11111111111111111111111111111111 P
b100111101 O
b11101110 =
b11101100 <
b11111111111111111111111111111111 N
b10011010 M
b100110101 :
1"
b100111101 K
b100111100 J
b10011001 E
b11101110 D
b10011010 G
b10011011 F
b100110100 I
b111011000 H
b11101101 /
b11101101 C
b1010 4
b11011000 2
b11011000 8
b111011001 L
b111100011 &
1#
1+
1%
#9660000
0#
0+
0%
#9670000
b11101111 9
0$
07
b11101101 <
b11111111111111111111111111111111 N
b10011011 M
b11101111 =
b111010111 ;
b11111111111111111111111111111111 P
b100111100 O
0)
0"
b100110111 :
b10011011 G
b10011001 F
b10011000 E
b11101111 D
b100111100 K
b100110100 J
b11011001 2
b11011001 8
0!
03
b0 4
b11101110 /
b11101110 C
b100110101 I
b111011001 H
b111011010 L
b111100100 &
1#
1+
1%
#9680000
0#
0+
0%
#9690000
b111011000 ;
b11111111111111111111111111111111 P
b100110100 O
b11101110 <
b11111111111111111111111111111111 N
b10011001 M
b100110110 :
b111011011 L
b100110100 K
b100110101 J
b10011001 G
b10011000 F
b100110111 I
b111011010 H
b1 4
b11011010 2
b11011010 8
b111100101 &
1#
1+
1%
#9700000
0#
0+
0%
#9710000
b11101111 <
b11111111111111111111111111111111 N
b10011000 M
b111011001 ;
b11111111111111111111111111111111 P
b100110101 O
b100110010 :
b111011100 L
b10011000 G
b100110101 K
b100110111 J
b11011011 2
b11011011 8
b10 4
b100110110 I
b111011011 H
b111100110 &
1#
1+
1%
#9720000
0#
0+
0%
#9730000
b111011010 ;
b11111111111111111111111111111111 P
b100110111 O
b100110011 :
b111011101 L
b100110111 K
b100110110 J
b100110010 I
b111011100 H
b11 4
b11011100 2
b11011100 8
b111100111 &
1#
1+
1%
#9740000
0#
0+
0%
#9750000
b111011011 ;
b11111111111111111111111111111111 P
b100110110 O
b100110001 :
b111011110 L
b100110110 K
b100110010 J
b11011101 2
b11011101 8
b100 4
b100110011 I
b111011101 H
b111101000 &
1#
1+
1%
#9760000
0#
0+
0%
#9770000
b111011100 ;
b11111111111111111111111111111111 P
b100110010 O
b100110000 :
b111011111 L
b100110010 K
b100110011 J
b100110001 I
b111011110 H
b101 4
b11011110 2
b11011110 8
b111101001 &
1#
1+
1%
#9780000
0#
0+
0%
#9790000
b111011101 ;
b11111111111111111111111111111111 P
b100110011 O
b100010000 :
b111100000 L
b100110011 K
b100110001 J
b11011111 2
b11011111 8
b110 4
b100110000 I
b111011111 H
b111101010 &
1#
1+
1%
#9800000
0#
0+
0%
#9810000
b111011110 ;
b11111111111111111111111111111111 P
b100110001 O
b100010001 :
b111100001 L
b100110001 K
b100110000 J
b100010000 I
b111100000 H
b111 4
b11100000 2
b11100000 8
b111101011 &
1#
1+
1%
#9820000
0#
0+
0%
#9830000
b111011111 ;
b11111111111111111111111111111111 P
b100110000 O
b100010011 :
b111100010 L
b100110000 K
b100010000 J
b11100001 2
b11100001 8
b1000 4
b100010001 I
b111100001 H
b111101100 &
1#
1+
1%
#9840000
0#
0+
0%
#9850000
b111100000 ;
b11111111111111111111111111111111 P
b100010000 O
b100010010 :
b111100011 L
b100010000 K
b100010001 J
b100010011 I
b111100010 H
b1001 4
b11100010 2
b11100010 8
b111101101 &
1#
1+
1%
#9860000
0#
0+
0%
#9870000
b111100001 ;
b11111111111111111111111111111111 P
b100010001 O
b100010110 :
b111100100 L
b100010001 K
b100010011 J
b11100011 2
b11100011 8
b1010 4
b100010010 I
b111100011 H
b111101110 &
1#
1+
1%
#9880000
0#
0+
0%
#9890000
1$
17
b111100010 ;
b11111111111111111111111111111111 P
b100010011 O
b100010111 :
b111100101 L
1)
b100010011 K
b100010010 J
b100010110 I
b111100100 H
1!
13
b0 4
b11100100 2
b11100100 8
b111101111 &
1#
1+
1%
#9900000
0#
0+
0%
#9910000
b11110000 9
b11110000 =
b111100011 ;
b11111111111111111111111111111111 P
b100010010 O
1"
b100010101 :
b10001000 E
b11110000 D
b100010010 K
b100010110 J
b11100101 2
b11100101 8
b1 4
b11101111 /
b11101111 C
b100010111 I
b111100101 H
b111100110 L
b111110000 &
1#
1+
1%
#9920000
0#
0+
0%
#9930000
b11110001 9
b111100100 ;
b11111111111111111111111111111111 P
b100010110 O
b11110001 =
b100010100 :
0"
b100010110 K
b100010111 J
b10001001 E
b11110001 D
b10001000 F
b100010101 I
b111100110 H
b11110000 /
b11110000 C
b10 4
b11100110 2
b11100110 8
b111100111 L
b111110001 &
1#
1+
1%
#9940000
0#
0+
0%
#9950000
b11110010 9
b11110000 <
b11111111111111111111111111111111 N
b10001000 M
b11110010 =
b111100101 ;
b11111111111111111111111111111111 P
b100010111 O
1"
b100011100 :
b10001000 G
b10001001 F
b10001011 E
b11110010 D
b100010111 K
b100010101 J
b11100111 2
b11100111 8
b11 4
b11110001 /
b11110001 C
b100010100 I
b111100111 H
b111101000 L
b111110010 &
1#
1+
1%
#9960000
0#
0+
0%
#9970000
b11110011 9
b111100110 ;
b11111111111111111111111111111111 P
b100010101 O
b11110011 =
b11110001 <
b11111111111111111111111111111111 N
b10001001 M
b100011101 :
0"
b100010101 K
b100010100 J
b10001010 E
b11110011 D
b10001001 G
b10001011 F
b100011100 I
b111101000 H
b11110010 /
b11110010 C
b100 4
b11101000 2
b11101000 8
b111101001 L
b111110011 &
1#
1+
1%
#9980000
0#
0+
0%
#9990000
b11110100 9
b11110010 <
b11111111111111111111111111111111 N
b10001011 M
b11110100 =
b111100111 ;
b11111111111111111111111111111111 P
b100010100 O
1"
b100011111 :
b10001011 G
b10001010 F
b10001110 E
b11110100 D
b100010100 K
b100011100 J
b11101001 2
b11101001 8
b101 4
b11110011 /
b11110011 C
b100011101 I
b111101001 H
b111101010 L
b111110100 &
1#
1+
1%
