#! /Users/user/.apio/packages/oss-cad-suite/bin/vvp
:ivl_version "13.0 (devel)" "(s20251012-54-g6651df6f2)";
:ivl_delay_selection "TYPICAL";
:vpi_time_precision - 12;
:vpi_module "/Users/user/.apio/packages/oss-cad-suite/lib/ivl/system.vpi";
:vpi_module "/Users/user/.apio/packages/oss-cad-suite/lib/ivl/vhdl_sys.vpi";
:vpi_module "/Users/user/.apio/packages/oss-cad-suite/lib/ivl/vhdl_textio.vpi";
:vpi_module "/Users/user/.apio/packages/oss-cad-suite/lib/ivl/v2005_math.vpi";
:vpi_module "/Users/user/.apio/packages/oss-cad-suite/lib/ivl/va_math.vpi";
:vpi_module "/Users/user/.apio/packages/oss-cad-suite/lib/ivl/v2009.vpi";
S_0x10394d940 .scope package, "$unit" "$unit" 2 1;
 .timescale 0 0;
S_0x10394dac0 .scope module, "ALU" "ALU" 3 931;
 .timescale 0 0;
    .port_info 0 /OUTPUT 1 "SUM";
    .port_info 1 /OUTPUT 1 "COUT";
    .port_info 2 /INPUT 1 "I0";
    .port_info 3 /INPUT 1 "I1";
    .port_info 4 /INPUT 1 "I3";
    .port_info 5 /INPUT 1 "CIN";
P_0x103941a00 .param/l "ADD" 1 3 940, +C4<00000000000000000000000000000000>;
P_0x103941a40 .param/l "ADDSUB" 1 3 942, +C4<00000000000000000000000000000010>;
P_0x103941a80 .param/l "ALU_MODE" 0 3 951, +C4<00000000000000000000000000000000>;
P_0x103941ac0 .param/l "CDN" 1 3 947, +C4<00000000000000000000000000000111>;
P_0x103941b00 .param/l "CUP" 1 3 946, +C4<00000000000000000000000000000110>;
P_0x103941b40 .param/l "CUPCDN" 1 3 948, +C4<00000000000000000000000000001000>;
P_0x103941b80 .param/l "GE" 1 3 944, +C4<00000000000000000000000000000100>;
P_0x103941bc0 .param/l "LE" 1 3 945, +C4<00000000000000000000000000000101>;
P_0x103941c00 .param/l "MULT" 1 3 949, +C4<00000000000000000000000000001001>;
P_0x103941c40 .param/l "NE" 1 3 943, +C4<00000000000000000000000000000011>;
P_0x103941c80 .param/l "SUB" 1 3 941, +C4<00000000000000000000000000000001>;
o0xb83444040 .functor BUFZ 1, c4<z>; HiZ drive
L_0x1039404f0 .functor XOR 1, v0xb82810fa0_0, o0xb83444040, C4<0>, C4<0>;
v0xb82810be0_0 .var "C", 0 0;
v0xb82810c80_0 .net "CIN", 0 0, o0xb83444040;  0 drivers
v0xb82810d20_0 .net "COUT", 0 0, L_0xb82cffde0;  1 drivers
o0xb834440a0 .functor BUFZ 1, c4<z>; HiZ drive
v0xb82810dc0_0 .net "I0", 0 0, o0xb834440a0;  0 drivers
o0xb834440d0 .functor BUFZ 1, c4<z>; HiZ drive
v0xb82810e60_0 .net "I1", 0 0, o0xb834440d0;  0 drivers
o0xb83444100 .functor BUFZ 1, c4<z>; HiZ drive
v0xb82810f00_0 .net "I3", 0 0, o0xb83444100;  0 drivers
v0xb82810fa0_0 .var "S", 0 0;
v0xb82811040_0 .net "SUM", 0 0, L_0x1039404f0;  1 drivers
E_0xb8310c800 .event anyedge, v0xb82810dc0_0, v0xb82810e60_0, v0xb82810f00_0;
L_0xb82cffde0 .functor MUXZ 1, v0xb82810be0_0, o0xb83444040, v0xb82810fa0_0, C4<>;
S_0x103941d00 .scope module, "BANDGAP" "BANDGAP" 3 927;
 .timescale 0 0;
    .port_info 0 /INPUT 1 "BGEN";
o0xb834442b0 .functor BUFZ 1, c4<z>; HiZ drive
v0xb828110e0_0 .net "BGEN", 0 0, o0xb834442b0;  0 drivers
S_0x10394af60 .scope module, "DFF" "DFF" 3 170;
 .timescale 0 0;
    .port_info 0 /OUTPUT 1 "Q";
    .port_info 1 /INPUT 1 "CLK";
    .port_info 2 /INPUT 1 "D";
P_0xb82c2f280 .param/l "INIT" 0 3 171, C4<0>;
o0xb83444310 .functor BUFZ 1, c4<z>; HiZ drive
v0xb82811180_0 .net "CLK", 0 0, o0xb83444310;  0 drivers
o0xb83444340 .functor BUFZ 1, c4<z>; HiZ drive
v0xb82811220_0 .net "D", 0 0, o0xb83444340;  0 drivers
v0xb828112c0_0 .var "Q", 0 0;
E_0xb8310c840 .event posedge, v0xb82811180_0;
S_0x10394b0e0 .scope module, "DFFC" "DFFC" 3 318;
 .timescale 0 0;
    .port_info 0 /OUTPUT 1 "Q";
    .port_info 1 /INPUT 1 "D";
    .port_info 2 /INPUT 1 "CLK";
    .port_info 3 /INPUT 1 "CLEAR";
P_0xb82c2f300 .param/l "INIT" 0 3 319, C4<0>;
o0xb83444430 .functor BUFZ 1, c4<z>; HiZ drive
v0xb82811360_0 .net "CLEAR", 0 0, o0xb83444430;  0 drivers
o0xb83444460 .functor BUFZ 1, c4<z>; HiZ drive
v0xb82811400_0 .net "CLK", 0 0, o0xb83444460;  0 drivers
o0xb83444490 .functor BUFZ 1, c4<z>; HiZ drive
v0xb828114a0_0 .net "D", 0 0, o0xb83444490;  0 drivers
v0xb82811540_0 .var "Q", 0 0;
E_0xb8310c880 .event posedge, v0xb82811360_0, v0xb82811400_0;
S_0xb831ac000 .scope module, "DFFCE" "DFFCE" 3 337;
 .timescale 0 0;
    .port_info 0 /OUTPUT 1 "Q";
    .port_info 1 /INPUT 1 "D";
    .port_info 2 /INPUT 1 "CLK";
    .port_info 3 /INPUT 1 "CE";
    .port_info 4 /INPUT 1 "CLEAR";
P_0xb82c2f380 .param/l "INIT" 0 3 338, C4<0>;
o0xb834445b0 .functor BUFZ 1, c4<z>; HiZ drive
v0xb828115e0_0 .net "CE", 0 0, o0xb834445b0;  0 drivers
o0xb834445e0 .functor BUFZ 1, c4<z>; HiZ drive
v0xb82811680_0 .net "CLEAR", 0 0, o0xb834445e0;  0 drivers
o0xb83444610 .functor BUFZ 1, c4<z>; HiZ drive
v0xb82811720_0 .net "CLK", 0 0, o0xb83444610;  0 drivers
o0xb83444640 .functor BUFZ 1, c4<z>; HiZ drive
v0xb828117c0_0 .net "D", 0 0, o0xb83444640;  0 drivers
v0xb82811860_0 .var "Q", 0 0;
E_0xb8310c8c0 .event posedge, v0xb82811680_0, v0xb82811720_0;
S_0xb831ac180 .scope module, "DFFE" "DFFE" 3 184;
 .timescale 0 0;
    .port_info 0 /OUTPUT 1 "Q";
    .port_info 1 /INPUT 1 "D";
    .port_info 2 /INPUT 1 "CLK";
    .port_info 3 /INPUT 1 "CE";
P_0xb82c2f400 .param/l "INIT" 0 3 185, C4<0>;
o0xb83444790 .functor BUFZ 1, c4<z>; HiZ drive
v0xb82811900_0 .net "CE", 0 0, o0xb83444790;  0 drivers
o0xb834447c0 .functor BUFZ 1, c4<z>; HiZ drive
v0xb828119a0_0 .net "CLK", 0 0, o0xb834447c0;  0 drivers
o0xb834447f0 .functor BUFZ 1, c4<z>; HiZ drive
v0xb82811a40_0 .net "D", 0 0, o0xb834447f0;  0 drivers
v0xb82811ae0_0 .var "Q", 0 0;
E_0xb8310c900 .event posedge, v0xb828119a0_0;
S_0xb831ac300 .scope module, "DFFN" "DFFN" 3 357;
 .timescale 0 0;
    .port_info 0 /OUTPUT 1 "Q";
    .port_info 1 /INPUT 1 "CLK";
    .port_info 2 /INPUT 1 "D";
P_0xb82c2f480 .param/l "INIT" 0 3 358, C4<0>;
o0xb83444910 .functor BUFZ 1, c4<z>; HiZ drive
v0xb82811b80_0 .net "CLK", 0 0, o0xb83444910;  0 drivers
o0xb83444940 .functor BUFZ 1, c4<z>; HiZ drive
v0xb82811c20_0 .net "D", 0 0, o0xb83444940;  0 drivers
v0xb82811cc0_0 .var "Q", 0 0;
E_0xb8310c940 .event negedge, v0xb82811b80_0;
S_0xb831ac480 .scope module, "DFFNC" "DFFNC" 3 505;
 .timescale 0 0;
    .port_info 0 /OUTPUT 1 "Q";
    .port_info 1 /INPUT 1 "D";
    .port_info 2 /INPUT 1 "CLK";
    .port_info 3 /INPUT 1 "CLEAR";
P_0xb82c2f500 .param/l "INIT" 0 3 506, C4<0>;
o0xb83444a30 .functor BUFZ 1, c4<z>; HiZ drive
v0xb82811d60_0 .net "CLEAR", 0 0, o0xb83444a30;  0 drivers
o0xb83444a60 .functor BUFZ 1, c4<z>; HiZ drive
v0xb82811e00_0 .net "CLK", 0 0, o0xb83444a60;  0 drivers
o0xb83444a90 .functor BUFZ 1, c4<z>; HiZ drive
v0xb82811ea0_0 .net "D", 0 0, o0xb83444a90;  0 drivers
v0xb82811f40_0 .var "Q", 0 0;
E_0xb8310c980/0 .event negedge, v0xb82811e00_0;
E_0xb8310c980/1 .event posedge, v0xb82811d60_0;
E_0xb8310c980 .event/or E_0xb8310c980/0, E_0xb8310c980/1;
S_0xb831ac600 .scope module, "DFFNCE" "DFFNCE" 3 524;
 .timescale 0 0;
    .port_info 0 /OUTPUT 1 "Q";
    .port_info 1 /INPUT 1 "D";
    .port_info 2 /INPUT 1 "CLK";
    .port_info 3 /INPUT 1 "CE";
    .port_info 4 /INPUT 1 "CLEAR";
P_0xb82c2f580 .param/l "INIT" 0 3 525, C4<0>;
o0xb83444bb0 .functor BUFZ 1, c4<z>; HiZ drive
v0xb82811fe0_0 .net "CE", 0 0, o0xb83444bb0;  0 drivers
o0xb83444be0 .functor BUFZ 1, c4<z>; HiZ drive
v0xb82812080_0 .net "CLEAR", 0 0, o0xb83444be0;  0 drivers
o0xb83444c10 .functor BUFZ 1, c4<z>; HiZ drive
v0xb82812120_0 .net "CLK", 0 0, o0xb83444c10;  0 drivers
o0xb83444c40 .functor BUFZ 1, c4<z>; HiZ drive
v0xb828121c0_0 .net "D", 0 0, o0xb83444c40;  0 drivers
v0xb82812260_0 .var "Q", 0 0;
E_0xb8310c9c0/0 .event negedge, v0xb82812120_0;
E_0xb8310c9c0/1 .event posedge, v0xb82812080_0;
E_0xb8310c9c0 .event/or E_0xb8310c9c0/0, E_0xb8310c9c0/1;
S_0xb831ac780 .scope module, "DFFNE" "DFFNE" 3 371;
 .timescale 0 0;
    .port_info 0 /OUTPUT 1 "Q";
    .port_info 1 /INPUT 1 "D";
    .port_info 2 /INPUT 1 "CLK";
    .port_info 3 /INPUT 1 "CE";
P_0xb82c2f600 .param/l "INIT" 0 3 372, C4<0>;
o0xb83444d90 .functor BUFZ 1, c4<z>; HiZ drive
v0xb82812300_0 .net "CE", 0 0, o0xb83444d90;  0 drivers
o0xb83444dc0 .functor BUFZ 1, c4<z>; HiZ drive
v0xb828123a0_0 .net "CLK", 0 0, o0xb83444dc0;  0 drivers
o0xb83444df0 .functor BUFZ 1, c4<z>; HiZ drive
v0xb82812440_0 .net "D", 0 0, o0xb83444df0;  0 drivers
v0xb828124e0_0 .var "Q", 0 0;
E_0xb8310ca00 .event negedge, v0xb828123a0_0;
S_0xb831ac900 .scope module, "DFFNP" "DFFNP" 3 466;
 .timescale 0 0;
    .port_info 0 /OUTPUT 1 "Q";
    .port_info 1 /INPUT 1 "D";
    .port_info 2 /INPUT 1 "CLK";
    .port_info 3 /INPUT 1 "PRESET";
P_0xb82c2f680 .param/l "INIT" 0 3 467, C4<1>;
o0xb83444f10 .functor BUFZ 1, c4<z>; HiZ drive
v0xb82812580_0 .net "CLK", 0 0, o0xb83444f10;  0 drivers
o0xb83444f40 .functor BUFZ 1, c4<z>; HiZ drive
v0xb82812620_0 .net "D", 0 0, o0xb83444f40;  0 drivers
o0xb83444f70 .functor BUFZ 1, c4<z>; HiZ drive
v0xb828126c0_0 .net "PRESET", 0 0, o0xb83444f70;  0 drivers
v0xb82812760_0 .var "Q", 0 0;
E_0xb8310ca40/0 .event negedge, v0xb82812580_0;
E_0xb8310ca40/1 .event posedge, v0xb828126c0_0;
E_0xb8310ca40 .event/or E_0xb8310ca40/0, E_0xb8310ca40/1;
S_0xb831aca80 .scope module, "DFFNPE" "DFFNPE" 3 485;
 .timescale 0 0;
    .port_info 0 /OUTPUT 1 "Q";
    .port_info 1 /INPUT 1 "D";
    .port_info 2 /INPUT 1 "CLK";
    .port_info 3 /INPUT 1 "CE";
    .port_info 4 /INPUT 1 "PRESET";
P_0xb82c2f700 .param/l "INIT" 0 3 486, C4<1>;
o0xb83445090 .functor BUFZ 1, c4<z>; HiZ drive
v0xb82812800_0 .net "CE", 0 0, o0xb83445090;  0 drivers
o0xb834450c0 .functor BUFZ 1, c4<z>; HiZ drive
v0xb828128a0_0 .net "CLK", 0 0, o0xb834450c0;  0 drivers
o0xb834450f0 .functor BUFZ 1, c4<z>; HiZ drive
v0xb82812940_0 .net "D", 0 0, o0xb834450f0;  0 drivers
o0xb83445120 .functor BUFZ 1, c4<z>; HiZ drive
v0xb828129e0_0 .net "PRESET", 0 0, o0xb83445120;  0 drivers
v0xb82812a80_0 .var "Q", 0 0;
E_0xb8310ca80/0 .event negedge, v0xb828128a0_0;
E_0xb8310ca80/1 .event posedge, v0xb828129e0_0;
E_0xb8310ca80 .event/or E_0xb8310ca80/0, E_0xb8310ca80/1;
S_0xb831acc00 .scope module, "DFFNR" "DFFNR" 3 427;
 .timescale 0 0;
    .port_info 0 /OUTPUT 1 "Q";
    .port_info 1 /INPUT 1 "D";
    .port_info 2 /INPUT 1 "CLK";
    .port_info 3 /INPUT 1 "RESET";
P_0xb82c2f780 .param/l "INIT" 0 3 428, C4<0>;
o0xb83445270 .functor BUFZ 1, c4<z>; HiZ drive
v0xb82812b20_0 .net "CLK", 0 0, o0xb83445270;  0 drivers
o0xb834452a0 .functor BUFZ 1, c4<z>; HiZ drive
v0xb82812bc0_0 .net "D", 0 0, o0xb834452a0;  0 drivers
v0xb82812c60_0 .var "Q", 0 0;
o0xb83445300 .functor BUFZ 1, c4<z>; HiZ drive
v0xb82812d00_0 .net "RESET", 0 0, o0xb83445300;  0 drivers
E_0xb8310cac0 .event negedge, v0xb82812b20_0;
S_0xb831acd80 .scope module, "DFFNRE" "DFFNRE" 3 446;
 .timescale 0 0;
    .port_info 0 /OUTPUT 1 "Q";
    .port_info 1 /INPUT 1 "D";
    .port_info 2 /INPUT 1 "CLK";
    .port_info 3 /INPUT 1 "CE";
    .port_info 4 /INPUT 1 "RESET";
P_0xb82c2f800 .param/l "INIT" 0 3 447, C4<0>;
o0xb834453f0 .functor BUFZ 1, c4<z>; HiZ drive
v0xb82812da0_0 .net "CE", 0 0, o0xb834453f0;  0 drivers
o0xb83445420 .functor BUFZ 1, c4<z>; HiZ drive
v0xb82812e40_0 .net "CLK", 0 0, o0xb83445420;  0 drivers
o0xb83445450 .functor BUFZ 1, c4<z>; HiZ drive
v0xb82812ee0_0 .net "D", 0 0, o0xb83445450;  0 drivers
v0xb82812f80_0 .var "Q", 0 0;
o0xb834454b0 .functor BUFZ 1, c4<z>; HiZ drive
v0xb82813020_0 .net "RESET", 0 0, o0xb834454b0;  0 drivers
E_0xb8310cb00 .event negedge, v0xb82812e40_0;
S_0xb831acf00 .scope module, "DFFNS" "DFFNS" 3 388;
 .timescale 0 0;
    .port_info 0 /OUTPUT 1 "Q";
    .port_info 1 /INPUT 1 "D";
    .port_info 2 /INPUT 1 "CLK";
    .port_info 3 /INPUT 1 "SET";
P_0xb82c2f880 .param/l "INIT" 0 3 389, C4<1>;
o0xb834455d0 .functor BUFZ 1, c4<z>; HiZ drive
v0xb828130c0_0 .net "CLK", 0 0, o0xb834455d0;  0 drivers
o0xb83445600 .functor BUFZ 1, c4<z>; HiZ drive
v0xb82813160_0 .net "D", 0 0, o0xb83445600;  0 drivers
v0xb82813200_0 .var "Q", 0 0;
o0xb83445660 .functor BUFZ 1, c4<z>; HiZ drive
v0xb828132a0_0 .net "SET", 0 0, o0xb83445660;  0 drivers
E_0xb8310cb40 .event negedge, v0xb828130c0_0;
S_0xb831ad080 .scope module, "DFFNSE" "DFFNSE" 3 407;
 .timescale 0 0;
    .port_info 0 /OUTPUT 1 "Q";
    .port_info 1 /INPUT 1 "D";
    .port_info 2 /INPUT 1 "CLK";
    .port_info 3 /INPUT 1 "CE";
    .port_info 4 /INPUT 1 "SET";
P_0xb82c2f900 .param/l "INIT" 0 3 408, C4<1>;
o0xb83445750 .functor BUFZ 1, c4<z>; HiZ drive
v0xb82813340_0 .net "CE", 0 0, o0xb83445750;  0 drivers
o0xb83445780 .functor BUFZ 1, c4<z>; HiZ drive
v0xb828133e0_0 .net "CLK", 0 0, o0xb83445780;  0 drivers
o0xb834457b0 .functor BUFZ 1, c4<z>; HiZ drive
v0xb82813480_0 .net "D", 0 0, o0xb834457b0;  0 drivers
v0xb82813520_0 .var "Q", 0 0;
o0xb83445810 .functor BUFZ 1, c4<z>; HiZ drive
v0xb828135c0_0 .net "SET", 0 0, o0xb83445810;  0 drivers
E_0xb8310cb80 .event negedge, v0xb828133e0_0;
S_0xb831ad200 .scope module, "DFFP" "DFFP" 3 279;
 .timescale 0 0;
    .port_info 0 /OUTPUT 1 "Q";
    .port_info 1 /INPUT 1 "D";
    .port_info 2 /INPUT 1 "CLK";
    .port_info 3 /INPUT 1 "PRESET";
P_0xb82c2f980 .param/l "INIT" 0 3 280, C4<1>;
o0xb83445930 .functor BUFZ 1, c4<z>; HiZ drive
v0xb82813660_0 .net "CLK", 0 0, o0xb83445930;  0 drivers
o0xb83445960 .functor BUFZ 1, c4<z>; HiZ drive
v0xb82813700_0 .net "D", 0 0, o0xb83445960;  0 drivers
o0xb83445990 .functor BUFZ 1, c4<z>; HiZ drive
v0xb828137a0_0 .net "PRESET", 0 0, o0xb83445990;  0 drivers
v0xb82813840_0 .var "Q", 0 0;
E_0xb8310cbc0 .event posedge, v0xb828137a0_0, v0xb82813660_0;
S_0xb831ad380 .scope module, "DFFPE" "DFFPE" 3 298;
 .timescale 0 0;
    .port_info 0 /OUTPUT 1 "Q";
    .port_info 1 /INPUT 1 "D";
    .port_info 2 /INPUT 1 "CLK";
    .port_info 3 /INPUT 1 "CE";
    .port_info 4 /INPUT 1 "PRESET";
P_0xb82c2fa00 .param/l "INIT" 0 3 299, C4<1>;
o0xb83445ab0 .functor BUFZ 1, c4<z>; HiZ drive
v0xb828138e0_0 .net "CE", 0 0, o0xb83445ab0;  0 drivers
o0xb83445ae0 .functor BUFZ 1, c4<z>; HiZ drive
v0xb82813980_0 .net "CLK", 0 0, o0xb83445ae0;  0 drivers
o0xb83445b10 .functor BUFZ 1, c4<z>; HiZ drive
v0xb82813a20_0 .net "D", 0 0, o0xb83445b10;  0 drivers
o0xb83445b40 .functor BUFZ 1, c4<z>; HiZ drive
v0xb82813ac0_0 .net "PRESET", 0 0, o0xb83445b40;  0 drivers
v0xb82813b60_0 .var "Q", 0 0;
E_0xb8310cc00 .event posedge, v0xb82813ac0_0, v0xb82813980_0;
S_0xb831ad500 .scope module, "DFFR" "DFFR" 3 240;
 .timescale 0 0;
    .port_info 0 /OUTPUT 1 "Q";
    .port_info 1 /INPUT 1 "D";
    .port_info 2 /INPUT 1 "CLK";
    .port_info 3 /INPUT 1 "RESET";
P_0xb82c2fa80 .param/l "INIT" 0 3 241, C4<0>;
o0xb83445c90 .functor BUFZ 1, c4<z>; HiZ drive
v0xb82813c00_0 .net "CLK", 0 0, o0xb83445c90;  0 drivers
o0xb83445cc0 .functor BUFZ 1, c4<z>; HiZ drive
v0xb82813ca0_0 .net "D", 0 0, o0xb83445cc0;  0 drivers
v0xb82813d40_0 .var "Q", 0 0;
o0xb83445d20 .functor BUFZ 1, c4<z>; HiZ drive
v0xb82813de0_0 .net "RESET", 0 0, o0xb83445d20;  0 drivers
E_0xb8310cc40 .event posedge, v0xb82813c00_0;
S_0xb831ad680 .scope module, "DFFRE" "DFFRE" 3 259;
 .timescale 0 0;
    .port_info 0 /OUTPUT 1 "Q";
    .port_info 1 /INPUT 1 "D";
    .port_info 2 /INPUT 1 "CLK";
    .port_info 3 /INPUT 1 "CE";
    .port_info 4 /INPUT 1 "RESET";
P_0xb82c2fb00 .param/l "INIT" 0 3 260, C4<0>;
o0xb83445e10 .functor BUFZ 1, c4<z>; HiZ drive
v0xb82813e80_0 .net "CE", 0 0, o0xb83445e10;  0 drivers
o0xb83445e40 .functor BUFZ 1, c4<z>; HiZ drive
v0xb82813f20_0 .net "CLK", 0 0, o0xb83445e40;  0 drivers
o0xb83445e70 .functor BUFZ 1, c4<z>; HiZ drive
v0xb82cdc000_0 .net "D", 0 0, o0xb83445e70;  0 drivers
v0xb82cdc0a0_0 .var "Q", 0 0;
o0xb83445ed0 .functor BUFZ 1, c4<z>; HiZ drive
v0xb82cdc140_0 .net "RESET", 0 0, o0xb83445ed0;  0 drivers
E_0xb8310cc80 .event posedge, v0xb82813f20_0;
S_0xb831ad800 .scope module, "DFFS" "DFFS" 3 201;
 .timescale 0 0;
    .port_info 0 /OUTPUT 1 "Q";
    .port_info 1 /INPUT 1 "D";
    .port_info 2 /INPUT 1 "CLK";
    .port_info 3 /INPUT 1 "SET";
P_0xb82c2fb80 .param/l "INIT" 0 3 202, C4<1>;
o0xb83445ff0 .functor BUFZ 1, c4<z>; HiZ drive
v0xb82cdc1e0_0 .net "CLK", 0 0, o0xb83445ff0;  0 drivers
o0xb83446020 .functor BUFZ 1, c4<z>; HiZ drive
v0xb82cdc280_0 .net "D", 0 0, o0xb83446020;  0 drivers
v0xb82cdc320_0 .var "Q", 0 0;
o0xb83446080 .functor BUFZ 1, c4<z>; HiZ drive
v0xb82cdc3c0_0 .net "SET", 0 0, o0xb83446080;  0 drivers
E_0xb8310ccc0 .event posedge, v0xb82cdc1e0_0;
S_0xb831ad980 .scope module, "DFFSE" "DFFSE" 3 220;
 .timescale 0 0;
    .port_info 0 /OUTPUT 1 "Q";
    .port_info 1 /INPUT 1 "D";
    .port_info 2 /INPUT 1 "CLK";
    .port_info 3 /INPUT 1 "CE";
    .port_info 4 /INPUT 1 "SET";
P_0xb82c2fc00 .param/l "INIT" 0 3 221, C4<1>;
o0xb83446170 .functor BUFZ 1, c4<z>; HiZ drive
v0xb82cdc460_0 .net "CE", 0 0, o0xb83446170;  0 drivers
o0xb834461a0 .functor BUFZ 1, c4<z>; HiZ drive
v0xb82cdc500_0 .net "CLK", 0 0, o0xb834461a0;  0 drivers
o0xb834461d0 .functor BUFZ 1, c4<z>; HiZ drive
v0xb82cdc5a0_0 .net "D", 0 0, o0xb834461d0;  0 drivers
v0xb82cdc640_0 .var "Q", 0 0;
o0xb83446230 .functor BUFZ 1, c4<z>; HiZ drive
v0xb82cdc6e0_0 .net "SET", 0 0, o0xb83446230;  0 drivers
E_0xb8310cd00 .event posedge, v0xb82cdc500_0;
S_0xb831adb00 .scope module, "DP" "DP" 3 1641;
 .timescale 0 0;
    .port_info 0 /OUTPUT 16 "DOA";
    .port_info 1 /OUTPUT 16 "DOB";
    .port_info 2 /INPUT 16 "DIA";
    .port_info 3 /INPUT 16 "DIB";
    .port_info 4 /INPUT 3 "BLKSEL";
    .port_info 5 /INPUT 14 "ADA";
    .port_info 6 /INPUT 14 "ADB";
    .port_info 7 /INPUT 1 "WREA";
    .port_info 8 /INPUT 1 "WREB";
    .port_info 9 /INPUT 1 "CLKA";
    .port_info 10 /INPUT 1 "CLKB";
    .port_info 11 /INPUT 1 "CEA";
    .port_info 12 /INPUT 1 "CEB";
    .port_info 13 /INPUT 1 "OCEA";
    .port_info 14 /INPUT 1 "OCEB";
    .port_info 15 /INPUT 1 "RESETA";
    .port_info 16 /INPUT 1 "RESETB";
P_0x10394e4e0 .param/l "BIT_WIDTH_0" 0 3 1647, +C4<00000000000000000000000000010000>;
P_0x10394e520 .param/l "BIT_WIDTH_1" 0 3 1648, +C4<00000000000000000000000000010000>;
P_0x10394e560 .param/l "BLK_SEL" 0 3 1649, C4<000>;
P_0x10394e5a0 .param/l "INIT_RAM_00" 0 3 1651, C4<0000000000000000000000000000000000000000000000000000000000000000000000000000000000000000000000000000000000000000000000000000000000000000000000000000000000000000000000000000000000000000000000000000000000000000000000000000000000000000000000000000000000000000>;
P_0x10394e5e0 .param/l "INIT_RAM_01" 0 3 1652, C4<0000000000000000000000000000000000000000000000000000000000000000000000000000000000000000000000000000000000000000000000000000000000000000000000000000000000000000000000000000000000000000000000000000000000000000000000000000000000000000000000000000000000000000>;
P_0x10394e620 .param/l "INIT_RAM_02" 0 3 1653, C4<0000000000000000000000000000000000000000000000000000000000000000000000000000000000000000000000000000000000000000000000000000000000000000000000000000000000000000000000000000000000000000000000000000000000000000000000000000000000000000000000000000000000000000>;
P_0x10394e660 .param/l "INIT_RAM_03" 0 3 1654, C4<0000000000000000000000000000000000000000000000000000000000000000000000000000000000000000000000000000000000000000000000000000000000000000000000000000000000000000000000000000000000000000000000000000000000000000000000000000000000000000000000000000000000000000>;
P_0x10394e6a0 .param/l "INIT_RAM_04" 0 3 1655, C4<0000000000000000000000000000000000000000000000000000000000000000000000000000000000000000000000000000000000000000000000000000000000000000000000000000000000000000000000000000000000000000000000000000000000000000000000000000000000000000000000000000000000000000>;
P_0x10394e6e0 .param/l "INIT_RAM_05" 0 3 1656, C4<0000000000000000000000000000000000000000000000000000000000000000000000000000000000000000000000000000000000000000000000000000000000000000000000000000000000000000000000000000000000000000000000000000000000000000000000000000000000000000000000000000000000000000>;
P_0x10394e720 .param/l "INIT_RAM_06" 0 3 1657, C4<0000000000000000000000000000000000000000000000000000000000000000000000000000000000000000000000000000000000000000000000000000000000000000000000000000000000000000000000000000000000000000000000000000000000000000000000000000000000000000000000000000000000000000>;
P_0x10394e760 .param/l "INIT_RAM_07" 0 3 1658, C4<0000000000000000000000000000000000000000000000000000000000000000000000000000000000000000000000000000000000000000000000000000000000000000000000000000000000000000000000000000000000000000000000000000000000000000000000000000000000000000000000000000000000000000>;
P_0x10394e7a0 .param/l "INIT_RAM_08" 0 3 1659, C4<0000000000000000000000000000000000000000000000000000000000000000000000000000000000000000000000000000000000000000000000000000000000000000000000000000000000000000000000000000000000000000000000000000000000000000000000000000000000000000000000000000000000000000>;
P_0x10394e7e0 .param/l "INIT_RAM_09" 0 3 1660, C4<0000000000000000000000000000000000000000000000000000000000000000000000000000000000000000000000000000000000000000000000000000000000000000000000000000000000000000000000000000000000000000000000000000000000000000000000000000000000000000000000000000000000000000>;
P_0x10394e820 .param/l "INIT_RAM_0A" 0 3 1661, C4<0000000000000000000000000000000000000000000000000000000000000000000000000000000000000000000000000000000000000000000000000000000000000000000000000000000000000000000000000000000000000000000000000000000000000000000000000000000000000000000000000000000000000000>;
P_0x10394e860 .param/l "INIT_RAM_0B" 0 3 1662, C4<0000000000000000000000000000000000000000000000000000000000000000000000000000000000000000000000000000000000000000000000000000000000000000000000000000000000000000000000000000000000000000000000000000000000000000000000000000000000000000000000000000000000000000>;
P_0x10394e8a0 .param/l "INIT_RAM_0C" 0 3 1663, C4<0000000000000000000000000000000000000000000000000000000000000000000000000000000000000000000000000000000000000000000000000000000000000000000000000000000000000000000000000000000000000000000000000000000000000000000000000000000000000000000000000000000000000000>;
P_0x10394e8e0 .param/l "INIT_RAM_0D" 0 3 1664, C4<0000000000000000000000000000000000000000000000000000000000000000000000000000000000000000000000000000000000000000000000000000000000000000000000000000000000000000000000000000000000000000000000000000000000000000000000000000000000000000000000000000000000000000>;
P_0x10394e920 .param/l "INIT_RAM_0E" 0 3 1665, C4<0000000000000000000000000000000000000000000000000000000000000000000000000000000000000000000000000000000000000000000000000000000000000000000000000000000000000000000000000000000000000000000000000000000000000000000000000000000000000000000000000000000000000000>;
P_0x10394e960 .param/l "INIT_RAM_0F" 0 3 1666, C4<0000000000000000000000000000000000000000000000000000000000000000000000000000000000000000000000000000000000000000000000000000000000000000000000000000000000000000000000000000000000000000000000000000000000000000000000000000000000000000000000000000000000000000>;
P_0x10394e9a0 .param/l "INIT_RAM_10" 0 3 1667, C4<0000000000000000000000000000000000000000000000000000000000000000000000000000000000000000000000000000000000000000000000000000000000000000000000000000000000000000000000000000000000000000000000000000000000000000000000000000000000000000000000000000000000000000>;
P_0x10394e9e0 .param/l "INIT_RAM_11" 0 3 1668, C4<0000000000000000000000000000000000000000000000000000000000000000000000000000000000000000000000000000000000000000000000000000000000000000000000000000000000000000000000000000000000000000000000000000000000000000000000000000000000000000000000000000000000000000>;
P_0x10394ea20 .param/l "INIT_RAM_12" 0 3 1669, C4<0000000000000000000000000000000000000000000000000000000000000000000000000000000000000000000000000000000000000000000000000000000000000000000000000000000000000000000000000000000000000000000000000000000000000000000000000000000000000000000000000000000000000000>;
P_0x10394ea60 .param/l "INIT_RAM_13" 0 3 1670, C4<0000000000000000000000000000000000000000000000000000000000000000000000000000000000000000000000000000000000000000000000000000000000000000000000000000000000000000000000000000000000000000000000000000000000000000000000000000000000000000000000000000000000000000>;
P_0x10394eaa0 .param/l "INIT_RAM_14" 0 3 1671, C4<0000000000000000000000000000000000000000000000000000000000000000000000000000000000000000000000000000000000000000000000000000000000000000000000000000000000000000000000000000000000000000000000000000000000000000000000000000000000000000000000000000000000000000>;
P_0x10394eae0 .param/l "INIT_RAM_15" 0 3 1672, C4<0000000000000000000000000000000000000000000000000000000000000000000000000000000000000000000000000000000000000000000000000000000000000000000000000000000000000000000000000000000000000000000000000000000000000000000000000000000000000000000000000000000000000000>;
P_0x10394eb20 .param/l "INIT_RAM_16" 0 3 1673, C4<0000000000000000000000000000000000000000000000000000000000000000000000000000000000000000000000000000000000000000000000000000000000000000000000000000000000000000000000000000000000000000000000000000000000000000000000000000000000000000000000000000000000000000>;
P_0x10394eb60 .param/l "INIT_RAM_17" 0 3 1674, C4<0000000000000000000000000000000000000000000000000000000000000000000000000000000000000000000000000000000000000000000000000000000000000000000000000000000000000000000000000000000000000000000000000000000000000000000000000000000000000000000000000000000000000000>;
P_0x10394eba0 .param/l "INIT_RAM_18" 0 3 1675, C4<0000000000000000000000000000000000000000000000000000000000000000000000000000000000000000000000000000000000000000000000000000000000000000000000000000000000000000000000000000000000000000000000000000000000000000000000000000000000000000000000000000000000000000>;
P_0x10394ebe0 .param/l "INIT_RAM_19" 0 3 1676, C4<0000000000000000000000000000000000000000000000000000000000000000000000000000000000000000000000000000000000000000000000000000000000000000000000000000000000000000000000000000000000000000000000000000000000000000000000000000000000000000000000000000000000000000>;
P_0x10394ec20 .param/l "INIT_RAM_1A" 0 3 1677, C4<0000000000000000000000000000000000000000000000000000000000000000000000000000000000000000000000000000000000000000000000000000000000000000000000000000000000000000000000000000000000000000000000000000000000000000000000000000000000000000000000000000000000000000>;
P_0x10394ec60 .param/l "INIT_RAM_1B" 0 3 1678, C4<0000000000000000000000000000000000000000000000000000000000000000000000000000000000000000000000000000000000000000000000000000000000000000000000000000000000000000000000000000000000000000000000000000000000000000000000000000000000000000000000000000000000000000>;
P_0x10394eca0 .param/l "INIT_RAM_1C" 0 3 1679, C4<0000000000000000000000000000000000000000000000000000000000000000000000000000000000000000000000000000000000000000000000000000000000000000000000000000000000000000000000000000000000000000000000000000000000000000000000000000000000000000000000000000000000000000>;
P_0x10394ece0 .param/l "INIT_RAM_1D" 0 3 1680, C4<0000000000000000000000000000000000000000000000000000000000000000000000000000000000000000000000000000000000000000000000000000000000000000000000000000000000000000000000000000000000000000000000000000000000000000000000000000000000000000000000000000000000000000>;
P_0x10394ed20 .param/l "INIT_RAM_1E" 0 3 1681, C4<0000000000000000000000000000000000000000000000000000000000000000000000000000000000000000000000000000000000000000000000000000000000000000000000000000000000000000000000000000000000000000000000000000000000000000000000000000000000000000000000000000000000000000>;
P_0x10394ed60 .param/l "INIT_RAM_1F" 0 3 1682, C4<0000000000000000000000000000000000000000000000000000000000000000000000000000000000000000000000000000000000000000000000000000000000000000000000000000000000000000000000000000000000000000000000000000000000000000000000000000000000000000000000000000000000000000>;
P_0x10394eda0 .param/l "INIT_RAM_20" 0 3 1683, C4<0000000000000000000000000000000000000000000000000000000000000000000000000000000000000000000000000000000000000000000000000000000000000000000000000000000000000000000000000000000000000000000000000000000000000000000000000000000000000000000000000000000000000000>;
P_0x10394ede0 .param/l "INIT_RAM_21" 0 3 1684, C4<0000000000000000000000000000000000000000000000000000000000000000000000000000000000000000000000000000000000000000000000000000000000000000000000000000000000000000000000000000000000000000000000000000000000000000000000000000000000000000000000000000000000000000>;
P_0x10394ee20 .param/l "INIT_RAM_22" 0 3 1685, C4<0000000000000000000000000000000000000000000000000000000000000000000000000000000000000000000000000000000000000000000000000000000000000000000000000000000000000000000000000000000000000000000000000000000000000000000000000000000000000000000000000000000000000000>;
P_0x10394ee60 .param/l "INIT_RAM_23" 0 3 1686, C4<0000000000000000000000000000000000000000000000000000000000000000000000000000000000000000000000000000000000000000000000000000000000000000000000000000000000000000000000000000000000000000000000000000000000000000000000000000000000000000000000000000000000000000>;
P_0x10394eea0 .param/l "INIT_RAM_24" 0 3 1687, C4<0000000000000000000000000000000000000000000000000000000000000000000000000000000000000000000000000000000000000000000000000000000000000000000000000000000000000000000000000000000000000000000000000000000000000000000000000000000000000000000000000000000000000000>;
P_0x10394eee0 .param/l "INIT_RAM_25" 0 3 1688, C4<0000000000000000000000000000000000000000000000000000000000000000000000000000000000000000000000000000000000000000000000000000000000000000000000000000000000000000000000000000000000000000000000000000000000000000000000000000000000000000000000000000000000000000>;
P_0x10394ef20 .param/l "INIT_RAM_26" 0 3 1689, C4<0000000000000000000000000000000000000000000000000000000000000000000000000000000000000000000000000000000000000000000000000000000000000000000000000000000000000000000000000000000000000000000000000000000000000000000000000000000000000000000000000000000000000000>;
P_0x10394ef60 .param/l "INIT_RAM_27" 0 3 1690, C4<0000000000000000000000000000000000000000000000000000000000000000000000000000000000000000000000000000000000000000000000000000000000000000000000000000000000000000000000000000000000000000000000000000000000000000000000000000000000000000000000000000000000000000>;
P_0x10394efa0 .param/l "INIT_RAM_28" 0 3 1691, C4<0000000000000000000000000000000000000000000000000000000000000000000000000000000000000000000000000000000000000000000000000000000000000000000000000000000000000000000000000000000000000000000000000000000000000000000000000000000000000000000000000000000000000000>;
P_0x10394efe0 .param/l "INIT_RAM_29" 0 3 1692, C4<0000000000000000000000000000000000000000000000000000000000000000000000000000000000000000000000000000000000000000000000000000000000000000000000000000000000000000000000000000000000000000000000000000000000000000000000000000000000000000000000000000000000000000>;
P_0x10394f020 .param/l "INIT_RAM_2A" 0 3 1693, C4<0000000000000000000000000000000000000000000000000000000000000000000000000000000000000000000000000000000000000000000000000000000000000000000000000000000000000000000000000000000000000000000000000000000000000000000000000000000000000000000000000000000000000000>;
P_0x10394f060 .param/l "INIT_RAM_2B" 0 3 1694, C4<0000000000000000000000000000000000000000000000000000000000000000000000000000000000000000000000000000000000000000000000000000000000000000000000000000000000000000000000000000000000000000000000000000000000000000000000000000000000000000000000000000000000000000>;
P_0x10394f0a0 .param/l "INIT_RAM_2C" 0 3 1695, C4<0000000000000000000000000000000000000000000000000000000000000000000000000000000000000000000000000000000000000000000000000000000000000000000000000000000000000000000000000000000000000000000000000000000000000000000000000000000000000000000000000000000000000000>;
P_0x10394f0e0 .param/l "INIT_RAM_2D" 0 3 1696, C4<0000000000000000000000000000000000000000000000000000000000000000000000000000000000000000000000000000000000000000000000000000000000000000000000000000000000000000000000000000000000000000000000000000000000000000000000000000000000000000000000000000000000000000>;
P_0x10394f120 .param/l "INIT_RAM_2E" 0 3 1697, C4<0000000000000000000000000000000000000000000000000000000000000000000000000000000000000000000000000000000000000000000000000000000000000000000000000000000000000000000000000000000000000000000000000000000000000000000000000000000000000000000000000000000000000000>;
P_0x10394f160 .param/l "INIT_RAM_2F" 0 3 1698, C4<0000000000000000000000000000000000000000000000000000000000000000000000000000000000000000000000000000000000000000000000000000000000000000000000000000000000000000000000000000000000000000000000000000000000000000000000000000000000000000000000000000000000000000>;
P_0x10394f1a0 .param/l "INIT_RAM_30" 0 3 1699, C4<0000000000000000000000000000000000000000000000000000000000000000000000000000000000000000000000000000000000000000000000000000000000000000000000000000000000000000000000000000000000000000000000000000000000000000000000000000000000000000000000000000000000000000>;
P_0x10394f1e0 .param/l "INIT_RAM_31" 0 3 1700, C4<0000000000000000000000000000000000000000000000000000000000000000000000000000000000000000000000000000000000000000000000000000000000000000000000000000000000000000000000000000000000000000000000000000000000000000000000000000000000000000000000000000000000000000>;
P_0x10394f220 .param/l "INIT_RAM_32" 0 3 1701, C4<0000000000000000000000000000000000000000000000000000000000000000000000000000000000000000000000000000000000000000000000000000000000000000000000000000000000000000000000000000000000000000000000000000000000000000000000000000000000000000000000000000000000000000>;
P_0x10394f260 .param/l "INIT_RAM_33" 0 3 1702, C4<0000000000000000000000000000000000000000000000000000000000000000000000000000000000000000000000000000000000000000000000000000000000000000000000000000000000000000000000000000000000000000000000000000000000000000000000000000000000000000000000000000000000000000>;
P_0x10394f2a0 .param/l "INIT_RAM_34" 0 3 1703, C4<0000000000000000000000000000000000000000000000000000000000000000000000000000000000000000000000000000000000000000000000000000000000000000000000000000000000000000000000000000000000000000000000000000000000000000000000000000000000000000000000000000000000000000>;
P_0x10394f2e0 .param/l "INIT_RAM_35" 0 3 1704, C4<0000000000000000000000000000000000000000000000000000000000000000000000000000000000000000000000000000000000000000000000000000000000000000000000000000000000000000000000000000000000000000000000000000000000000000000000000000000000000000000000000000000000000000>;
P_0x10394f320 .param/l "INIT_RAM_36" 0 3 1705, C4<0000000000000000000000000000000000000000000000000000000000000000000000000000000000000000000000000000000000000000000000000000000000000000000000000000000000000000000000000000000000000000000000000000000000000000000000000000000000000000000000000000000000000000>;
P_0x10394f360 .param/l "INIT_RAM_37" 0 3 1706, C4<0000000000000000000000000000000000000000000000000000000000000000000000000000000000000000000000000000000000000000000000000000000000000000000000000000000000000000000000000000000000000000000000000000000000000000000000000000000000000000000000000000000000000000>;
P_0x10394f3a0 .param/l "INIT_RAM_38" 0 3 1707, C4<0000000000000000000000000000000000000000000000000000000000000000000000000000000000000000000000000000000000000000000000000000000000000000000000000000000000000000000000000000000000000000000000000000000000000000000000000000000000000000000000000000000000000000>;
P_0x10394f3e0 .param/l "INIT_RAM_39" 0 3 1708, C4<0000000000000000000000000000000000000000000000000000000000000000000000000000000000000000000000000000000000000000000000000000000000000000000000000000000000000000000000000000000000000000000000000000000000000000000000000000000000000000000000000000000000000000>;
P_0x10394f420 .param/l "INIT_RAM_3A" 0 3 1709, C4<0000000000000000000000000000000000000000000000000000000000000000000000000000000000000000000000000000000000000000000000000000000000000000000000000000000000000000000000000000000000000000000000000000000000000000000000000000000000000000000000000000000000000000>;
P_0x10394f460 .param/l "INIT_RAM_3B" 0 3 1710, C4<0000000000000000000000000000000000000000000000000000000000000000000000000000000000000000000000000000000000000000000000000000000000000000000000000000000000000000000000000000000000000000000000000000000000000000000000000000000000000000000000000000000000000000>;
P_0x10394f4a0 .param/l "INIT_RAM_3C" 0 3 1711, C4<0000000000000000000000000000000000000000000000000000000000000000000000000000000000000000000000000000000000000000000000000000000000000000000000000000000000000000000000000000000000000000000000000000000000000000000000000000000000000000000000000000000000000000>;
P_0x10394f4e0 .param/l "INIT_RAM_3D" 0 3 1712, C4<0000000000000000000000000000000000000000000000000000000000000000000000000000000000000000000000000000000000000000000000000000000000000000000000000000000000000000000000000000000000000000000000000000000000000000000000000000000000000000000000000000000000000000>;
P_0x10394f520 .param/l "INIT_RAM_3E" 0 3 1713, C4<0000000000000000000000000000000000000000000000000000000000000000000000000000000000000000000000000000000000000000000000000000000000000000000000000000000000000000000000000000000000000000000000000000000000000000000000000000000000000000000000000000000000000000>;
P_0x10394f560 .param/l "INIT_RAM_3F" 0 3 1714, C4<0000000000000000000000000000000000000000000000000000000000000000000000000000000000000000000000000000000000000000000000000000000000000000000000000000000000000000000000000000000000000000000000000000000000000000000000000000000000000000000000000000000000000000>;
P_0x10394f5a0 .param/l "READ_MODE0" 0 3 1643, C4<0>;
P_0x10394f5e0 .param/l "READ_MODE1" 0 3 1644, C4<0>;
P_0x10394f620 .param/str "RESET_MODE" 0 3 1650, "SYNC";
P_0x10394f660 .param/l "WRITE_MODE0" 0 3 1645, C4<00>;
P_0x10394f6a0 .param/l "WRITE_MODE1" 0 3 1646, C4<00>;
o0xb83446350 .functor BUFZ 14, c4<zzzzzzzzzzzzzz>; HiZ drive
v0xb82cdc780_0 .net "ADA", 13 0, o0xb83446350;  0 drivers
o0xb83446380 .functor BUFZ 14, c4<zzzzzzzzzzzzzz>; HiZ drive
v0xb82cdc820_0 .net "ADB", 13 0, o0xb83446380;  0 drivers
o0xb834463b0 .functor BUFZ 3, c4<zzz>; HiZ drive
v0xb82cdc8c0_0 .net "BLKSEL", 2 0, o0xb834463b0;  0 drivers
o0xb834463e0 .functor BUFZ 1, c4<z>; HiZ drive
v0xb82cdc960_0 .net "CEA", 0 0, o0xb834463e0;  0 drivers
o0xb83446410 .functor BUFZ 1, c4<z>; HiZ drive
v0xb82cdca00_0 .net "CEB", 0 0, o0xb83446410;  0 drivers
o0xb83446440 .functor BUFZ 1, c4<z>; HiZ drive
v0xb82cdcaa0_0 .net "CLKA", 0 0, o0xb83446440;  0 drivers
o0xb83446470 .functor BUFZ 1, c4<z>; HiZ drive
v0xb82cdcb40_0 .net "CLKB", 0 0, o0xb83446470;  0 drivers
o0xb834464a0 .functor BUFZ 16, c4<zzzzzzzzzzzzzzzz>; HiZ drive
v0xb82cdcbe0_0 .net "DIA", 15 0, o0xb834464a0;  0 drivers
o0xb834464d0 .functor BUFZ 16, c4<zzzzzzzzzzzzzzzz>; HiZ drive
v0xb82cdcc80_0 .net "DIB", 15 0, o0xb834464d0;  0 drivers
o0xb83446500 .functor BUFZ 16, c4<zzzzzzzzzzzzzzzz>; HiZ drive
v0xb82cdcd20_0 .net "DOA", 15 0, o0xb83446500;  0 drivers
o0xb83446530 .functor BUFZ 16, c4<zzzzzzzzzzzzzzzz>; HiZ drive
v0xb82cdcdc0_0 .net "DOB", 15 0, o0xb83446530;  0 drivers
o0xb83446560 .functor BUFZ 1, c4<z>; HiZ drive
v0xb82cdce60_0 .net "OCEA", 0 0, o0xb83446560;  0 drivers
o0xb83446590 .functor BUFZ 1, c4<z>; HiZ drive
v0xb82cdcf00_0 .net "OCEB", 0 0, o0xb83446590;  0 drivers
o0xb834465c0 .functor BUFZ 1, c4<z>; HiZ drive
v0xb82cdcfa0_0 .net "RESETA", 0 0, o0xb834465c0;  0 drivers
o0xb834465f0 .functor BUFZ 1, c4<z>; HiZ drive
v0xb82cdd040_0 .net "RESETB", 0 0, o0xb834465f0;  0 drivers
o0xb83446620 .functor BUFZ 1, c4<z>; HiZ drive
v0xb82cdd0e0_0 .net "WREA", 0 0, o0xb83446620;  0 drivers
o0xb83446650 .functor BUFZ 1, c4<z>; HiZ drive
v0xb82cdd180_0 .net "WREB", 0 0, o0xb83446650;  0 drivers
S_0xb831adc80 .scope module, "DPX9" "DPX9" 3 1729;
 .timescale 0 0;
    .port_info 0 /OUTPUT 18 "DOA";
    .port_info 1 /OUTPUT 18 "DOB";
    .port_info 2 /INPUT 18 "DIA";
    .port_info 3 /INPUT 18 "DIB";
    .port_info 4 /INPUT 3 "BLKSEL";
    .port_info 5 /INPUT 14 "ADA";
    .port_info 6 /INPUT 14 "ADB";
    .port_info 7 /INPUT 1 "WREA";
    .port_info 8 /INPUT 1 "WREB";
    .port_info 9 /INPUT 1 "CLKA";
    .port_info 10 /INPUT 1 "CLKB";
    .port_info 11 /INPUT 1 "CEA";
    .port_info 12 /INPUT 1 "CEB";
    .port_info 13 /INPUT 1 "OCEA";
    .port_info 14 /INPUT 1 "OCEB";
    .port_info 15 /INPUT 1 "RESETA";
    .port_info 16 /INPUT 1 "RESETB";
P_0xb831b0000 .param/l "BIT_WIDTH_0" 0 3 1735, +C4<00000000000000000000000000010010>;
P_0xb831b0040 .param/l "BIT_WIDTH_1" 0 3 1736, +C4<00000000000000000000000000010010>;
P_0xb831b0080 .param/l "BLK_SEL" 0 3 1737, C4<000>;
P_0xb831b00c0 .param/l "INIT_RAM_00" 0 3 1739, C4<000000000000000000000000000000000000000000000000000000000000000000000000000000000000000000000000000000000000000000000000000000000000000000000000000000000000000000000000000000000000000000000000000000000000000000000000000000000000000000000000000000000000000000000000000000000000000000000000>;
P_0xb831b0100 .param/l "INIT_RAM_01" 0 3 1740, C4<000000000000000000000000000000000000000000000000000000000000000000000000000000000000000000000000000000000000000000000000000000000000000000000000000000000000000000000000000000000000000000000000000000000000000000000000000000000000000000000000000000000000000000000000000000000000000000000000>;
P_0xb831b0140 .param/l "INIT_RAM_02" 0 3 1741, C4<000000000000000000000000000000000000000000000000000000000000000000000000000000000000000000000000000000000000000000000000000000000000000000000000000000000000000000000000000000000000000000000000000000000000000000000000000000000000000000000000000000000000000000000000000000000000000000000000>;
P_0xb831b0180 .param/l "INIT_RAM_03" 0 3 1742, C4<000000000000000000000000000000000000000000000000000000000000000000000000000000000000000000000000000000000000000000000000000000000000000000000000000000000000000000000000000000000000000000000000000000000000000000000000000000000000000000000000000000000000000000000000000000000000000000000000>;
P_0xb831b01c0 .param/l "INIT_RAM_04" 0 3 1743, C4<000000000000000000000000000000000000000000000000000000000000000000000000000000000000000000000000000000000000000000000000000000000000000000000000000000000000000000000000000000000000000000000000000000000000000000000000000000000000000000000000000000000000000000000000000000000000000000000000>;
P_0xb831b0200 .param/l "INIT_RAM_05" 0 3 1744, C4<000000000000000000000000000000000000000000000000000000000000000000000000000000000000000000000000000000000000000000000000000000000000000000000000000000000000000000000000000000000000000000000000000000000000000000000000000000000000000000000000000000000000000000000000000000000000000000000000>;
P_0xb831b0240 .param/l "INIT_RAM_06" 0 3 1745, C4<000000000000000000000000000000000000000000000000000000000000000000000000000000000000000000000000000000000000000000000000000000000000000000000000000000000000000000000000000000000000000000000000000000000000000000000000000000000000000000000000000000000000000000000000000000000000000000000000>;
P_0xb831b0280 .param/l "INIT_RAM_07" 0 3 1746, C4<000000000000000000000000000000000000000000000000000000000000000000000000000000000000000000000000000000000000000000000000000000000000000000000000000000000000000000000000000000000000000000000000000000000000000000000000000000000000000000000000000000000000000000000000000000000000000000000000>;
P_0xb831b02c0 .param/l "INIT_RAM_08" 0 3 1747, C4<000000000000000000000000000000000000000000000000000000000000000000000000000000000000000000000000000000000000000000000000000000000000000000000000000000000000000000000000000000000000000000000000000000000000000000000000000000000000000000000000000000000000000000000000000000000000000000000000>;
P_0xb831b0300 .param/l "INIT_RAM_09" 0 3 1748, C4<000000000000000000000000000000000000000000000000000000000000000000000000000000000000000000000000000000000000000000000000000000000000000000000000000000000000000000000000000000000000000000000000000000000000000000000000000000000000000000000000000000000000000000000000000000000000000000000000>;
P_0xb831b0340 .param/l "INIT_RAM_0A" 0 3 1749, C4<000000000000000000000000000000000000000000000000000000000000000000000000000000000000000000000000000000000000000000000000000000000000000000000000000000000000000000000000000000000000000000000000000000000000000000000000000000000000000000000000000000000000000000000000000000000000000000000000>;
P_0xb831b0380 .param/l "INIT_RAM_0B" 0 3 1750, C4<000000000000000000000000000000000000000000000000000000000000000000000000000000000000000000000000000000000000000000000000000000000000000000000000000000000000000000000000000000000000000000000000000000000000000000000000000000000000000000000000000000000000000000000000000000000000000000000000>;
P_0xb831b03c0 .param/l "INIT_RAM_0C" 0 3 1751, C4<000000000000000000000000000000000000000000000000000000000000000000000000000000000000000000000000000000000000000000000000000000000000000000000000000000000000000000000000000000000000000000000000000000000000000000000000000000000000000000000000000000000000000000000000000000000000000000000000>;
P_0xb831b0400 .param/l "INIT_RAM_0D" 0 3 1752, C4<000000000000000000000000000000000000000000000000000000000000000000000000000000000000000000000000000000000000000000000000000000000000000000000000000000000000000000000000000000000000000000000000000000000000000000000000000000000000000000000000000000000000000000000000000000000000000000000000>;
P_0xb831b0440 .param/l "INIT_RAM_0E" 0 3 1753, C4<000000000000000000000000000000000000000000000000000000000000000000000000000000000000000000000000000000000000000000000000000000000000000000000000000000000000000000000000000000000000000000000000000000000000000000000000000000000000000000000000000000000000000000000000000000000000000000000000>;
P_0xb831b0480 .param/l "INIT_RAM_0F" 0 3 1754, C4<000000000000000000000000000000000000000000000000000000000000000000000000000000000000000000000000000000000000000000000000000000000000000000000000000000000000000000000000000000000000000000000000000000000000000000000000000000000000000000000000000000000000000000000000000000000000000000000000>;
P_0xb831b04c0 .param/l "INIT_RAM_10" 0 3 1755, C4<000000000000000000000000000000000000000000000000000000000000000000000000000000000000000000000000000000000000000000000000000000000000000000000000000000000000000000000000000000000000000000000000000000000000000000000000000000000000000000000000000000000000000000000000000000000000000000000000>;
P_0xb831b0500 .param/l "INIT_RAM_11" 0 3 1756, C4<000000000000000000000000000000000000000000000000000000000000000000000000000000000000000000000000000000000000000000000000000000000000000000000000000000000000000000000000000000000000000000000000000000000000000000000000000000000000000000000000000000000000000000000000000000000000000000000000>;
P_0xb831b0540 .param/l "INIT_RAM_12" 0 3 1757, C4<000000000000000000000000000000000000000000000000000000000000000000000000000000000000000000000000000000000000000000000000000000000000000000000000000000000000000000000000000000000000000000000000000000000000000000000000000000000000000000000000000000000000000000000000000000000000000000000000>;
P_0xb831b0580 .param/l "INIT_RAM_13" 0 3 1758, C4<000000000000000000000000000000000000000000000000000000000000000000000000000000000000000000000000000000000000000000000000000000000000000000000000000000000000000000000000000000000000000000000000000000000000000000000000000000000000000000000000000000000000000000000000000000000000000000000000>;
P_0xb831b05c0 .param/l "INIT_RAM_14" 0 3 1759, C4<000000000000000000000000000000000000000000000000000000000000000000000000000000000000000000000000000000000000000000000000000000000000000000000000000000000000000000000000000000000000000000000000000000000000000000000000000000000000000000000000000000000000000000000000000000000000000000000000>;
P_0xb831b0600 .param/l "INIT_RAM_15" 0 3 1760, C4<000000000000000000000000000000000000000000000000000000000000000000000000000000000000000000000000000000000000000000000000000000000000000000000000000000000000000000000000000000000000000000000000000000000000000000000000000000000000000000000000000000000000000000000000000000000000000000000000>;
P_0xb831b0640 .param/l "INIT_RAM_16" 0 3 1761, C4<000000000000000000000000000000000000000000000000000000000000000000000000000000000000000000000000000000000000000000000000000000000000000000000000000000000000000000000000000000000000000000000000000000000000000000000000000000000000000000000000000000000000000000000000000000000000000000000000>;
P_0xb831b0680 .param/l "INIT_RAM_17" 0 3 1762, C4<000000000000000000000000000000000000000000000000000000000000000000000000000000000000000000000000000000000000000000000000000000000000000000000000000000000000000000000000000000000000000000000000000000000000000000000000000000000000000000000000000000000000000000000000000000000000000000000000>;
P_0xb831b06c0 .param/l "INIT_RAM_18" 0 3 1763, C4<000000000000000000000000000000000000000000000000000000000000000000000000000000000000000000000000000000000000000000000000000000000000000000000000000000000000000000000000000000000000000000000000000000000000000000000000000000000000000000000000000000000000000000000000000000000000000000000000>;
P_0xb831b0700 .param/l "INIT_RAM_19" 0 3 1764, C4<000000000000000000000000000000000000000000000000000000000000000000000000000000000000000000000000000000000000000000000000000000000000000000000000000000000000000000000000000000000000000000000000000000000000000000000000000000000000000000000000000000000000000000000000000000000000000000000000>;
P_0xb831b0740 .param/l "INIT_RAM_1A" 0 3 1765, C4<000000000000000000000000000000000000000000000000000000000000000000000000000000000000000000000000000000000000000000000000000000000000000000000000000000000000000000000000000000000000000000000000000000000000000000000000000000000000000000000000000000000000000000000000000000000000000000000000>;
P_0xb831b0780 .param/l "INIT_RAM_1B" 0 3 1766, C4<000000000000000000000000000000000000000000000000000000000000000000000000000000000000000000000000000000000000000000000000000000000000000000000000000000000000000000000000000000000000000000000000000000000000000000000000000000000000000000000000000000000000000000000000000000000000000000000000>;
P_0xb831b07c0 .param/l "INIT_RAM_1C" 0 3 1767, C4<000000000000000000000000000000000000000000000000000000000000000000000000000000000000000000000000000000000000000000000000000000000000000000000000000000000000000000000000000000000000000000000000000000000000000000000000000000000000000000000000000000000000000000000000000000000000000000000000>;
P_0xb831b0800 .param/l "INIT_RAM_1D" 0 3 1768, C4<000000000000000000000000000000000000000000000000000000000000000000000000000000000000000000000000000000000000000000000000000000000000000000000000000000000000000000000000000000000000000000000000000000000000000000000000000000000000000000000000000000000000000000000000000000000000000000000000>;
P_0xb831b0840 .param/l "INIT_RAM_1E" 0 3 1769, C4<000000000000000000000000000000000000000000000000000000000000000000000000000000000000000000000000000000000000000000000000000000000000000000000000000000000000000000000000000000000000000000000000000000000000000000000000000000000000000000000000000000000000000000000000000000000000000000000000>;
P_0xb831b0880 .param/l "INIT_RAM_1F" 0 3 1770, C4<000000000000000000000000000000000000000000000000000000000000000000000000000000000000000000000000000000000000000000000000000000000000000000000000000000000000000000000000000000000000000000000000000000000000000000000000000000000000000000000000000000000000000000000000000000000000000000000000>;
P_0xb831b08c0 .param/l "INIT_RAM_20" 0 3 1771, C4<000000000000000000000000000000000000000000000000000000000000000000000000000000000000000000000000000000000000000000000000000000000000000000000000000000000000000000000000000000000000000000000000000000000000000000000000000000000000000000000000000000000000000000000000000000000000000000000000>;
P_0xb831b0900 .param/l "INIT_RAM_21" 0 3 1772, C4<000000000000000000000000000000000000000000000000000000000000000000000000000000000000000000000000000000000000000000000000000000000000000000000000000000000000000000000000000000000000000000000000000000000000000000000000000000000000000000000000000000000000000000000000000000000000000000000000>;
P_0xb831b0940 .param/l "INIT_RAM_22" 0 3 1773, C4<000000000000000000000000000000000000000000000000000000000000000000000000000000000000000000000000000000000000000000000000000000000000000000000000000000000000000000000000000000000000000000000000000000000000000000000000000000000000000000000000000000000000000000000000000000000000000000000000>;
P_0xb831b0980 .param/l "INIT_RAM_23" 0 3 1774, C4<000000000000000000000000000000000000000000000000000000000000000000000000000000000000000000000000000000000000000000000000000000000000000000000000000000000000000000000000000000000000000000000000000000000000000000000000000000000000000000000000000000000000000000000000000000000000000000000000>;
P_0xb831b09c0 .param/l "INIT_RAM_24" 0 3 1775, C4<000000000000000000000000000000000000000000000000000000000000000000000000000000000000000000000000000000000000000000000000000000000000000000000000000000000000000000000000000000000000000000000000000000000000000000000000000000000000000000000000000000000000000000000000000000000000000000000000>;
P_0xb831b0a00 .param/l "INIT_RAM_25" 0 3 1776, C4<000000000000000000000000000000000000000000000000000000000000000000000000000000000000000000000000000000000000000000000000000000000000000000000000000000000000000000000000000000000000000000000000000000000000000000000000000000000000000000000000000000000000000000000000000000000000000000000000>;
P_0xb831b0a40 .param/l "INIT_RAM_26" 0 3 1777, C4<000000000000000000000000000000000000000000000000000000000000000000000000000000000000000000000000000000000000000000000000000000000000000000000000000000000000000000000000000000000000000000000000000000000000000000000000000000000000000000000000000000000000000000000000000000000000000000000000>;
P_0xb831b0a80 .param/l "INIT_RAM_27" 0 3 1778, C4<000000000000000000000000000000000000000000000000000000000000000000000000000000000000000000000000000000000000000000000000000000000000000000000000000000000000000000000000000000000000000000000000000000000000000000000000000000000000000000000000000000000000000000000000000000000000000000000000>;
P_0xb831b0ac0 .param/l "INIT_RAM_28" 0 3 1779, C4<000000000000000000000000000000000000000000000000000000000000000000000000000000000000000000000000000000000000000000000000000000000000000000000000000000000000000000000000000000000000000000000000000000000000000000000000000000000000000000000000000000000000000000000000000000000000000000000000>;
P_0xb831b0b00 .param/l "INIT_RAM_29" 0 3 1780, C4<000000000000000000000000000000000000000000000000000000000000000000000000000000000000000000000000000000000000000000000000000000000000000000000000000000000000000000000000000000000000000000000000000000000000000000000000000000000000000000000000000000000000000000000000000000000000000000000000>;
P_0xb831b0b40 .param/l "INIT_RAM_2A" 0 3 1781, C4<000000000000000000000000000000000000000000000000000000000000000000000000000000000000000000000000000000000000000000000000000000000000000000000000000000000000000000000000000000000000000000000000000000000000000000000000000000000000000000000000000000000000000000000000000000000000000000000000>;
P_0xb831b0b80 .param/l "INIT_RAM_2B" 0 3 1782, C4<000000000000000000000000000000000000000000000000000000000000000000000000000000000000000000000000000000000000000000000000000000000000000000000000000000000000000000000000000000000000000000000000000000000000000000000000000000000000000000000000000000000000000000000000000000000000000000000000>;
P_0xb831b0bc0 .param/l "INIT_RAM_2C" 0 3 1783, C4<000000000000000000000000000000000000000000000000000000000000000000000000000000000000000000000000000000000000000000000000000000000000000000000000000000000000000000000000000000000000000000000000000000000000000000000000000000000000000000000000000000000000000000000000000000000000000000000000>;
P_0xb831b0c00 .param/l "INIT_RAM_2D" 0 3 1784, C4<000000000000000000000000000000000000000000000000000000000000000000000000000000000000000000000000000000000000000000000000000000000000000000000000000000000000000000000000000000000000000000000000000000000000000000000000000000000000000000000000000000000000000000000000000000000000000000000000>;
P_0xb831b0c40 .param/l "INIT_RAM_2E" 0 3 1785, C4<000000000000000000000000000000000000000000000000000000000000000000000000000000000000000000000000000000000000000000000000000000000000000000000000000000000000000000000000000000000000000000000000000000000000000000000000000000000000000000000000000000000000000000000000000000000000000000000000>;
P_0xb831b0c80 .param/l "INIT_RAM_2F" 0 3 1786, C4<000000000000000000000000000000000000000000000000000000000000000000000000000000000000000000000000000000000000000000000000000000000000000000000000000000000000000000000000000000000000000000000000000000000000000000000000000000000000000000000000000000000000000000000000000000000000000000000000>;
P_0xb831b0cc0 .param/l "INIT_RAM_30" 0 3 1787, C4<000000000000000000000000000000000000000000000000000000000000000000000000000000000000000000000000000000000000000000000000000000000000000000000000000000000000000000000000000000000000000000000000000000000000000000000000000000000000000000000000000000000000000000000000000000000000000000000000>;
P_0xb831b0d00 .param/l "INIT_RAM_31" 0 3 1788, C4<000000000000000000000000000000000000000000000000000000000000000000000000000000000000000000000000000000000000000000000000000000000000000000000000000000000000000000000000000000000000000000000000000000000000000000000000000000000000000000000000000000000000000000000000000000000000000000000000>;
P_0xb831b0d40 .param/l "INIT_RAM_32" 0 3 1789, C4<000000000000000000000000000000000000000000000000000000000000000000000000000000000000000000000000000000000000000000000000000000000000000000000000000000000000000000000000000000000000000000000000000000000000000000000000000000000000000000000000000000000000000000000000000000000000000000000000>;
P_0xb831b0d80 .param/l "INIT_RAM_33" 0 3 1790, C4<000000000000000000000000000000000000000000000000000000000000000000000000000000000000000000000000000000000000000000000000000000000000000000000000000000000000000000000000000000000000000000000000000000000000000000000000000000000000000000000000000000000000000000000000000000000000000000000000>;
P_0xb831b0dc0 .param/l "INIT_RAM_34" 0 3 1791, C4<000000000000000000000000000000000000000000000000000000000000000000000000000000000000000000000000000000000000000000000000000000000000000000000000000000000000000000000000000000000000000000000000000000000000000000000000000000000000000000000000000000000000000000000000000000000000000000000000>;
P_0xb831b0e00 .param/l "INIT_RAM_35" 0 3 1792, C4<000000000000000000000000000000000000000000000000000000000000000000000000000000000000000000000000000000000000000000000000000000000000000000000000000000000000000000000000000000000000000000000000000000000000000000000000000000000000000000000000000000000000000000000000000000000000000000000000>;
P_0xb831b0e40 .param/l "INIT_RAM_36" 0 3 1793, C4<000000000000000000000000000000000000000000000000000000000000000000000000000000000000000000000000000000000000000000000000000000000000000000000000000000000000000000000000000000000000000000000000000000000000000000000000000000000000000000000000000000000000000000000000000000000000000000000000>;
P_0xb831b0e80 .param/l "INIT_RAM_37" 0 3 1794, C4<000000000000000000000000000000000000000000000000000000000000000000000000000000000000000000000000000000000000000000000000000000000000000000000000000000000000000000000000000000000000000000000000000000000000000000000000000000000000000000000000000000000000000000000000000000000000000000000000>;
P_0xb831b0ec0 .param/l "INIT_RAM_38" 0 3 1795, C4<000000000000000000000000000000000000000000000000000000000000000000000000000000000000000000000000000000000000000000000000000000000000000000000000000000000000000000000000000000000000000000000000000000000000000000000000000000000000000000000000000000000000000000000000000000000000000000000000>;
P_0xb831b0f00 .param/l "INIT_RAM_39" 0 3 1796, C4<000000000000000000000000000000000000000000000000000000000000000000000000000000000000000000000000000000000000000000000000000000000000000000000000000000000000000000000000000000000000000000000000000000000000000000000000000000000000000000000000000000000000000000000000000000000000000000000000>;
P_0xb831b0f40 .param/l "INIT_RAM_3A" 0 3 1797, C4<000000000000000000000000000000000000000000000000000000000000000000000000000000000000000000000000000000000000000000000000000000000000000000000000000000000000000000000000000000000000000000000000000000000000000000000000000000000000000000000000000000000000000000000000000000000000000000000000>;
P_0xb831b0f80 .param/l "INIT_RAM_3B" 0 3 1798, C4<000000000000000000000000000000000000000000000000000000000000000000000000000000000000000000000000000000000000000000000000000000000000000000000000000000000000000000000000000000000000000000000000000000000000000000000000000000000000000000000000000000000000000000000000000000000000000000000000>;
P_0xb831b0fc0 .param/l "INIT_RAM_3C" 0 3 1799, C4<000000000000000000000000000000000000000000000000000000000000000000000000000000000000000000000000000000000000000000000000000000000000000000000000000000000000000000000000000000000000000000000000000000000000000000000000000000000000000000000000000000000000000000000000000000000000000000000000>;
P_0xb831b1000 .param/l "INIT_RAM_3D" 0 3 1800, C4<000000000000000000000000000000000000000000000000000000000000000000000000000000000000000000000000000000000000000000000000000000000000000000000000000000000000000000000000000000000000000000000000000000000000000000000000000000000000000000000000000000000000000000000000000000000000000000000000>;
P_0xb831b1040 .param/l "INIT_RAM_3E" 0 3 1801, C4<000000000000000000000000000000000000000000000000000000000000000000000000000000000000000000000000000000000000000000000000000000000000000000000000000000000000000000000000000000000000000000000000000000000000000000000000000000000000000000000000000000000000000000000000000000000000000000000000>;
P_0xb831b1080 .param/l "INIT_RAM_3F" 0 3 1802, C4<000000000000000000000000000000000000000000000000000000000000000000000000000000000000000000000000000000000000000000000000000000000000000000000000000000000000000000000000000000000000000000000000000000000000000000000000000000000000000000000000000000000000000000000000000000000000000000000000>;
P_0xb831b10c0 .param/l "READ_MODE0" 0 3 1731, C4<0>;
P_0xb831b1100 .param/l "READ_MODE1" 0 3 1732, C4<0>;
P_0xb831b1140 .param/str "RESET_MODE" 0 3 1738, "SYNC";
P_0xb831b1180 .param/l "WRITE_MODE0" 0 3 1733, C4<00>;
P_0xb831b11c0 .param/l "WRITE_MODE1" 0 3 1734, C4<00>;
o0xb834469b0 .functor BUFZ 14, c4<zzzzzzzzzzzzzz>; HiZ drive
v0xb82cdd220_0 .net "ADA", 13 0, o0xb834469b0;  0 drivers
o0xb834469e0 .functor BUFZ 14, c4<zzzzzzzzzzzzzz>; HiZ drive
v0xb82cdd2c0_0 .net "ADB", 13 0, o0xb834469e0;  0 drivers
o0xb83446a10 .functor BUFZ 3, c4<zzz>; HiZ drive
v0xb82cdd360_0 .net "BLKSEL", 2 0, o0xb83446a10;  0 drivers
o0xb83446a40 .functor BUFZ 1, c4<z>; HiZ drive
v0xb82cdd400_0 .net "CEA", 0 0, o0xb83446a40;  0 drivers
o0xb83446a70 .functor BUFZ 1, c4<z>; HiZ drive
v0xb82cdd4a0_0 .net "CEB", 0 0, o0xb83446a70;  0 drivers
o0xb83446aa0 .functor BUFZ 1, c4<z>; HiZ drive
v0xb82cdd540_0 .net "CLKA", 0 0, o0xb83446aa0;  0 drivers
o0xb83446ad0 .functor BUFZ 1, c4<z>; HiZ drive
v0xb82cdd5e0_0 .net "CLKB", 0 0, o0xb83446ad0;  0 drivers
o0xb83446b00 .functor BUFZ 18, c4<zzzzzzzzzzzzzzzzzz>; HiZ drive
v0xb82cdd680_0 .net "DIA", 17 0, o0xb83446b00;  0 drivers
o0xb83446b30 .functor BUFZ 18, c4<zzzzzzzzzzzzzzzzzz>; HiZ drive
v0xb82cdd720_0 .net "DIB", 17 0, o0xb83446b30;  0 drivers
o0xb83446b60 .functor BUFZ 18, c4<zzzzzzzzzzzzzzzzzz>; HiZ drive
v0xb82cdd7c0_0 .net "DOA", 17 0, o0xb83446b60;  0 drivers
o0xb83446b90 .functor BUFZ 18, c4<zzzzzzzzzzzzzzzzzz>; HiZ drive
v0xb82cdd860_0 .net "DOB", 17 0, o0xb83446b90;  0 drivers
o0xb83446bc0 .functor BUFZ 1, c4<z>; HiZ drive
v0xb82cdd900_0 .net "OCEA", 0 0, o0xb83446bc0;  0 drivers
o0xb83446bf0 .functor BUFZ 1, c4<z>; HiZ drive
v0xb82cdd9a0_0 .net "OCEB", 0 0, o0xb83446bf0;  0 drivers
o0xb83446c20 .functor BUFZ 1, c4<z>; HiZ drive
v0xb82cdda40_0 .net "RESETA", 0 0, o0xb83446c20;  0 drivers
o0xb83446c50 .functor BUFZ 1, c4<z>; HiZ drive
v0xb82cddae0_0 .net "RESETB", 0 0, o0xb83446c50;  0 drivers
o0xb83446c80 .functor BUFZ 1, c4<z>; HiZ drive
v0xb82cddb80_0 .net "WREA", 0 0, o0xb83446c80;  0 drivers
o0xb83446cb0 .functor BUFZ 1, c4<z>; HiZ drive
v0xb82cddc20_0 .net "WREB", 0 0, o0xb83446cb0;  0 drivers
S_0xb831ade00 .scope module, "DQS" "DQS" 3 875;
 .timescale 0 0;
    .port_info 0 /OUTPUT 1 "DQSR90";
    .port_info 1 /OUTPUT 1 "DQSW0";
    .port_info 2 /OUTPUT 1 "DQSW270";
    .port_info 3 /OUTPUT 3 "RPOINT";
    .port_info 4 /OUTPUT 3 "WPOINT";
    .port_info 5 /OUTPUT 1 "RVALID";
    .port_info 6 /OUTPUT 1 "RBURST";
    .port_info 7 /OUTPUT 1 "RFLAG";
    .port_info 8 /OUTPUT 1 "WFLAG";
    .port_info 9 /INPUT 1 "DQSIN";
    .port_info 10 /INPUT 8 "DLLSTEP";
    .port_info 11 /INPUT 8 "WSTEP";
    .port_info 12 /INPUT 4 "READ";
    .port_info 13 /INPUT 1 "RLOADN";
    .port_info 14 /INPUT 1 "RMOVE";
    .port_info 15 /INPUT 1 "RDIR";
    .port_info 16 /INPUT 1 "WLOADN";
    .port_info 17 /INPUT 1 "WMOVE";
    .port_info 18 /INPUT 1 "WDIR";
    .port_info 19 /INPUT 1 "HOLD";
    .port_info 20 /INPUT 3 "RCLKSEL";
    .port_info 21 /INPUT 1 "PCLK";
    .port_info 22 /INPUT 1 "FCLK";
    .port_info 23 /INPUT 1 "RESET";
P_0x10393fa60 .param/str "DQS_MODE" 0 3 891, "\000";
P_0x10393faa0 .param/str "FIFO_MODE_SEL" 0 3 889, "\000";
P_0x10393fae0 .param/str "GSREN" 0 3 893, "\000";
P_0x10393fb20 .param/str "HWL" 0 3 892, "\000";
P_0x10393fb60 .param/str "ID" 0 3 894, "\000";
P_0x10393fba0 .param/str "RD_PNTR" 0 3 890, "\000";
o0xb83447010 .functor BUFZ 8, c4<zzzzzzzz>; HiZ drive
v0xb82cddcc0_0 .net "DLLSTEP", 7 0, o0xb83447010;  0 drivers
o0xb83447040 .functor BUFZ 1, c4<z>; HiZ drive
v0xb82cddd60_0 .net "DQSIN", 0 0, o0xb83447040;  0 drivers
o0xb83447070 .functor BUFZ 1, c4<z>; HiZ drive
v0xb82cdde00_0 .net "DQSR90", 0 0, o0xb83447070;  0 drivers
o0xb834470a0 .functor BUFZ 1, c4<z>; HiZ drive
v0xb82cddea0_0 .net "DQSW0", 0 0, o0xb834470a0;  0 drivers
o0xb834470d0 .functor BUFZ 1, c4<z>; HiZ drive
v0xb82cddf40_0 .net "DQSW270", 0 0, o0xb834470d0;  0 drivers
o0xb83447100 .functor BUFZ 1, c4<z>; HiZ drive
v0xb82cddfe0_0 .net "FCLK", 0 0, o0xb83447100;  0 drivers
o0xb83447130 .functor BUFZ 1, c4<z>; HiZ drive
v0xb82cde080_0 .net "HOLD", 0 0, o0xb83447130;  0 drivers
o0xb83447160 .functor BUFZ 1, c4<z>; HiZ drive
v0xb82cde120_0 .net "PCLK", 0 0, o0xb83447160;  0 drivers
o0xb83447190 .functor BUFZ 1, c4<z>; HiZ drive
v0xb82cde1c0_0 .net "RBURST", 0 0, o0xb83447190;  0 drivers
o0xb834471c0 .functor BUFZ 3, c4<zzz>; HiZ drive
v0xb82cde260_0 .net "RCLKSEL", 2 0, o0xb834471c0;  0 drivers
o0xb834471f0 .functor BUFZ 1, c4<z>; HiZ drive
v0xb82cde300_0 .net "RDIR", 0 0, o0xb834471f0;  0 drivers
o0xb83447220 .functor BUFZ 4, c4<zzzz>; HiZ drive
v0xb82cde3a0_0 .net "READ", 3 0, o0xb83447220;  0 drivers
o0xb83447250 .functor BUFZ 1, c4<z>; HiZ drive
v0xb82cde440_0 .net "RESET", 0 0, o0xb83447250;  0 drivers
o0xb83447280 .functor BUFZ 1, c4<z>; HiZ drive
v0xb82cde4e0_0 .net "RFLAG", 0 0, o0xb83447280;  0 drivers
o0xb834472b0 .functor BUFZ 1, c4<z>; HiZ drive
v0xb82cde580_0 .net "RLOADN", 0 0, o0xb834472b0;  0 drivers
o0xb834472e0 .functor BUFZ 1, c4<z>; HiZ drive
v0xb82cde620_0 .net "RMOVE", 0 0, o0xb834472e0;  0 drivers
o0xb83447310 .functor BUFZ 3, c4<zzz>; HiZ drive
v0xb82cde6c0_0 .net "RPOINT", 2 0, o0xb83447310;  0 drivers
o0xb83447340 .functor BUFZ 1, c4<z>; HiZ drive
v0xb82cde760_0 .net "RVALID", 0 0, o0xb83447340;  0 drivers
o0xb83447370 .functor BUFZ 1, c4<z>; HiZ drive
v0xb82cde800_0 .net "WDIR", 0 0, o0xb83447370;  0 drivers
o0xb834473a0 .functor BUFZ 1, c4<z>; HiZ drive
v0xb82cde8a0_0 .net "WFLAG", 0 0, o0xb834473a0;  0 drivers
o0xb834473d0 .functor BUFZ 1, c4<z>; HiZ drive
v0xb82cde940_0 .net "WLOADN", 0 0, o0xb834473d0;  0 drivers
o0xb83447400 .functor BUFZ 1, c4<z>; HiZ drive
v0xb82cde9e0_0 .net "WMOVE", 0 0, o0xb83447400;  0 drivers
o0xb83447430 .functor BUFZ 3, c4<zzz>; HiZ drive
v0xb82cdea80_0 .net "WPOINT", 2 0, o0xb83447430;  0 drivers
o0xb83447460 .functor BUFZ 8, c4<zzzzzzzz>; HiZ drive
v0xb82cdeb20_0 .net "WSTEP", 7 0, o0xb83447460;  0 drivers
S_0xb831adf80 .scope module, "ELVDS_OBUF" "ELVDS_OBUF" 3 585;
 .timescale 0 0;
    .port_info 0 /INPUT 1 "I";
    .port_info 1 /OUTPUT 1 "O";
    .port_info 2 /OUTPUT 1 "OB";
o0xb83447910 .functor BUFZ 1, c4<z>; HiZ drive
L_0x103940560 .functor BUFZ 1, o0xb83447910, C4<0>, C4<0>, C4<0>;
L_0x1039405d0 .functor NOT 1, o0xb83447910, C4<0>, C4<0>, C4<0>;
v0xb82cdebc0_0 .net "I", 0 0, o0xb83447910;  0 drivers
v0xb82cdec60_0 .net "O", 0 0, L_0x103940560;  1 drivers
v0xb82cded00_0 .net "OB", 0 0, L_0x1039405d0;  1 drivers
S_0xb831ae100 .scope module, "EMCU" "EMCU" 3 1962;
 .timescale 0 0;
    .port_info 0 /INPUT 1 "FCLK";
    .port_info 1 /INPUT 1 "PORESETN";
    .port_info 2 /INPUT 1 "SYSRESETN";
    .port_info 3 /INPUT 1 "RTCSRCCLK";
    .port_info 4 /OUTPUT 16 "IOEXPOUTPUTO";
    .port_info 5 /OUTPUT 16 "IOEXPOUTPUTENO";
    .port_info 6 /INPUT 16 "IOEXPINPUTI";
    .port_info 7 /OUTPUT 1 "UART0TXDO";
    .port_info 8 /OUTPUT 1 "UART1TXDO";
    .port_info 9 /OUTPUT 1 "UART0BAUDTICK";
    .port_info 10 /OUTPUT 1 "UART1BAUDTICK";
    .port_info 11 /INPUT 1 "UART0RXDI";
    .port_info 12 /INPUT 1 "UART1RXDI";
    .port_info 13 /OUTPUT 1 "INTMONITOR";
    .port_info 14 /OUTPUT 1 "MTXHRESETN";
    .port_info 15 /OUTPUT 13 "SRAM0ADDR";
    .port_info 16 /OUTPUT 4 "SRAM0WREN";
    .port_info 17 /OUTPUT 32 "SRAM0WDATA";
    .port_info 18 /OUTPUT 1 "SRAM0CS";
    .port_info 19 /INPUT 32 "SRAM0RDATA";
    .port_info 20 /OUTPUT 1 "TARGFLASH0HSEL";
    .port_info 21 /OUTPUT 29 "TARGFLASH0HADDR";
    .port_info 22 /OUTPUT 2 "TARGFLASH0HTRANS";
    .port_info 23 /OUTPUT 3 "TARGFLASH0HSIZE";
    .port_info 24 /OUTPUT 3 "TARGFLASH0HBURST";
    .port_info 25 /OUTPUT 1 "TARGFLASH0HREADYMUX";
    .port_info 26 /INPUT 32 "TARGFLASH0HRDATA";
    .port_info 27 /INPUT 3 "TARGFLASH0HRUSER";
    .port_info 28 /INPUT 1 "TARGFLASH0HRESP";
    .port_info 29 /INPUT 1 "TARGFLASH0EXRESP";
    .port_info 30 /INPUT 1 "TARGFLASH0HREADYOUT";
    .port_info 31 /OUTPUT 1 "TARGEXP0HSEL";
    .port_info 32 /OUTPUT 32 "TARGEXP0HADDR";
    .port_info 33 /OUTPUT 2 "TARGEXP0HTRANS";
    .port_info 34 /OUTPUT 1 "TARGEXP0HWRITE";
    .port_info 35 /OUTPUT 3 "TARGEXP0HSIZE";
    .port_info 36 /OUTPUT 3 "TARGEXP0HBURST";
    .port_info 37 /OUTPUT 4 "TARGEXP0HPROT";
    .port_info 38 /OUTPUT 2 "TARGEXP0MEMATTR";
    .port_info 39 /OUTPUT 1 "TARGEXP0EXREQ";
    .port_info 40 /OUTPUT 4 "TARGEXP0HMASTER";
    .port_info 41 /OUTPUT 32 "TARGEXP0HWDATA";
    .port_info 42 /OUTPUT 1 "TARGEXP0HMASTLOCK";
    .port_info 43 /OUTPUT 1 "TARGEXP0HREADYMUX";
    .port_info 44 /OUTPUT 1 "TARGEXP0HAUSER";
    .port_info 45 /OUTPUT 4 "TARGEXP0HWUSER";
    .port_info 46 /INPUT 32 "TARGEXP0HRDATA";
    .port_info 47 /INPUT 1 "TARGEXP0HREADYOUT";
    .port_info 48 /INPUT 1 "TARGEXP0HRESP";
    .port_info 49 /INPUT 1 "TARGEXP0EXRESP";
    .port_info 50 /INPUT 3 "TARGEXP0HRUSER";
    .port_info 51 /OUTPUT 32 "INITEXP0HRDATA";
    .port_info 52 /OUTPUT 1 "INITEXP0HREADY";
    .port_info 53 /OUTPUT 1 "INITEXP0HRESP";
    .port_info 54 /OUTPUT 1 "INITEXP0EXRESP";
    .port_info 55 /OUTPUT 3 "INITEXP0HRUSER";
    .port_info 56 /INPUT 1 "INITEXP0HSEL";
    .port_info 57 /INPUT 32 "INITEXP0HADDR";
    .port_info 58 /INPUT 2 "INITEXP0HTRANS";
    .port_info 59 /INPUT 1 "INITEXP0HWRITE";
    .port_info 60 /INPUT 3 "INITEXP0HSIZE";
    .port_info 61 /INPUT 3 "INITEXP0HBURST";
    .port_info 62 /INPUT 4 "INITEXP0HPROT";
    .port_info 63 /INPUT 2 "INITEXP0MEMATTR";
    .port_info 64 /INPUT 1 "INITEXP0EXREQ";
    .port_info 65 /INPUT 4 "INITEXP0HMASTER";
    .port_info 66 /INPUT 32 "INITEXP0HWDATA";
    .port_info 67 /INPUT 1 "INITEXP0HMASTLOCK";
    .port_info 68 /INPUT 1 "INITEXP0HAUSER";
    .port_info 69 /INPUT 4 "INITEXP0HWUSER";
    .port_info 70 /OUTPUT 4 "APBTARGEXP2PSTRB";
    .port_info 71 /OUTPUT 3 "APBTARGEXP2PPROT";
    .port_info 72 /OUTPUT 1 "APBTARGEXP2PSEL";
    .port_info 73 /OUTPUT 1 "APBTARGEXP2PENABLE";
    .port_info 74 /OUTPUT 12 "APBTARGEXP2PADDR";
    .port_info 75 /OUTPUT 1 "APBTARGEXP2PWRITE";
    .port_info 76 /OUTPUT 32 "APBTARGEXP2PWDATA";
    .port_info 77 /INPUT 32 "APBTARGEXP2PRDATA";
    .port_info 78 /INPUT 1 "APBTARGEXP2PREADY";
    .port_info 79 /INPUT 1 "APBTARGEXP2PSLVERR";
    .port_info 80 /INPUT 4 "MTXREMAP";
    .port_info 81 /OUTPUT 1 "DAPTDO";
    .port_info 82 /OUTPUT 1 "DAPJTAGNSW";
    .port_info 83 /OUTPUT 1 "DAPNTDOEN";
    .port_info 84 /INPUT 1 "DAPSWDITMS";
    .port_info 85 /INPUT 1 "DAPTDI";
    .port_info 86 /INPUT 1 "DAPNTRST";
    .port_info 87 /INPUT 1 "DAPSWCLKTCK";
    .port_info 88 /OUTPUT 4 "TPIUTRACEDATA";
    .port_info 89 /OUTPUT 1 "TPIUTRACECLK";
    .port_info 90 /INPUT 5 "GPINT";
    .port_info 91 /INPUT 1 "FLASHERR";
    .port_info 92 /INPUT 1 "FLASHINT";
o0xb83447a30 .functor BUFZ 12, c4<zzzzzzzzzzzz>; HiZ drive
v0xb82cdeda0_0 .net "APBTARGEXP2PADDR", 11 0, o0xb83447a30;  0 drivers
o0xb83447a60 .functor BUFZ 1, c4<z>; HiZ drive
v0xb82cdee40_0 .net "APBTARGEXP2PENABLE", 0 0, o0xb83447a60;  0 drivers
o0xb83447a90 .functor BUFZ 3, c4<zzz>; HiZ drive
v0xb82cdeee0_0 .net "APBTARGEXP2PPROT", 2 0, o0xb83447a90;  0 drivers
o0xb83447ac0 .functor BUFZ 32, c4<zzzzzzzzzzzzzzzzzzzzzzzzzzzzzzzz>; HiZ drive
v0xb82cdef80_0 .net "APBTARGEXP2PRDATA", 31 0, o0xb83447ac0;  0 drivers
o0xb83447af0 .functor BUFZ 1, c4<z>; HiZ drive
v0xb82cdf020_0 .net "APBTARGEXP2PREADY", 0 0, o0xb83447af0;  0 drivers
o0xb83447b20 .functor BUFZ 1, c4<z>; HiZ drive
v0xb82cdf0c0_0 .net "APBTARGEXP2PSEL", 0 0, o0xb83447b20;  0 drivers
o0xb83447b50 .functor BUFZ 1, c4<z>; HiZ drive
v0xb82cdf160_0 .net "APBTARGEXP2PSLVERR", 0 0, o0xb83447b50;  0 drivers
o0xb83447b80 .functor BUFZ 4, c4<zzzz>; HiZ drive
v0xb82cdf200_0 .net "APBTARGEXP2PSTRB", 3 0, o0xb83447b80;  0 drivers
o0xb83447bb0 .functor BUFZ 32, c4<zzzzzzzzzzzzzzzzzzzzzzzzzzzzzzzz>; HiZ drive
v0xb82cdf2a0_0 .net "APBTARGEXP2PWDATA", 31 0, o0xb83447bb0;  0 drivers
o0xb83447be0 .functor BUFZ 1, c4<z>; HiZ drive
v0xb82cdf340_0 .net "APBTARGEXP2PWRITE", 0 0, o0xb83447be0;  0 drivers
o0xb83447c10 .functor BUFZ 1, c4<z>; HiZ drive
v0xb82cdf3e0_0 .net "DAPJTAGNSW", 0 0, o0xb83447c10;  0 drivers
o0xb83447c40 .functor BUFZ 1, c4<z>; HiZ drive
v0xb82cdf480_0 .net "DAPNTDOEN", 0 0, o0xb83447c40;  0 drivers
o0xb83447c70 .functor BUFZ 1, c4<z>; HiZ drive
v0xb82cdf520_0 .net "DAPNTRST", 0 0, o0xb83447c70;  0 drivers
o0xb83447ca0 .functor BUFZ 1, c4<z>; HiZ drive
v0xb82cdf5c0_0 .net "DAPSWCLKTCK", 0 0, o0xb83447ca0;  0 drivers
o0xb83447cd0 .functor BUFZ 1, c4<z>; HiZ drive
v0xb82cdf660_0 .net "DAPSWDITMS", 0 0, o0xb83447cd0;  0 drivers
o0xb83447d00 .functor BUFZ 1, c4<z>; HiZ drive
v0xb82cdf700_0 .net "DAPTDI", 0 0, o0xb83447d00;  0 drivers
o0xb83447d30 .functor BUFZ 1, c4<z>; HiZ drive
v0xb82cdf7a0_0 .net "DAPTDO", 0 0, o0xb83447d30;  0 drivers
o0xb83447d60 .functor BUFZ 1, c4<z>; HiZ drive
v0xb82cdf840_0 .net "FCLK", 0 0, o0xb83447d60;  0 drivers
o0xb83447d90 .functor BUFZ 1, c4<z>; HiZ drive
v0xb82cdf8e0_0 .net "FLASHERR", 0 0, o0xb83447d90;  0 drivers
o0xb83447dc0 .functor BUFZ 1, c4<z>; HiZ drive
v0xb82cdf980_0 .net "FLASHINT", 0 0, o0xb83447dc0;  0 drivers
o0xb83447df0 .functor BUFZ 5, c4<zzzzz>; HiZ drive
v0xb82cdfa20_0 .net "GPINT", 4 0, o0xb83447df0;  0 drivers
o0xb83447e20 .functor BUFZ 1, c4<z>; HiZ drive
v0xb82cdfac0_0 .net "INITEXP0EXREQ", 0 0, o0xb83447e20;  0 drivers
o0xb83447e50 .functor BUFZ 1, c4<z>; HiZ drive
v0xb82cdfb60_0 .net "INITEXP0EXRESP", 0 0, o0xb83447e50;  0 drivers
o0xb83447e80 .functor BUFZ 32, c4<zzzzzzzzzzzzzzzzzzzzzzzzzzzzzzzz>; HiZ drive
v0xb82cdfc00_0 .net "INITEXP0HADDR", 31 0, o0xb83447e80;  0 drivers
o0xb83447eb0 .functor BUFZ 1, c4<z>; HiZ drive
v0xb82cdfca0_0 .net "INITEXP0HAUSER", 0 0, o0xb83447eb0;  0 drivers
o0xb83447ee0 .functor BUFZ 3, c4<zzz>; HiZ drive
v0xb82cdfd40_0 .net "INITEXP0HBURST", 2 0, o0xb83447ee0;  0 drivers
o0xb83447f10 .functor BUFZ 4, c4<zzzz>; HiZ drive
v0xb82cdfde0_0 .net "INITEXP0HMASTER", 3 0, o0xb83447f10;  0 drivers
o0xb83447f40 .functor BUFZ 1, c4<z>; HiZ drive
v0xb82cdfe80_0 .net "INITEXP0HMASTLOCK", 0 0, o0xb83447f40;  0 drivers
o0xb83447f70 .functor BUFZ 4, c4<zzzz>; HiZ drive
v0xb82cdff20_0 .net "INITEXP0HPROT", 3 0, o0xb83447f70;  0 drivers
o0xb83447fa0 .functor BUFZ 32, c4<zzzzzzzzzzzzzzzzzzzzzzzzzzzzzzzz>; HiZ drive
v0xb82ce4000_0 .net "INITEXP0HRDATA", 31 0, o0xb83447fa0;  0 drivers
o0xb83447fd0 .functor BUFZ 1, c4<z>; HiZ drive
v0xb82ce40a0_0 .net "INITEXP0HREADY", 0 0, o0xb83447fd0;  0 drivers
o0xb83448000 .functor BUFZ 1, c4<z>; HiZ drive
v0xb82ce4140_0 .net "INITEXP0HRESP", 0 0, o0xb83448000;  0 drivers
o0xb83448030 .functor BUFZ 3, c4<zzz>; HiZ drive
v0xb82ce41e0_0 .net "INITEXP0HRUSER", 2 0, o0xb83448030;  0 drivers
o0xb83448060 .functor BUFZ 1, c4<z>; HiZ drive
v0xb82ce4280_0 .net "INITEXP0HSEL", 0 0, o0xb83448060;  0 drivers
o0xb83448090 .functor BUFZ 3, c4<zzz>; HiZ drive
v0xb82ce4320_0 .net "INITEXP0HSIZE", 2 0, o0xb83448090;  0 drivers
o0xb834480c0 .functor BUFZ 2, c4<zz>; HiZ drive
v0xb82ce43c0_0 .net "INITEXP0HTRANS", 1 0, o0xb834480c0;  0 drivers
o0xb834480f0 .functor BUFZ 32, c4<zzzzzzzzzzzzzzzzzzzzzzzzzzzzzzzz>; HiZ drive
v0xb82ce4460_0 .net "INITEXP0HWDATA", 31 0, o0xb834480f0;  0 drivers
o0xb83448120 .functor BUFZ 1, c4<z>; HiZ drive
v0xb82ce4500_0 .net "INITEXP0HWRITE", 0 0, o0xb83448120;  0 drivers
o0xb83448150 .functor BUFZ 4, c4<zzzz>; HiZ drive
v0xb82ce45a0_0 .net "INITEXP0HWUSER", 3 0, o0xb83448150;  0 drivers
o0xb83448180 .functor BUFZ 2, c4<zz>; HiZ drive
v0xb82ce4640_0 .net "INITEXP0MEMATTR", 1 0, o0xb83448180;  0 drivers
o0xb834481b0 .functor BUFZ 1, c4<z>; HiZ drive
v0xb82ce46e0_0 .net "INTMONITOR", 0 0, o0xb834481b0;  0 drivers
o0xb834481e0 .functor BUFZ 16, c4<zzzzzzzzzzzzzzzz>; HiZ drive
v0xb82ce4780_0 .net "IOEXPINPUTI", 15 0, o0xb834481e0;  0 drivers
o0xb83448210 .functor BUFZ 16, c4<zzzzzzzzzzzzzzzz>; HiZ drive
v0xb82ce4820_0 .net "IOEXPOUTPUTENO", 15 0, o0xb83448210;  0 drivers
o0xb83448240 .functor BUFZ 16, c4<zzzzzzzzzzzzzzzz>; HiZ drive
v0xb82ce48c0_0 .net "IOEXPOUTPUTO", 15 0, o0xb83448240;  0 drivers
o0xb83448270 .functor BUFZ 1, c4<z>; HiZ drive
v0xb82ce4960_0 .net "MTXHRESETN", 0 0, o0xb83448270;  0 drivers
o0xb834482a0 .functor BUFZ 4, c4<zzzz>; HiZ drive
v0xb82ce4a00_0 .net "MTXREMAP", 3 0, o0xb834482a0;  0 drivers
o0xb834482d0 .functor BUFZ 1, c4<z>; HiZ drive
v0xb82ce4aa0_0 .net "PORESETN", 0 0, o0xb834482d0;  0 drivers
o0xb83448300 .functor BUFZ 1, c4<z>; HiZ drive
v0xb82ce4b40_0 .net "RTCSRCCLK", 0 0, o0xb83448300;  0 drivers
o0xb83448330 .functor BUFZ 13, c4<zzzzzzzzzzzzz>; HiZ drive
v0xb82ce4be0_0 .net "SRAM0ADDR", 12 0, o0xb83448330;  0 drivers
o0xb83448360 .functor BUFZ 1, c4<z>; HiZ drive
v0xb82ce4c80_0 .net "SRAM0CS", 0 0, o0xb83448360;  0 drivers
o0xb83448390 .functor BUFZ 32, c4<zzzzzzzzzzzzzzzzzzzzzzzzzzzzzzzz>; HiZ drive
v0xb82ce4d20_0 .net "SRAM0RDATA", 31 0, o0xb83448390;  0 drivers
o0xb834483c0 .functor BUFZ 32, c4<zzzzzzzzzzzzzzzzzzzzzzzzzzzzzzzz>; HiZ drive
v0xb82ce4dc0_0 .net "SRAM0WDATA", 31 0, o0xb834483c0;  0 drivers
o0xb834483f0 .functor BUFZ 4, c4<zzzz>; HiZ drive
v0xb82ce4e60_0 .net "SRAM0WREN", 3 0, o0xb834483f0;  0 drivers
o0xb83448420 .functor BUFZ 1, c4<z>; HiZ drive
v0xb82ce4f00_0 .net "SYSRESETN", 0 0, o0xb83448420;  0 drivers
o0xb83448450 .functor BUFZ 1, c4<z>; HiZ drive
v0xb82ce4fa0_0 .net "TARGEXP0EXREQ", 0 0, o0xb83448450;  0 drivers
o0xb83448480 .functor BUFZ 1, c4<z>; HiZ drive
v0xb82ce5040_0 .net "TARGEXP0EXRESP", 0 0, o0xb83448480;  0 drivers
o0xb834484b0 .functor BUFZ 32, c4<zzzzzzzzzzzzzzzzzzzzzzzzzzzzzzzz>; HiZ drive
v0xb82ce50e0_0 .net "TARGEXP0HADDR", 31 0, o0xb834484b0;  0 drivers
o0xb834484e0 .functor BUFZ 1, c4<z>; HiZ drive
v0xb82ce5180_0 .net "TARGEXP0HAUSER", 0 0, o0xb834484e0;  0 drivers
o0xb83448510 .functor BUFZ 3, c4<zzz>; HiZ drive
v0xb82ce5220_0 .net "TARGEXP0HBURST", 2 0, o0xb83448510;  0 drivers
o0xb83448540 .functor BUFZ 4, c4<zzzz>; HiZ drive
v0xb82ce52c0_0 .net "TARGEXP0HMASTER", 3 0, o0xb83448540;  0 drivers
o0xb83448570 .functor BUFZ 1, c4<z>; HiZ drive
v0xb82ce5360_0 .net "TARGEXP0HMASTLOCK", 0 0, o0xb83448570;  0 drivers
o0xb834485a0 .functor BUFZ 4, c4<zzzz>; HiZ drive
v0xb82ce5400_0 .net "TARGEXP0HPROT", 3 0, o0xb834485a0;  0 drivers
o0xb834485d0 .functor BUFZ 32, c4<zzzzzzzzzzzzzzzzzzzzzzzzzzzzzzzz>; HiZ drive
v0xb82ce54a0_0 .net "TARGEXP0HRDATA", 31 0, o0xb834485d0;  0 drivers
o0xb83448600 .functor BUFZ 1, c4<z>; HiZ drive
v0xb82ce5540_0 .net "TARGEXP0HREADYMUX", 0 0, o0xb83448600;  0 drivers
o0xb83448630 .functor BUFZ 1, c4<z>; HiZ drive
v0xb82ce55e0_0 .net "TARGEXP0HREADYOUT", 0 0, o0xb83448630;  0 drivers
o0xb83448660 .functor BUFZ 1, c4<z>; HiZ drive
v0xb82ce5680_0 .net "TARGEXP0HRESP", 0 0, o0xb83448660;  0 drivers
o0xb83448690 .functor BUFZ 3, c4<zzz>; HiZ drive
v0xb82ce5720_0 .net "TARGEXP0HRUSER", 2 0, o0xb83448690;  0 drivers
o0xb834486c0 .functor BUFZ 1, c4<z>; HiZ drive
v0xb82ce57c0_0 .net "TARGEXP0HSEL", 0 0, o0xb834486c0;  0 drivers
o0xb834486f0 .functor BUFZ 3, c4<zzz>; HiZ drive
v0xb82ce5860_0 .net "TARGEXP0HSIZE", 2 0, o0xb834486f0;  0 drivers
o0xb83448720 .functor BUFZ 2, c4<zz>; HiZ drive
v0xb82ce5900_0 .net "TARGEXP0HTRANS", 1 0, o0xb83448720;  0 drivers
o0xb83448750 .functor BUFZ 32, c4<zzzzzzzzzzzzzzzzzzzzzzzzzzzzzzzz>; HiZ drive
v0xb82ce59a0_0 .net "TARGEXP0HWDATA", 31 0, o0xb83448750;  0 drivers
o0xb83448780 .functor BUFZ 1, c4<z>; HiZ drive
v0xb82ce5a40_0 .net "TARGEXP0HWRITE", 0 0, o0xb83448780;  0 drivers
o0xb834487b0 .functor BUFZ 4, c4<zzzz>; HiZ drive
v0xb82ce5ae0_0 .net "TARGEXP0HWUSER", 3 0, o0xb834487b0;  0 drivers
o0xb834487e0 .functor BUFZ 2, c4<zz>; HiZ drive
v0xb82ce5b80_0 .net "TARGEXP0MEMATTR", 1 0, o0xb834487e0;  0 drivers
o0xb83448810 .functor BUFZ 1, c4<z>; HiZ drive
v0xb82ce5c20_0 .net "TARGFLASH0EXRESP", 0 0, o0xb83448810;  0 drivers
o0xb83448840 .functor BUFZ 29, c4<zzzzzzzzzzzzzzzzzzzzzzzzzzzzz>; HiZ drive
v0xb82ce5cc0_0 .net "TARGFLASH0HADDR", 28 0, o0xb83448840;  0 drivers
o0xb83448870 .functor BUFZ 3, c4<zzz>; HiZ drive
v0xb82ce5d60_0 .net "TARGFLASH0HBURST", 2 0, o0xb83448870;  0 drivers
o0xb834488a0 .functor BUFZ 32, c4<zzzzzzzzzzzzzzzzzzzzzzzzzzzzzzzz>; HiZ drive
v0xb82ce5e00_0 .net "TARGFLASH0HRDATA", 31 0, o0xb834488a0;  0 drivers
o0xb834488d0 .functor BUFZ 1, c4<z>; HiZ drive
v0xb82ce5ea0_0 .net "TARGFLASH0HREADYMUX", 0 0, o0xb834488d0;  0 drivers
o0xb83448900 .functor BUFZ 1, c4<z>; HiZ drive
v0xb82ce5f40_0 .net "TARGFLASH0HREADYOUT", 0 0, o0xb83448900;  0 drivers
o0xb83448930 .functor BUFZ 1, c4<z>; HiZ drive
v0xb82ce5fe0_0 .net "TARGFLASH0HRESP", 0 0, o0xb83448930;  0 drivers
o0xb83448960 .functor BUFZ 3, c4<zzz>; HiZ drive
v0xb82ce6080_0 .net "TARGFLASH0HRUSER", 2 0, o0xb83448960;  0 drivers
o0xb83448990 .functor BUFZ 1, c4<z>; HiZ drive
v0xb82ce6120_0 .net "TARGFLASH0HSEL", 0 0, o0xb83448990;  0 drivers
o0xb834489c0 .functor BUFZ 3, c4<zzz>; HiZ drive
v0xb82ce61c0_0 .net "TARGFLASH0HSIZE", 2 0, o0xb834489c0;  0 drivers
o0xb834489f0 .functor BUFZ 2, c4<zz>; HiZ drive
v0xb82ce6260_0 .net "TARGFLASH0HTRANS", 1 0, o0xb834489f0;  0 drivers
o0xb83448a20 .functor BUFZ 1, c4<z>; HiZ drive
v0xb82ce6300_0 .net "TPIUTRACECLK", 0 0, o0xb83448a20;  0 drivers
o0xb83448a50 .functor BUFZ 4, c4<zzzz>; HiZ drive
v0xb82ce63a0_0 .net "TPIUTRACEDATA", 3 0, o0xb83448a50;  0 drivers
o0xb83448a80 .functor BUFZ 1, c4<z>; HiZ drive
v0xb82ce6440_0 .net "UART0BAUDTICK", 0 0, o0xb83448a80;  0 drivers
o0xb83448ab0 .functor BUFZ 1, c4<z>; HiZ drive
v0xb82ce64e0_0 .net "UART0RXDI", 0 0, o0xb83448ab0;  0 drivers
o0xb83448ae0 .functor BUFZ 1, c4<z>; HiZ drive
v0xb82ce6580_0 .net "UART0TXDO", 0 0, o0xb83448ae0;  0 drivers
o0xb83448b10 .functor BUFZ 1, c4<z>; HiZ drive
v0xb82ce6620_0 .net "UART1BAUDTICK", 0 0, o0xb83448b10;  0 drivers
o0xb83448b40 .functor BUFZ 1, c4<z>; HiZ drive
v0xb82ce66c0_0 .net "UART1RXDI", 0 0, o0xb83448b40;  0 drivers
o0xb83448b70 .functor BUFZ 1, c4<z>; HiZ drive
v0xb82ce6760_0 .net "UART1TXDO", 0 0, o0xb83448b70;  0 drivers
S_0xb831ae280 .scope module, "GND" "GND" 3 549;
 .timescale 0 0;
    .port_info 0 /OUTPUT 1 "G";
L_0xb83478010 .functor BUFT 1, C4<0>, C4<0>, C4<0>, C4<0>;
v0xb82ce6800_0 .net "G", 0 0, L_0xb83478010;  1 drivers
S_0xb831ae400 .scope module, "GSR" "GSR" 3 923;
 .timescale 0 0;
    .port_info 0 /INPUT 1 "GSRI";
o0xb83449d70 .functor BUFZ 1, c4<z>; HiZ drive
v0xb82ce68a0_0 .net "GSRI", 0 0, o0xb83449d70;  0 drivers
S_0xb831ae580 .scope module, "IBUF" "IBUF" 3 553;
 .timescale 0 0;
    .port_info 0 /OUTPUT 1 "O";
    .port_info 1 /INPUT 1 "I";
o0xb83449dd0 .functor BUFZ 1, c4<z>; HiZ drive
L_0x10394fd60 .functor BUFZ 1, o0xb83449dd0, C4<0>, C4<0>, C4<0>;
v0xb82ce6940_0 .net "I", 0 0, o0xb83449dd0;  0 drivers
v0xb82ce69e0_0 .net "O", 0 0, L_0x10394fd60;  1 drivers
S_0xb831ae700 .scope module, "IDDR" "IDDR" 3 856;
 .timescale 0 0;
    .port_info 0 /INPUT 1 "D";
    .port_info 1 /INPUT 1 "CLK";
    .port_info 2 /OUTPUT 1 "Q0";
    .port_info 3 /OUTPUT 1 "Q1";
P_0xb8311e600 .param/l "Q0_INIT" 0 3 861, C4<0>;
P_0xb8311e640 .param/l "Q1_INIT" 0 3 862, C4<0>;
o0xb83449e90 .functor BUFZ 1, c4<z>; HiZ drive
v0xb82ce6a80_0 .net "CLK", 0 0, o0xb83449e90;  0 drivers
o0xb83449ec0 .functor BUFZ 1, c4<z>; HiZ drive
v0xb82ce6b20_0 .net "D", 0 0, o0xb83449ec0;  0 drivers
o0xb83449ef0 .functor BUFZ 1, c4<z>; HiZ drive
v0xb82ce6bc0_0 .net "Q0", 0 0, o0xb83449ef0;  0 drivers
o0xb83449f20 .functor BUFZ 1, c4<z>; HiZ drive
v0xb82ce6c60_0 .net "Q1", 0 0, o0xb83449f20;  0 drivers
S_0xb831ae880 .scope module, "IDDRC" "IDDRC" 3 865;
 .timescale 0 0;
    .port_info 0 /INPUT 1 "D";
    .port_info 1 /INPUT 1 "CLK";
    .port_info 2 /INPUT 1 "CLEAR";
    .port_info 3 /OUTPUT 1 "Q0";
    .port_info 4 /OUTPUT 1 "Q1";
P_0xb8311e700 .param/l "Q0_INIT" 0 3 871, C4<0>;
P_0xb8311e740 .param/l "Q1_INIT" 0 3 872, C4<0>;
o0xb8344a010 .functor BUFZ 1, c4<z>; HiZ drive
v0xb82ce6d00_0 .net "CLEAR", 0 0, o0xb8344a010;  0 drivers
o0xb8344a040 .functor BUFZ 1, c4<z>; HiZ drive
v0xb82ce6da0_0 .net "CLK", 0 0, o0xb8344a040;  0 drivers
o0xb8344a070 .functor BUFZ 1, c4<z>; HiZ drive
v0xb82ce6e40_0 .net "D", 0 0, o0xb8344a070;  0 drivers
o0xb8344a0a0 .functor BUFZ 1, c4<z>; HiZ drive
v0xb82ce6ee0_0 .net "Q0", 0 0, o0xb8344a0a0;  0 drivers
o0xb8344a0d0 .functor BUFZ 1, c4<z>; HiZ drive
v0xb82ce6f80_0 .net "Q1", 0 0, o0xb8344a0d0;  0 drivers
S_0xb831aea00 .scope module, "IDES10" "IDES10" 3 783;
 .timescale 0 0;
    .port_info 0 /OUTPUT 1 "Q9";
    .port_info 1 /OUTPUT 1 "Q8";
    .port_info 2 /OUTPUT 1 "Q7";
    .port_info 3 /OUTPUT 1 "Q6";
    .port_info 4 /OUTPUT 1 "Q5";
    .port_info 5 /OUTPUT 1 "Q4";
    .port_info 6 /OUTPUT 1 "Q3";
    .port_info 7 /OUTPUT 1 "Q2";
    .port_info 8 /OUTPUT 1 "Q1";
    .port_info 9 /OUTPUT 1 "Q0";
    .port_info 10 /INPUT 1 "FCLK";
    .port_info 11 /INPUT 1 "PCLK";
    .port_info 12 /INPUT 1 "RESET";
    .port_info 13 /INPUT 1 "CALIB";
    .port_info 14 /INPUT 1 "D";
P_0xb8311e780 .param/str "GSREN" 0 3 802, "false";
P_0xb8311e7c0 .param/str "LSREN" 0 3 803, "true";
o0xb8344a1f0 .functor BUFZ 1, c4<z>; HiZ drive
v0xb82ce7020_0 .net "CALIB", 0 0, o0xb8344a1f0;  0 drivers
o0xb8344a220 .functor BUFZ 1, c4<z>; HiZ drive
v0xb82ce70c0_0 .net "D", 0 0, o0xb8344a220;  0 drivers
o0xb8344a250 .functor BUFZ 1, c4<z>; HiZ drive
v0xb82ce7160_0 .net "FCLK", 0 0, o0xb8344a250;  0 drivers
o0xb8344a280 .functor BUFZ 1, c4<z>; HiZ drive
v0xb82ce7200_0 .net "PCLK", 0 0, o0xb8344a280;  0 drivers
o0xb8344a2b0 .functor BUFZ 1, c4<z>; HiZ drive
v0xb82ce72a0_0 .net "Q0", 0 0, o0xb8344a2b0;  0 drivers
o0xb8344a2e0 .functor BUFZ 1, c4<z>; HiZ drive
v0xb82ce7340_0 .net "Q1", 0 0, o0xb8344a2e0;  0 drivers
o0xb8344a310 .functor BUFZ 1, c4<z>; HiZ drive
v0xb82ce73e0_0 .net "Q2", 0 0, o0xb8344a310;  0 drivers
o0xb8344a340 .functor BUFZ 1, c4<z>; HiZ drive
v0xb82ce7480_0 .net "Q3", 0 0, o0xb8344a340;  0 drivers
o0xb8344a370 .functor BUFZ 1, c4<z>; HiZ drive
v0xb82ce7520_0 .net "Q4", 0 0, o0xb8344a370;  0 drivers
o0xb8344a3a0 .functor BUFZ 1, c4<z>; HiZ drive
v0xb82ce75c0_0 .net "Q5", 0 0, o0xb8344a3a0;  0 drivers
o0xb8344a3d0 .functor BUFZ 1, c4<z>; HiZ drive
v0xb82ce7660_0 .net "Q6", 0 0, o0xb8344a3d0;  0 drivers
o0xb8344a400 .functor BUFZ 1, c4<z>; HiZ drive
v0xb82ce7700_0 .net "Q7", 0 0, o0xb8344a400;  0 drivers
o0xb8344a430 .functor BUFZ 1, c4<z>; HiZ drive
v0xb82ce77a0_0 .net "Q8", 0 0, o0xb8344a430;  0 drivers
o0xb8344a460 .functor BUFZ 1, c4<z>; HiZ drive
v0xb82ce7840_0 .net "Q9", 0 0, o0xb8344a460;  0 drivers
o0xb8344a490 .functor BUFZ 1, c4<z>; HiZ drive
v0xb82ce78e0_0 .net "RESET", 0 0, o0xb8344a490;  0 drivers
S_0xb831aeb80 .scope module, "IDES16" "IDES16" 3 826;
 .timescale 0 0;
    .port_info 0 /OUTPUT 1 "Q15";
    .port_info 1 /OUTPUT 1 "Q14";
    .port_info 2 /OUTPUT 1 "Q13";
    .port_info 3 /OUTPUT 1 "Q12";
    .port_info 4 /OUTPUT 1 "Q11";
    .port_info 5 /OUTPUT 1 "Q10";
    .port_info 6 /OUTPUT 1 "Q9";
    .port_info 7 /OUTPUT 1 "Q8";
    .port_info 8 /OUTPUT 1 "Q7";
    .port_info 9 /OUTPUT 1 "Q6";
    .port_info 10 /OUTPUT 1 "Q5";
    .port_info 11 /OUTPUT 1 "Q4";
    .port_info 12 /OUTPUT 1 "Q3";
    .port_info 13 /OUTPUT 1 "Q2";
    .port_info 14 /OUTPUT 1 "Q1";
    .port_info 15 /OUTPUT 1 "Q0";
    .port_info 16 /INPUT 1 "FCLK";
    .port_info 17 /INPUT 1 "PCLK";
    .port_info 18 /INPUT 1 "RESET";
    .port_info 19 /INPUT 1 "CALIB";
    .port_info 20 /INPUT 1 "D";
P_0xb8311e800 .param/str "GSREN" 0 3 852, "false";
P_0xb8311e840 .param/str "LSREN" 0 3 853, "true";
o0xb8344a790 .functor BUFZ 1, c4<z>; HiZ drive
v0xb82ce7980_0 .net "CALIB", 0 0, o0xb8344a790;  0 drivers
o0xb8344a7c0 .functor BUFZ 1, c4<z>; HiZ drive
v0xb82ce7a20_0 .net "D", 0 0, o0xb8344a7c0;  0 drivers
o0xb8344a7f0 .functor BUFZ 1, c4<z>; HiZ drive
v0xb82ce7ac0_0 .net "FCLK", 0 0, o0xb8344a7f0;  0 drivers
o0xb8344a820 .functor BUFZ 1, c4<z>; HiZ drive
v0xb82ce7b60_0 .net "PCLK", 0 0, o0xb8344a820;  0 drivers
o0xb8344a850 .functor BUFZ 1, c4<z>; HiZ drive
v0xb82ce7c00_0 .net "Q0", 0 0, o0xb8344a850;  0 drivers
o0xb8344a880 .functor BUFZ 1, c4<z>; HiZ drive
v0xb82ce7ca0_0 .net "Q1", 0 0, o0xb8344a880;  0 drivers
o0xb8344a8b0 .functor BUFZ 1, c4<z>; HiZ drive
v0xb82ce7d40_0 .net "Q10", 0 0, o0xb8344a8b0;  0 drivers
o0xb8344a8e0 .functor BUFZ 1, c4<z>; HiZ drive
v0xb82ce7de0_0 .net "Q11", 0 0, o0xb8344a8e0;  0 drivers
o0xb8344a910 .functor BUFZ 1, c4<z>; HiZ drive
v0xb82ce7e80_0 .net "Q12", 0 0, o0xb8344a910;  0 drivers
o0xb8344a940 .functor BUFZ 1, c4<z>; HiZ drive
v0xb82ce7f20_0 .net "Q13", 0 0, o0xb8344a940;  0 drivers
o0xb8344a970 .functor BUFZ 1, c4<z>; HiZ drive
v0xb82ce8000_0 .net "Q14", 0 0, o0xb8344a970;  0 drivers
o0xb8344a9a0 .functor BUFZ 1, c4<z>; HiZ drive
v0xb82ce80a0_0 .net "Q15", 0 0, o0xb8344a9a0;  0 drivers
o0xb8344a9d0 .functor BUFZ 1, c4<z>; HiZ drive
v0xb82ce8140_0 .net "Q2", 0 0, o0xb8344a9d0;  0 drivers
o0xb8344aa00 .functor BUFZ 1, c4<z>; HiZ drive
v0xb82ce81e0_0 .net "Q3", 0 0, o0xb8344aa00;  0 drivers
o0xb8344aa30 .functor BUFZ 1, c4<z>; HiZ drive
v0xb82ce8280_0 .net "Q4", 0 0, o0xb8344aa30;  0 drivers
o0xb8344aa60 .functor BUFZ 1, c4<z>; HiZ drive
v0xb82ce8320_0 .net "Q5", 0 0, o0xb8344aa60;  0 drivers
o0xb8344aa90 .functor BUFZ 1, c4<z>; HiZ drive
v0xb82ce83c0_0 .net "Q6", 0 0, o0xb8344aa90;  0 drivers
o0xb8344aac0 .functor BUFZ 1, c4<z>; HiZ drive
v0xb82ce8460_0 .net "Q7", 0 0, o0xb8344aac0;  0 drivers
o0xb8344aaf0 .functor BUFZ 1, c4<z>; HiZ drive
v0xb82ce8500_0 .net "Q8", 0 0, o0xb8344aaf0;  0 drivers
o0xb8344ab20 .functor BUFZ 1, c4<z>; HiZ drive
v0xb82ce85a0_0 .net "Q9", 0 0, o0xb8344ab20;  0 drivers
o0xb8344ab50 .functor BUFZ 1, c4<z>; HiZ drive
v0xb82ce8640_0 .net "RESET", 0 0, o0xb8344ab50;  0 drivers
S_0xb831aed00 .scope module, "IDES4" "IDES4" 3 730;
 .timescale 0 0;
    .port_info 0 /OUTPUT 1 "Q3";
    .port_info 1 /OUTPUT 1 "Q2";
    .port_info 2 /OUTPUT 1 "Q1";
    .port_info 3 /OUTPUT 1 "Q0";
    .port_info 4 /INPUT 1 "FCLK";
    .port_info 5 /INPUT 1 "PCLK";
    .port_info 6 /INPUT 1 "RESET";
    .port_info 7 /INPUT 1 "CALIB";
    .port_info 8 /INPUT 1 "D";
P_0xb8311e880 .param/str "GSREN" 0 3 743, "false";
P_0xb8311e8c0 .param/str "LSREN" 0 3 744, "true";
o0xb8344af70 .functor BUFZ 1, c4<z>; HiZ drive
v0xb82ce86e0_0 .net "CALIB", 0 0, o0xb8344af70;  0 drivers
o0xb8344afa0 .functor BUFZ 1, c4<z>; HiZ drive
v0xb82ce8780_0 .net "D", 0 0, o0xb8344afa0;  0 drivers
o0xb8344afd0 .functor BUFZ 1, c4<z>; HiZ drive
v0xb82ce8820_0 .net "FCLK", 0 0, o0xb8344afd0;  0 drivers
o0xb8344b000 .functor BUFZ 1, c4<z>; HiZ drive
v0xb82ce88c0_0 .net "PCLK", 0 0, o0xb8344b000;  0 drivers
o0xb8344b030 .functor BUFZ 1, c4<z>; HiZ drive
v0xb82ce8960_0 .net "Q0", 0 0, o0xb8344b030;  0 drivers
o0xb8344b060 .functor BUFZ 1, c4<z>; HiZ drive
v0xb82ce8a00_0 .net "Q1", 0 0, o0xb8344b060;  0 drivers
o0xb8344b090 .functor BUFZ 1, c4<z>; HiZ drive
v0xb82ce8aa0_0 .net "Q2", 0 0, o0xb8344b090;  0 drivers
o0xb8344b0c0 .functor BUFZ 1, c4<z>; HiZ drive
v0xb82ce8b40_0 .net "Q3", 0 0, o0xb8344b0c0;  0 drivers
o0xb8344b0f0 .functor BUFZ 1, c4<z>; HiZ drive
v0xb82ce8be0_0 .net "RESET", 0 0, o0xb8344b0f0;  0 drivers
S_0xb831aee80 .scope module, "IDES4_MEM" "IDES4_MEM" 3 747;
 .timescale 0 0;
    .port_info 0 /OUTPUT 1 "Q0";
    .port_info 1 /OUTPUT 1 "Q1";
    .port_info 2 /OUTPUT 1 "Q2";
    .port_info 3 /OUTPUT 1 "Q3";
    .port_info 4 /INPUT 1 "D";
    .port_info 5 /INPUT 3 "WADDR";
    .port_info 6 /INPUT 3 "RADDR";
    .port_info 7 /INPUT 1 "CALIB";
    .port_info 8 /INPUT 1 "PCLK";
    .port_info 9 /INPUT 1 "FCLK";
    .port_info 10 /INPUT 1 "ICLK";
    .port_info 11 /INPUT 1 "RESET";
P_0xb82c99a40 .param/str "GSREN" 0 3 749, "\000";
P_0xb82c99a80 .param/str "ID" 0 3 759, "\000";
P_0xb82c99ac0 .param/str "LSREN" 0 3 750, "\000";
o0xb8344b2d0 .functor BUFZ 1, c4<z>; HiZ drive
v0xb82ce8c80_0 .net "CALIB", 0 0, o0xb8344b2d0;  0 drivers
o0xb8344b300 .functor BUFZ 1, c4<z>; HiZ drive
v0xb82ce8d20_0 .net "D", 0 0, o0xb8344b300;  0 drivers
o0xb8344b330 .functor BUFZ 1, c4<z>; HiZ drive
v0xb82ce8dc0_0 .net "FCLK", 0 0, o0xb8344b330;  0 drivers
o0xb8344b360 .functor BUFZ 1, c4<z>; HiZ drive
v0xb82ce8e60_0 .net "ICLK", 0 0, o0xb8344b360;  0 drivers
o0xb8344b390 .functor BUFZ 1, c4<z>; HiZ drive
v0xb82ce8f00_0 .net "PCLK", 0 0, o0xb8344b390;  0 drivers
o0xb8344b3c0 .functor BUFZ 1, c4<z>; HiZ drive
v0xb82ce8fa0_0 .net "Q0", 0 0, o0xb8344b3c0;  0 drivers
o0xb8344b3f0 .functor BUFZ 1, c4<z>; HiZ drive
v0xb82ce9040_0 .net "Q1", 0 0, o0xb8344b3f0;  0 drivers
o0xb8344b420 .functor BUFZ 1, c4<z>; HiZ drive
v0xb82ce90e0_0 .net "Q2", 0 0, o0xb8344b420;  0 drivers
o0xb8344b450 .functor BUFZ 1, c4<z>; HiZ drive
v0xb82ce9180_0 .net "Q3", 0 0, o0xb8344b450;  0 drivers
o0xb8344b480 .functor BUFZ 3, c4<zzz>; HiZ drive
v0xb82ce9220_0 .net "RADDR", 2 0, o0xb8344b480;  0 drivers
o0xb8344b4b0 .functor BUFZ 1, c4<z>; HiZ drive
v0xb82ce92c0_0 .net "RESET", 0 0, o0xb8344b4b0;  0 drivers
o0xb8344b4e0 .functor BUFZ 3, c4<zzz>; HiZ drive
v0xb82ce9360_0 .net "WADDR", 2 0, o0xb8344b4e0;  0 drivers
S_0xb831af000 .scope module, "IDES8" "IDES8" 3 762;
 .timescale 0 0;
    .port_info 0 /OUTPUT 1 "Q7";
    .port_info 1 /OUTPUT 1 "Q6";
    .port_info 2 /OUTPUT 1 "Q5";
    .port_info 3 /OUTPUT 1 "Q4";
    .port_info 4 /OUTPUT 1 "Q3";
    .port_info 5 /OUTPUT 1 "Q2";
    .port_info 6 /OUTPUT 1 "Q1";
    .port_info 7 /OUTPUT 1 "Q0";
    .port_info 8 /INPUT 1 "FCLK";
    .port_info 9 /INPUT 1 "PCLK";
    .port_info 10 /INPUT 1 "RESET";
    .port_info 11 /INPUT 1 "CALIB";
    .port_info 12 /INPUT 1 "D";
P_0xb8311e900 .param/str "GSREN" 0 3 779, "false";
P_0xb8311e940 .param/str "LSREN" 0 3 780, "true";
o0xb8344b750 .functor BUFZ 1, c4<z>; HiZ drive
v0xb82ce9400_0 .net "CALIB", 0 0, o0xb8344b750;  0 drivers
o0xb8344b780 .functor BUFZ 1, c4<z>; HiZ drive
v0xb82ce94a0_0 .net "D", 0 0, o0xb8344b780;  0 drivers
o0xb8344b7b0 .functor BUFZ 1, c4<z>; HiZ drive
v0xb82ce9540_0 .net "FCLK", 0 0, o0xb8344b7b0;  0 drivers
o0xb8344b7e0 .functor BUFZ 1, c4<z>; HiZ drive
v0xb82ce95e0_0 .net "PCLK", 0 0, o0xb8344b7e0;  0 drivers
o0xb8344b810 .functor BUFZ 1, c4<z>; HiZ drive
v0xb82ce9680_0 .net "Q0", 0 0, o0xb8344b810;  0 drivers
o0xb8344b840 .functor BUFZ 1, c4<z>; HiZ drive
v0xb82ce9720_0 .net "Q1", 0 0, o0xb8344b840;  0 drivers
o0xb8344b870 .functor BUFZ 1, c4<z>; HiZ drive
v0xb82ce97c0_0 .net "Q2", 0 0, o0xb8344b870;  0 drivers
o0xb8344b8a0 .functor BUFZ 1, c4<z>; HiZ drive
v0xb82ce9860_0 .net "Q3", 0 0, o0xb8344b8a0;  0 drivers
o0xb8344b8d0 .functor BUFZ 1, c4<z>; HiZ drive
v0xb82ce9900_0 .net "Q4", 0 0, o0xb8344b8d0;  0 drivers
o0xb8344b900 .functor BUFZ 1, c4<z>; HiZ drive
v0xb82ce99a0_0 .net "Q5", 0 0, o0xb8344b900;  0 drivers
o0xb8344b930 .functor BUFZ 1, c4<z>; HiZ drive
v0xb82ce9a40_0 .net "Q6", 0 0, o0xb8344b930;  0 drivers
o0xb8344b960 .functor BUFZ 1, c4<z>; HiZ drive
v0xb82ce9ae0_0 .net "Q7", 0 0, o0xb8344b960;  0 drivers
o0xb8344b990 .functor BUFZ 1, c4<z>; HiZ drive
v0xb82ce9b80_0 .net "RESET", 0 0, o0xb8344b990;  0 drivers
S_0xb831af180 .scope module, "IOBUF" "IOBUF" 3 577;
 .timescale 0 0;
    .port_info 0 /OUTPUT 1 "O";
    .port_info 1 /INOUT 1 "IO";
    .port_info 2 /INPUT 1 "I";
    .port_info 3 /INPUT 1 "OEN";
L_0x10394fdd0 .functor BUFZ 1, L_0xb82cffe80, C4<0>, C4<0>, C4<0>;
v0xb82ce9c20_0 .net "I", 0 0, L_0x10394fdd0;  1 drivers
v0xb82ce9cc0_0 .net "IO", 0 0, L_0xb82cffe80;  1 drivers
o0xb8344bc90 .functor BUFZ 1, c4<z>; HiZ drive
v0xb82ce9d60_0 .net "O", 0 0, o0xb8344bc90;  0 drivers
o0xb8344bcc0 .functor BUFZ 1, c4<z>; HiZ drive
v0xb82ce9e00_0 .net "OEN", 0 0, o0xb8344bcc0;  0 drivers
o0xb8344bcf0 .functor BUFZ 1, c4<z>; HiZ drive
; Elide local net with no drivers, v0xb82ce9ea0_0 name=_ivl_0
L_0xb82cffe80 .functor MUXZ 1, L_0x10394fdd0, o0xb8344bcf0, o0xb8344bcc0, C4<>;
S_0xb831af300 .scope module, "IVIDEO" "IVIDEO" 3 806;
 .timescale 0 0;
    .port_info 0 /OUTPUT 1 "Q6";
    .port_info 1 /OUTPUT 1 "Q5";
    .port_info 2 /OUTPUT 1 "Q4";
    .port_info 3 /OUTPUT 1 "Q3";
    .port_info 4 /OUTPUT 1 "Q2";
    .port_info 5 /OUTPUT 1 "Q1";
    .port_info 6 /OUTPUT 1 "Q0";
    .port_info 7 /INPUT 1 "FCLK";
    .port_info 8 /INPUT 1 "PCLK";
    .port_info 9 /INPUT 1 "RESET";
    .port_info 10 /INPUT 1 "CALIB";
    .port_info 11 /INPUT 1 "D";
P_0xb8311ea00 .param/str "GSREN" 0 3 822, "false";
P_0xb8311ea40 .param/str "LSREN" 0 3 823, "true";
o0xb8344bde0 .functor BUFZ 1, c4<z>; HiZ drive
v0xb82ce9f40_0 .net "CALIB", 0 0, o0xb8344bde0;  0 drivers
o0xb8344be10 .functor BUFZ 1, c4<z>; HiZ drive
v0xb82ce9fe0_0 .net "D", 0 0, o0xb8344be10;  0 drivers
o0xb8344be40 .functor BUFZ 1, c4<z>; HiZ drive
v0xb82cea080_0 .net "FCLK", 0 0, o0xb8344be40;  0 drivers
o0xb8344be70 .functor BUFZ 1, c4<z>; HiZ drive
v0xb82cea120_0 .net "PCLK", 0 0, o0xb8344be70;  0 drivers
o0xb8344bea0 .functor BUFZ 1, c4<z>; HiZ drive
v0xb82cea1c0_0 .net "Q0", 0 0, o0xb8344bea0;  0 drivers
o0xb8344bed0 .functor BUFZ 1, c4<z>; HiZ drive
v0xb82cea260_0 .net "Q1", 0 0, o0xb8344bed0;  0 drivers
o0xb8344bf00 .functor BUFZ 1, c4<z>; HiZ drive
v0xb82cea300_0 .net "Q2", 0 0, o0xb8344bf00;  0 drivers
o0xb8344bf30 .functor BUFZ 1, c4<z>; HiZ drive
v0xb82cea3a0_0 .net "Q3", 0 0, o0xb8344bf30;  0 drivers
o0xb8344bf60 .functor BUFZ 1, c4<z>; HiZ drive
v0xb82cea440_0 .net "Q4", 0 0, o0xb8344bf60;  0 drivers
o0xb8344bf90 .functor BUFZ 1, c4<z>; HiZ drive
v0xb82cea4e0_0 .net "Q5", 0 0, o0xb8344bf90;  0 drivers
o0xb8344bfc0 .functor BUFZ 1, c4<z>; HiZ drive
v0xb82cea580_0 .net "Q6", 0 0, o0xb8344bfc0;  0 drivers
o0xb8344bff0 .functor BUFZ 1, c4<z>; HiZ drive
v0xb82cea620_0 .net "RESET", 0 0, o0xb8344bff0;  0 drivers
S_0xb831af480 .scope module, "LUT1" "LUT1" 3 2;
 .timescale 0 0;
    .port_info 0 /OUTPUT 1 "F";
    .port_info 1 /INPUT 1 "I0";
P_0xb82cd2680 .param/l "INIT" 0 3 3, C4<00>;
v0xb82cea6c0_0 .net "F", 0 0, L_0xb82cfff20;  1 drivers
o0xb8344c290 .functor BUFZ 1, c4<z>; HiZ drive
v0xb82cea760_0 .net "I0", 0 0, o0xb8344c290;  0 drivers
L_0xb83478058 .functor BUFT 1, C4<0>, C4<0>, C4<0>, C4<0>;
v0xb82cea800_0 .net/2u *"_ivl_0", 0 0, L_0xb83478058;  1 drivers
L_0xb834780a0 .functor BUFT 1, C4<0>, C4<0>, C4<0>, C4<0>;
v0xb82cea8a0_0 .net/2u *"_ivl_2", 0 0, L_0xb834780a0;  1 drivers
L_0xb82cfff20 .functor MUXZ 1, L_0xb834780a0, L_0xb83478058, o0xb8344c290, C4<>;
S_0xb831af600 .scope module, "LUT2" "LUT2" 3 11;
 .timescale 0 0;
    .port_info 0 /OUTPUT 1 "F";
    .port_info 1 /INPUT 1 "I0";
    .port_info 2 /INPUT 1 "I1";
P_0xb82cd2740 .param/l "INIT" 0 3 12, C4<0000>;
v0xb82cea940_0 .net "F", 0 0, L_0xb82d040a0;  1 drivers
o0xb8344c3b0 .functor BUFZ 1, c4<z>; HiZ drive
v0xb82cea9e0_0 .net "I0", 0 0, o0xb8344c3b0;  0 drivers
o0xb8344c3e0 .functor BUFZ 1, c4<z>; HiZ drive
v0xb82ceaa80_0 .net "I1", 0 0, o0xb8344c3e0;  0 drivers
L_0xb834780e8 .functor BUFT 1, C4<00>, C4<0>, C4<0>, C4<0>;
v0xb82ceab20_0 .net/2u *"_ivl_0", 1 0, L_0xb834780e8;  1 drivers
L_0xb83478130 .functor BUFT 1, C4<00>, C4<0>, C4<0>, C4<0>;
v0xb82ceabc0_0 .net/2u *"_ivl_2", 1 0, L_0xb83478130;  1 drivers
v0xb82ceac60_0 .net *"_ivl_7", 0 0, L_0xb82cc7020;  1 drivers
v0xb82cead00_0 .net *"_ivl_9", 0 0, L_0xb82cc70c0;  1 drivers
v0xb82ceada0_0 .net "s1", 1 0, L_0xb82d04000;  1 drivers
L_0xb82d04000 .functor MUXZ 2, L_0xb83478130, L_0xb834780e8, o0xb8344c3e0, C4<>;
L_0xb82cc7020 .part L_0xb82d04000, 1, 1;
L_0xb82cc70c0 .part L_0xb82d04000, 0, 1;
L_0xb82d040a0 .functor MUXZ 1, L_0xb82cc70c0, L_0xb82cc7020, o0xb8344c3b0, C4<>;
S_0xb831af780 .scope module, "LUT3" "LUT3" 3 22;
 .timescale 0 0;
    .port_info 0 /OUTPUT 1 "F";
    .port_info 1 /INPUT 1 "I0";
    .port_info 2 /INPUT 1 "I1";
    .port_info 3 /INPUT 1 "I2";
P_0xb82cd27c0 .param/l "INIT" 0 3 23, C4<00000000>;
v0xb82ceae40_0 .net "F", 0 0, L_0xb82d04280;  1 drivers
o0xb8344c5c0 .functor BUFZ 1, c4<z>; HiZ drive
v0xb82ceaee0_0 .net "I0", 0 0, o0xb8344c5c0;  0 drivers
o0xb8344c5f0 .functor BUFZ 1, c4<z>; HiZ drive
v0xb82ceaf80_0 .net "I1", 0 0, o0xb8344c5f0;  0 drivers
o0xb8344c620 .functor BUFZ 1, c4<z>; HiZ drive
v0xb82ceb020_0 .net "I2", 0 0, o0xb8344c620;  0 drivers
L_0xb83478178 .functor BUFT 1, C4<0000>, C4<0>, C4<0>, C4<0>;
v0xb82ceb0c0_0 .net/2u *"_ivl_0", 3 0, L_0xb83478178;  1 drivers
v0xb82ceb160_0 .net *"_ivl_13", 0 0, L_0xb82cc72a0;  1 drivers
v0xb82ceb200_0 .net *"_ivl_15", 0 0, L_0xb82cc7340;  1 drivers
L_0xb834781c0 .functor BUFT 1, C4<0000>, C4<0>, C4<0>, C4<0>;
v0xb82ceb2a0_0 .net/2u *"_ivl_2", 3 0, L_0xb834781c0;  1 drivers
v0xb82ceb340_0 .net *"_ivl_7", 1 0, L_0xb82cc7160;  1 drivers
v0xb82ceb3e0_0 .net *"_ivl_9", 1 0, L_0xb82cc7200;  1 drivers
v0xb82ceb480_0 .net "s1", 1 0, L_0xb82d041e0;  1 drivers
v0xb82ceb520_0 .net "s2", 3 0, L_0xb82d04140;  1 drivers
L_0xb82d04140 .functor MUXZ 4, L_0xb834781c0, L_0xb83478178, o0xb8344c620, C4<>;
L_0xb82cc7160 .part L_0xb82d04140, 2, 2;
L_0xb82cc7200 .part L_0xb82d04140, 0, 2;
L_0xb82d041e0 .functor MUXZ 2, L_0xb82cc7200, L_0xb82cc7160, o0xb8344c5f0, C4<>;
L_0xb82cc72a0 .part L_0xb82d041e0, 1, 1;
L_0xb82cc7340 .part L_0xb82d041e0, 0, 1;
L_0xb82d04280 .functor MUXZ 1, L_0xb82cc7340, L_0xb82cc72a0, o0xb8344c5c0, C4<>;
S_0xb831af900 .scope module, "LUT4" "LUT4" 3 35;
 .timescale 0 0;
    .port_info 0 /OUTPUT 1 "F";
    .port_info 1 /INPUT 1 "I0";
    .port_info 2 /INPUT 1 "I1";
    .port_info 3 /INPUT 1 "I2";
    .port_info 4 /INPUT 1 "I3";
P_0xb82cd2840 .param/l "INIT" 0 3 36, C4<0000000000000000>;
v0xb82ceb5c0_0 .net "F", 0 0, L_0xb82d04500;  1 drivers
o0xb8344c8c0 .functor BUFZ 1, c4<z>; HiZ drive
v0xb82ceb660_0 .net "I0", 0 0, o0xb8344c8c0;  0 drivers
o0xb8344c8f0 .functor BUFZ 1, c4<z>; HiZ drive
v0xb82ceb700_0 .net "I1", 0 0, o0xb8344c8f0;  0 drivers
o0xb8344c920 .functor BUFZ 1, c4<z>; HiZ drive
v0xb82ceb7a0_0 .net "I2", 0 0, o0xb8344c920;  0 drivers
o0xb8344c950 .functor BUFZ 1, c4<z>; HiZ drive
v0xb82ceb840_0 .net "I3", 0 0, o0xb8344c950;  0 drivers
L_0xb83478208 .functor BUFT 1, C4<00000000>, C4<0>, C4<0>, C4<0>;
v0xb82ceb8e0_0 .net/2u *"_ivl_0", 7 0, L_0xb83478208;  1 drivers
v0xb82ceb980_0 .net *"_ivl_13", 1 0, L_0xb82cc7520;  1 drivers
v0xb82ceba20_0 .net *"_ivl_15", 1 0, L_0xb82cc75c0;  1 drivers
v0xb82cebac0_0 .net *"_ivl_19", 0 0, L_0xb82cc7660;  1 drivers
L_0xb83478250 .functor BUFT 1, C4<00000000>, C4<0>, C4<0>, C4<0>;
v0xb82cebb60_0 .net/2u *"_ivl_2", 7 0, L_0xb83478250;  1 drivers
v0xb82cebc00_0 .net *"_ivl_21", 0 0, L_0xb82cc7700;  1 drivers
v0xb82cebca0_0 .net *"_ivl_7", 3 0, L_0xb82cc73e0;  1 drivers
v0xb82cebd40_0 .net *"_ivl_9", 3 0, L_0xb82cc7480;  1 drivers
v0xb82cebde0_0 .net "s1", 1 0, L_0xb82d04460;  1 drivers
v0xb82cebe80_0 .net "s2", 3 0, L_0xb82d043c0;  1 drivers
v0xb82cebf20_0 .net "s3", 7 0, L_0xb82d04320;  1 drivers
L_0xb82d04320 .functor MUXZ 8, L_0xb83478250, L_0xb83478208, o0xb8344c950, C4<>;
L_0xb82cc73e0 .part L_0xb82d04320, 4, 4;
L_0xb82cc7480 .part L_0xb82d04320, 0, 4;
L_0xb82d043c0 .functor MUXZ 4, L_0xb82cc7480, L_0xb82cc73e0, o0xb8344c920, C4<>;
L_0xb82cc7520 .part L_0xb82d043c0, 2, 2;
L_0xb82cc75c0 .part L_0xb82d043c0, 0, 2;
L_0xb82d04460 .functor MUXZ 2, L_0xb82cc75c0, L_0xb82cc7520, o0xb8344c8f0, C4<>;
L_0xb82cc7660 .part L_0xb82d04460, 1, 1;
L_0xb82cc7700 .part L_0xb82d04460, 0, 1;
L_0xb82d04500 .functor MUXZ 1, L_0xb82cc7700, L_0xb82cc7660, o0xb8344c8c0, C4<>;
S_0xb831afa80 .scope module, "MUX2_LUT5" "MUX2_LUT5" 3 113;
 .timescale 0 0;
    .port_info 0 /OUTPUT 1 "O";
    .port_info 1 /INPUT 1 "I0";
    .port_info 2 /INPUT 1 "I1";
    .port_info 3 /INPUT 1 "S0";
o0xb8344cc80 .functor BUFZ 1, c4<z>; HiZ drive
v0xb82cec280_0 .net "I0", 0 0, o0xb8344cc80;  0 drivers
o0xb8344ccb0 .functor BUFZ 1, c4<z>; HiZ drive
v0xb82cec320_0 .net "I1", 0 0, o0xb8344ccb0;  0 drivers
v0xb82cec3c0_0 .net "O", 0 0, L_0xb82d045a0;  1 drivers
o0xb8344cd10 .functor BUFZ 1, c4<z>; HiZ drive
v0xb82cec460_0 .net "S0", 0 0, o0xb8344cd10;  0 drivers
S_0x10394fbe0 .scope module, "mux2_lut5" "MUX2" 3 124, 3 99 0, S_0xb831afa80;
 .timescale 0 0;
    .port_info 0 /OUTPUT 1 "O";
    .port_info 1 /INPUT 1 "I0";
    .port_info 2 /INPUT 1 "I1";
    .port_info 3 /INPUT 1 "S0";
v0xb82cec000_0 .net "I0", 0 0, o0xb8344cc80;  alias, 0 drivers
v0xb82cec0a0_0 .net "I1", 0 0, o0xb8344ccb0;  alias, 0 drivers
v0xb82cec140_0 .net "O", 0 0, L_0xb82d045a0;  alias, 1 drivers
v0xb82cec1e0_0 .net "S0", 0 0, o0xb8344cd10;  alias, 0 drivers
L_0xb82d045a0 .functor MUXZ 1, o0xb8344cc80, o0xb8344ccb0, o0xb8344cd10, C4<>;
S_0xb831afc00 .scope module, "MUX2_LUT6" "MUX2_LUT6" 3 127;
 .timescale 0 0;
    .port_info 0 /OUTPUT 1 "O";
    .port_info 1 /INPUT 1 "I0";
    .port_info 2 /INPUT 1 "I1";
    .port_info 3 /INPUT 1 "S0";
o0xb8344cec0 .functor BUFZ 1, c4<z>; HiZ drive
v0xb82cec780_0 .net "I0", 0 0, o0xb8344cec0;  0 drivers
o0xb8344cef0 .functor BUFZ 1, c4<z>; HiZ drive
v0xb82cec820_0 .net "I1", 0 0, o0xb8344cef0;  0 drivers
v0xb82cec8c0_0 .net "O", 0 0, L_0xb82d04640;  1 drivers
o0xb8344cf50 .functor BUFZ 1, c4<z>; HiZ drive
v0xb82cec960_0 .net "S0", 0 0, o0xb8344cf50;  0 drivers
S_0x103930c10 .scope module, "mux2_lut6" "MUX2" 3 138, 3 99 0, S_0xb831afc00;
 .timescale 0 0;
    .port_info 0 /OUTPUT 1 "O";
    .port_info 1 /INPUT 1 "I0";
    .port_info 2 /INPUT 1 "I1";
    .port_info 3 /INPUT 1 "S0";
v0xb82cec500_0 .net "I0", 0 0, o0xb8344cec0;  alias, 0 drivers
v0xb82cec5a0_0 .net "I1", 0 0, o0xb8344cef0;  alias, 0 drivers
v0xb82cec640_0 .net "O", 0 0, L_0xb82d04640;  alias, 1 drivers
v0xb82cec6e0_0 .net "S0", 0 0, o0xb8344cf50;  alias, 0 drivers
L_0xb82d04640 .functor MUXZ 1, o0xb8344cec0, o0xb8344cef0, o0xb8344cf50, C4<>;
S_0xb831afd80 .scope module, "MUX2_LUT7" "MUX2_LUT7" 3 141;
 .timescale 0 0;
    .port_info 0 /OUTPUT 1 "O";
    .port_info 1 /INPUT 1 "I0";
    .port_info 2 /INPUT 1 "I1";
    .port_info 3 /INPUT 1 "S0";
o0xb8344d100 .functor BUFZ 1, c4<z>; HiZ drive
v0xb82cecc80_0 .net "I0", 0 0, o0xb8344d100;  0 drivers
o0xb8344d130 .functor BUFZ 1, c4<z>; HiZ drive
v0xb82cecd20_0 .net "I1", 0 0, o0xb8344d130;  0 drivers
v0xb82cecdc0_0 .net "O", 0 0, L_0xb82d046e0;  1 drivers
o0xb8344d190 .functor BUFZ 1, c4<z>; HiZ drive
v0xb82cece60_0 .net "S0", 0 0, o0xb8344d190;  0 drivers
S_0x103930d90 .scope module, "mux2_lut7" "MUX2" 3 152, 3 99 0, S_0xb831afd80;
 .timescale 0 0;
    .port_info 0 /OUTPUT 1 "O";
    .port_info 1 /INPUT 1 "I0";
    .port_info 2 /INPUT 1 "I1";
    .port_info 3 /INPUT 1 "S0";
v0xb82ceca00_0 .net "I0", 0 0, o0xb8344d100;  alias, 0 drivers
v0xb82cecaa0_0 .net "I1", 0 0, o0xb8344d130;  alias, 0 drivers
v0xb82cecb40_0 .net "O", 0 0, L_0xb82d046e0;  alias, 1 drivers
v0xb82cecbe0_0 .net "S0", 0 0, o0xb8344d190;  alias, 0 drivers
L_0xb82d046e0 .functor MUXZ 1, o0xb8344d100, o0xb8344d130, o0xb8344d190, C4<>;
S_0xb831d8000 .scope module, "MUX2_LUT8" "MUX2_LUT8" 3 155;
 .timescale 0 0;
    .port_info 0 /OUTPUT 1 "O";
    .port_info 1 /INPUT 1 "I0";
    .port_info 2 /INPUT 1 "I1";
    .port_info 3 /INPUT 1 "S0";
o0xb8344d340 .functor BUFZ 1, c4<z>; HiZ drive
v0xb82ced180_0 .net "I0", 0 0, o0xb8344d340;  0 drivers
o0xb8344d370 .functor BUFZ 1, c4<z>; HiZ drive
v0xb82ced220_0 .net "I1", 0 0, o0xb8344d370;  0 drivers
v0xb82ced2c0_0 .net "O", 0 0, L_0xb82d04780;  1 drivers
o0xb8344d3d0 .functor BUFZ 1, c4<z>; HiZ drive
v0xb82ced360_0 .net "S0", 0 0, o0xb8344d3d0;  0 drivers
S_0x103940370 .scope module, "mux2_lut8" "MUX2" 3 166, 3 99 0, S_0xb831d8000;
 .timescale 0 0;
    .port_info 0 /OUTPUT 1 "O";
    .port_info 1 /INPUT 1 "I0";
    .port_info 2 /INPUT 1 "I1";
    .port_info 3 /INPUT 1 "S0";
v0xb82cecf00_0 .net "I0", 0 0, o0xb8344d340;  alias, 0 drivers
v0xb82cecfa0_0 .net "I1", 0 0, o0xb8344d370;  alias, 0 drivers
v0xb82ced040_0 .net "O", 0 0, L_0xb82d04780;  alias, 1 drivers
v0xb82ced0e0_0 .net "S0", 0 0, o0xb8344d3d0;  alias, 0 drivers
L_0xb82d04780 .functor MUXZ 1, o0xb8344d340, o0xb8344d370, o0xb8344d3d0, C4<>;
S_0xb831d8180 .scope module, "OBUF" "OBUF" 3 562;
 .timescale 0 0;
    .port_info 0 /OUTPUT 1 "O";
    .port_info 1 /INPUT 1 "I";
o0xb8344d580 .functor BUFZ 1, c4<z>; HiZ drive
L_0xb8320c000 .functor BUFZ 1, o0xb8344d580, C4<0>, C4<0>, C4<0>;
v0xb82ced400_0 .net "I", 0 0, o0xb8344d580;  0 drivers
v0xb82ced4a0_0 .net "O", 0 0, L_0xb8320c000;  1 drivers
S_0xb831d8300 .scope module, "ODDR" "ODDR" 3 898;
 .timescale 0 0;
    .port_info 0 /INPUT 1 "D0";
    .port_info 1 /INPUT 1 "D1";
    .port_info 2 /INPUT 1 "TX";
    .port_info 3 /INPUT 1 "CLK";
    .port_info 4 /OUTPUT 1 "Q0";
    .port_info 5 /OUTPUT 1 "Q1";
P_0xb8311ed00 .param/l "INIT" 0 3 906, +C4<00000000000000000000000000000000>;
P_0xb8311ed40 .param/l "TXCLK_POL" 0 3 905, +C4<00000000000000000000000000000000>;
o0xb8344d640 .functor BUFZ 1, c4<z>; HiZ drive
v0xb82ced540_0 .net "CLK", 0 0, o0xb8344d640;  0 drivers
o0xb8344d670 .functor BUFZ 1, c4<z>; HiZ drive
v0xb82ced5e0_0 .net "D0", 0 0, o0xb8344d670;  0 drivers
o0xb8344d6a0 .functor BUFZ 1, c4<z>; HiZ drive
v0xb82ced680_0 .net "D1", 0 0, o0xb8344d6a0;  0 drivers
o0xb8344d6d0 .functor BUFZ 1, c4<z>; HiZ drive
v0xb82ced720_0 .net "Q0", 0 0, o0xb8344d6d0;  0 drivers
o0xb8344d700 .functor BUFZ 1, c4<z>; HiZ drive
v0xb82ced7c0_0 .net "Q1", 0 0, o0xb8344d700;  0 drivers
o0xb8344d730 .functor BUFZ 1, c4<z>; HiZ drive
v0xb82ced860_0 .net "TX", 0 0, o0xb8344d730;  0 drivers
S_0xb831d8480 .scope module, "ODDRC" "ODDRC" 3 910;
 .timescale 0 0;
    .port_info 0 /INPUT 1 "D0";
    .port_info 1 /INPUT 1 "D1";
    .port_info 2 /INPUT 1 "CLEAR";
    .port_info 3 /INPUT 1 "TX";
    .port_info 4 /INPUT 1 "CLK";
    .port_info 5 /OUTPUT 1 "Q0";
    .port_info 6 /OUTPUT 1 "Q1";
P_0xb8311ed80 .param/l "INIT" 0 3 919, +C4<00000000000000000000000000000000>;
P_0xb8311edc0 .param/l "TXCLK_POL" 0 3 918, +C4<00000000000000000000000000000000>;
o0xb8344d880 .functor BUFZ 1, c4<z>; HiZ drive
v0xb82ced900_0 .net "CLEAR", 0 0, o0xb8344d880;  0 drivers
o0xb8344d8b0 .functor BUFZ 1, c4<z>; HiZ drive
v0xb82ced9a0_0 .net "CLK", 0 0, o0xb8344d8b0;  0 drivers
o0xb8344d8e0 .functor BUFZ 1, c4<z>; HiZ drive
v0xb82ceda40_0 .net "D0", 0 0, o0xb8344d8e0;  0 drivers
o0xb8344d910 .functor BUFZ 1, c4<z>; HiZ drive
v0xb82cedae0_0 .net "D1", 0 0, o0xb8344d910;  0 drivers
o0xb8344d940 .functor BUFZ 1, c4<z>; HiZ drive
v0xb82cedb80_0 .net "Q0", 0 0, o0xb8344d940;  0 drivers
o0xb8344d970 .functor BUFZ 1, c4<z>; HiZ drive
v0xb82cedc20_0 .net "Q1", 0 0, o0xb8344d970;  0 drivers
o0xb8344d9a0 .functor BUFZ 1, c4<z>; HiZ drive
v0xb82cedcc0_0 .net "TX", 0 0, o0xb8344d9a0;  0 drivers
S_0xb831d8600 .scope module, "OSC" "OSC" 3 1911;
 .timescale 0 0;
    .port_info 0 /OUTPUT 1 "OSCOUT";
P_0xb8311ee00 .param/str "DEVICE" 0 3 1915, "GW1N-4";
P_0xb8311ee40 .param/l "FREQ_DIV" 0 3 1914, +C4<00000000000000000000000001100100>;
o0xb8344db20 .functor BUFZ 1, c4<z>; HiZ drive
v0xb82cedd60_0 .net "OSCOUT", 0 0, o0xb8344db20;  0 drivers
S_0xb831d8780 .scope module, "OSCF" "OSCF" 3 1928;
 .timescale 0 0;
    .port_info 0 /OUTPUT 1 "OSCOUT";
    .port_info 1 /OUTPUT 1 "OSCOUT30M";
    .port_info 2 /INPUT 1 "OSCEN";
P_0xb82cd2a80 .param/l "FREQ_DIV" 0 3 1934, +C4<00000000000000000000000001100100>;
o0xb8344db80 .functor BUFZ 1, c4<z>; HiZ drive
v0xb82cede00_0 .net "OSCEN", 0 0, o0xb8344db80;  0 drivers
o0xb8344dbb0 .functor BUFZ 1, c4<z>; HiZ drive
v0xb82cedea0_0 .net "OSCOUT", 0 0, o0xb8344dbb0;  0 drivers
o0xb8344dbe0 .functor BUFZ 1, c4<z>; HiZ drive
v0xb82cedf40_0 .net "OSCOUT30M", 0 0, o0xb8344dbe0;  0 drivers
S_0xb831d8900 .scope module, "OSCH" "OSCH" 3 1938;
 .timescale 0 0;
    .port_info 0 /OUTPUT 1 "OSCOUT";
P_0xb82cd2b00 .param/l "FREQ_DIV" 0 3 1941, +C4<00000000000000000000000001100000>;
o0xb8344dca0 .functor BUFZ 1, c4<z>; HiZ drive
v0xb82cedfe0_0 .net "OSCOUT", 0 0, o0xb8344dca0;  0 drivers
S_0xb831d8a80 .scope module, "OSCO" "OSCO" 3 1952;
 .timescale 0 0;
    .port_info 0 /OUTPUT 1 "OSCOUT";
    .port_info 1 /INPUT 1 "OSCEN";
P_0xb8311ee80 .param/l "FREQ_DIV" 0 3 1957, +C4<00000000000000000000000001100100>;
P_0xb8311eec0 .param/l "REGULATOR_EN" 0 3 1958, C4<0>;
o0xb8344dd00 .functor BUFZ 1, c4<z>; HiZ drive
v0xb82cee080_0 .net "OSCEN", 0 0, o0xb8344dd00;  0 drivers
o0xb8344dd30 .functor BUFZ 1, c4<z>; HiZ drive
v0xb82cee120_0 .net "OSCOUT", 0 0, o0xb8344dd30;  0 drivers
S_0xb831d8c00 .scope module, "OSCW" "OSCW" 3 1945;
 .timescale 0 0;
    .port_info 0 /OUTPUT 1 "OSCOUT";
P_0xb82cd2c40 .param/l "FREQ_DIV" 0 3 1948, +C4<00000000000000000000000001010000>;
o0xb8344ddc0 .functor BUFZ 1, c4<z>; HiZ drive
v0xb82cee1c0_0 .net "OSCOUT", 0 0, o0xb8344ddc0;  0 drivers
S_0xb831d8d80 .scope module, "OSCZ" "OSCZ" 3 1919;
 .timescale 0 0;
    .port_info 0 /OUTPUT 1 "OSCOUT";
    .port_info 1 /INPUT 1 "OSCEN";
P_0xb82cd2cc0 .param/l "FREQ_DIV" 0 3 1924, +C4<00000000000000000000000001100100>;
o0xb8344de20 .functor BUFZ 1, c4<z>; HiZ drive
v0xb82cee260_0 .net "OSCEN", 0 0, o0xb8344de20;  0 drivers
o0xb8344de50 .functor BUFZ 1, c4<z>; HiZ drive
v0xb82cee300_0 .net "OSCOUT", 0 0, o0xb8344de50;  0 drivers
S_0xb831d8f00 .scope module, "OSER10" "OSER10" 3 662;
 .timescale 0 0;
    .port_info 0 /INPUT 1 "D9";
    .port_info 1 /INPUT 1 "D8";
    .port_info 2 /INPUT 1 "D7";
    .port_info 3 /INPUT 1 "D6";
    .port_info 4 /INPUT 1 "D5";
    .port_info 5 /INPUT 1 "D4";
    .port_info 6 /INPUT 1 "D3";
    .port_info 7 /INPUT 1 "D2";
    .port_info 8 /INPUT 1 "D1";
    .port_info 9 /INPUT 1 "D0";
    .port_info 10 /INPUT 1 "FCLK";
    .port_info 11 /INPUT 1 "PCLK";
    .port_info 12 /INPUT 1 "RESET";
    .port_info 13 /OUTPUT 1 "Q";
P_0xb8311ef00 .param/str "GSREN" 0 3 679, "false";
P_0xb8311ef40 .param/str "LSREN" 0 3 680, "true";
o0xb8344dee0 .functor BUFZ 1, c4<z>; HiZ drive
v0xb82cee3a0_0 .net "D0", 0 0, o0xb8344dee0;  0 drivers
o0xb8344df10 .functor BUFZ 1, c4<z>; HiZ drive
v0xb82cee440_0 .net "D1", 0 0, o0xb8344df10;  0 drivers
o0xb8344df40 .functor BUFZ 1, c4<z>; HiZ drive
v0xb82cee4e0_0 .net "D2", 0 0, o0xb8344df40;  0 drivers
o0xb8344df70 .functor BUFZ 1, c4<z>; HiZ drive
v0xb82cee580_0 .net "D3", 0 0, o0xb8344df70;  0 drivers
o0xb8344dfa0 .functor BUFZ 1, c4<z>; HiZ drive
v0xb82cee620_0 .net "D4", 0 0, o0xb8344dfa0;  0 drivers
o0xb8344dfd0 .functor BUFZ 1, c4<z>; HiZ drive
v0xb82cee6c0_0 .net "D5", 0 0, o0xb8344dfd0;  0 drivers
o0xb8344e000 .functor BUFZ 1, c4<z>; HiZ drive
v0xb82cee760_0 .net "D6", 0 0, o0xb8344e000;  0 drivers
o0xb8344e030 .functor BUFZ 1, c4<z>; HiZ drive
v0xb82cee800_0 .net "D7", 0 0, o0xb8344e030;  0 drivers
o0xb8344e060 .functor BUFZ 1, c4<z>; HiZ drive
v0xb82cee8a0_0 .net "D8", 0 0, o0xb8344e060;  0 drivers
o0xb8344e090 .functor BUFZ 1, c4<z>; HiZ drive
v0xb82cee940_0 .net "D9", 0 0, o0xb8344e090;  0 drivers
o0xb8344e0c0 .functor BUFZ 1, c4<z>; HiZ drive
v0xb82cee9e0_0 .net "FCLK", 0 0, o0xb8344e0c0;  0 drivers
o0xb8344e0f0 .functor BUFZ 1, c4<z>; HiZ drive
v0xb82ceea80_0 .net "PCLK", 0 0, o0xb8344e0f0;  0 drivers
o0xb8344e120 .functor BUFZ 1, c4<z>; HiZ drive
v0xb82ceeb20_0 .net "Q", 0 0, o0xb8344e120;  0 drivers
o0xb8344e150 .functor BUFZ 1, c4<z>; HiZ drive
v0xb82ceebc0_0 .net "RESET", 0 0, o0xb8344e150;  0 drivers
S_0xb831d9080 .scope module, "OSER16" "OSER16" 3 701;
 .timescale 0 0;
    .port_info 0 /INPUT 1 "D15";
    .port_info 1 /INPUT 1 "D14";
    .port_info 2 /INPUT 1 "D13";
    .port_info 3 /INPUT 1 "D12";
    .port_info 4 /INPUT 1 "D11";
    .port_info 5 /INPUT 1 "D10";
    .port_info 6 /INPUT 1 "D9";
    .port_info 7 /INPUT 1 "D8";
    .port_info 8 /INPUT 1 "D7";
    .port_info 9 /INPUT 1 "D6";
    .port_info 10 /INPUT 1 "D5";
    .port_info 11 /INPUT 1 "D4";
    .port_info 12 /INPUT 1 "D3";
    .port_info 13 /INPUT 1 "D2";
    .port_info 14 /INPUT 1 "D1";
    .port_info 15 /INPUT 1 "D0";
    .port_info 16 /INPUT 1 "FCLK";
    .port_info 17 /INPUT 1 "PCLK";
    .port_info 18 /INPUT 1 "RESET";
    .port_info 19 /OUTPUT 1 "Q";
P_0xb8311ef80 .param/str "GSREN" 0 3 726, "false";
P_0xb8311efc0 .param/str "LSREN" 0 3 727, "true";
o0xb8344e420 .functor BUFZ 1, c4<z>; HiZ drive
v0xb82ceec60_0 .net "D0", 0 0, o0xb8344e420;  0 drivers
o0xb8344e450 .functor BUFZ 1, c4<z>; HiZ drive
v0xb82ceed00_0 .net "D1", 0 0, o0xb8344e450;  0 drivers
o0xb8344e480 .functor BUFZ 1, c4<z>; HiZ drive
v0xb82ceeda0_0 .net "D10", 0 0, o0xb8344e480;  0 drivers
o0xb8344e4b0 .functor BUFZ 1, c4<z>; HiZ drive
v0xb82ceee40_0 .net "D11", 0 0, o0xb8344e4b0;  0 drivers
o0xb8344e4e0 .functor BUFZ 1, c4<z>; HiZ drive
v0xb82ceeee0_0 .net "D12", 0 0, o0xb8344e4e0;  0 drivers
o0xb8344e510 .functor BUFZ 1, c4<z>; HiZ drive
v0xb82ceef80_0 .net "D13", 0 0, o0xb8344e510;  0 drivers
o0xb8344e540 .functor BUFZ 1, c4<z>; HiZ drive
v0xb82cef020_0 .net "D14", 0 0, o0xb8344e540;  0 drivers
o0xb8344e570 .functor BUFZ 1, c4<z>; HiZ drive
v0xb82cef0c0_0 .net "D15", 0 0, o0xb8344e570;  0 drivers
o0xb8344e5a0 .functor BUFZ 1, c4<z>; HiZ drive
v0xb82cef160_0 .net "D2", 0 0, o0xb8344e5a0;  0 drivers
o0xb8344e5d0 .functor BUFZ 1, c4<z>; HiZ drive
v0xb82cef200_0 .net "D3", 0 0, o0xb8344e5d0;  0 drivers
o0xb8344e600 .functor BUFZ 1, c4<z>; HiZ drive
v0xb82cef2a0_0 .net "D4", 0 0, o0xb8344e600;  0 drivers
o0xb8344e630 .functor BUFZ 1, c4<z>; HiZ drive
v0xb82cef340_0 .net "D5", 0 0, o0xb8344e630;  0 drivers
o0xb8344e660 .functor BUFZ 1, c4<z>; HiZ drive
v0xb82cef3e0_0 .net "D6", 0 0, o0xb8344e660;  0 drivers
o0xb8344e690 .functor BUFZ 1, c4<z>; HiZ drive
v0xb82cef480_0 .net "D7", 0 0, o0xb8344e690;  0 drivers
o0xb8344e6c0 .functor BUFZ 1, c4<z>; HiZ drive
v0xb82cef520_0 .net "D8", 0 0, o0xb8344e6c0;  0 drivers
o0xb8344e6f0 .functor BUFZ 1, c4<z>; HiZ drive
v0xb82cef5c0_0 .net "D9", 0 0, o0xb8344e6f0;  0 drivers
o0xb8344e720 .functor BUFZ 1, c4<z>; HiZ drive
v0xb82cef660_0 .net "FCLK", 0 0, o0xb8344e720;  0 drivers
o0xb8344e750 .functor BUFZ 1, c4<z>; HiZ drive
v0xb82cef700_0 .net "PCLK", 0 0, o0xb8344e750;  0 drivers
o0xb8344e780 .functor BUFZ 1, c4<z>; HiZ drive
v0xb82cef7a0_0 .net "Q", 0 0, o0xb8344e780;  0 drivers
o0xb8344e7b0 .functor BUFZ 1, c4<z>; HiZ drive
v0xb82cef840_0 .net "RESET", 0 0, o0xb8344e7b0;  0 drivers
S_0xb831d9200 .scope module, "OSER4" "OSER4" 3 601;
 .timescale 0 0;
    .port_info 0 /INPUT 1 "D3";
    .port_info 1 /INPUT 1 "D2";
    .port_info 2 /INPUT 1 "D1";
    .port_info 3 /INPUT 1 "D0";
    .port_info 4 /INPUT 1 "TX1";
    .port_info 5 /INPUT 1 "TX0";
    .port_info 6 /INPUT 1 "FCLK";
    .port_info 7 /INPUT 1 "PCLK";
    .port_info 8 /INPUT 1 "RESET";
    .port_info 9 /OUTPUT 1 "Q1";
    .port_info 10 /OUTPUT 1 "Q0";
P_0xb83878100 .param/str "GSREN" 0 3 615, "false";
P_0xb83878140 .param/str "HWL" 0 3 618, "false";
P_0xb83878180 .param/str "LSREN" 0 3 616, "true";
P_0xb838781c0 .param/l "TXCLK_POL" 0 3 617, +C4<00000000000000000000000000000000>;
o0xb8344eba0 .functor BUFZ 1, c4<z>; HiZ drive
v0xb82cef8e0_0 .net "D0", 0 0, o0xb8344eba0;  0 drivers
o0xb8344ebd0 .functor BUFZ 1, c4<z>; HiZ drive
v0xb82cef980_0 .net "D1", 0 0, o0xb8344ebd0;  0 drivers
o0xb8344ec00 .functor BUFZ 1, c4<z>; HiZ drive
v0xb82cefa20_0 .net "D2", 0 0, o0xb8344ec00;  0 drivers
o0xb8344ec30 .functor BUFZ 1, c4<z>; HiZ drive
v0xb82cefac0_0 .net "D3", 0 0, o0xb8344ec30;  0 drivers
o0xb8344ec60 .functor BUFZ 1, c4<z>; HiZ drive
v0xb82cefb60_0 .net "FCLK", 0 0, o0xb8344ec60;  0 drivers
o0xb8344ec90 .functor BUFZ 1, c4<z>; HiZ drive
v0xb82cefc00_0 .net "PCLK", 0 0, o0xb8344ec90;  0 drivers
o0xb8344ecc0 .functor BUFZ 1, c4<z>; HiZ drive
v0xb82cefca0_0 .net "Q0", 0 0, o0xb8344ecc0;  0 drivers
o0xb8344ecf0 .functor BUFZ 1, c4<z>; HiZ drive
v0xb82cefd40_0 .net "Q1", 0 0, o0xb8344ecf0;  0 drivers
o0xb8344ed20 .functor BUFZ 1, c4<z>; HiZ drive
v0xb82cefde0_0 .net "RESET", 0 0, o0xb8344ed20;  0 drivers
o0xb8344ed50 .functor BUFZ 1, c4<z>; HiZ drive
v0xb82cefe80_0 .net "TX0", 0 0, o0xb8344ed50;  0 drivers
o0xb8344ed80 .functor BUFZ 1, c4<z>; HiZ drive
v0xb82ceff20_0 .net "TX1", 0 0, o0xb8344ed80;  0 drivers
S_0xb831d9380 .scope module, "OSER4_MEM" "OSER4_MEM" 3 621;
 .timescale 0 0;
    .port_info 0 /OUTPUT 1 "Q0";
    .port_info 1 /OUTPUT 1 "Q1";
    .port_info 2 /INPUT 1 "D0";
    .port_info 3 /INPUT 1 "D1";
    .port_info 4 /INPUT 1 "D2";
    .port_info 5 /INPUT 1 "D3";
    .port_info 6 /INPUT 1 "TX0";
    .port_info 7 /INPUT 1 "TX1";
    .port_info 8 /INPUT 1 "PCLK";
    .port_info 9 /INPUT 1 "FCLK";
    .port_info 10 /INPUT 1 "TCLK";
    .port_info 11 /INPUT 1 "RESET";
P_0x103934eb0 .param/str "GSREN" 0 3 622, "\000";
P_0x103934ef0 .param/str "HWL" 0 3 624, "\000";
P_0x103934f30 .param/str "ID" 0 3 633, "\000";
P_0x103934f70 .param/str "LSREN" 0 3 623, "\000";
P_0x103934fb0 .param/str "TCLK_SOURCE" 0 3 625, "\000";
P_0x103934ff0 .param/str "TXCLK_POL" 0 3 626, "\000";
o0xb8344efc0 .functor BUFZ 1, c4<z>; HiZ drive
v0xb82cf0000_0 .net "D0", 0 0, o0xb8344efc0;  0 drivers
o0xb8344eff0 .functor BUFZ 1, c4<z>; HiZ drive
v0xb82cf00a0_0 .net "D1", 0 0, o0xb8344eff0;  0 drivers
o0xb8344f020 .functor BUFZ 1, c4<z>; HiZ drive
v0xb82cf0140_0 .net "D2", 0 0, o0xb8344f020;  0 drivers
o0xb8344f050 .functor BUFZ 1, c4<z>; HiZ drive
v0xb82cf01e0_0 .net "D3", 0 0, o0xb8344f050;  0 drivers
o0xb8344f080 .functor BUFZ 1, c4<z>; HiZ drive
v0xb82cf0280_0 .net "FCLK", 0 0, o0xb8344f080;  0 drivers
o0xb8344f0b0 .functor BUFZ 1, c4<z>; HiZ drive
v0xb82cf0320_0 .net "PCLK", 0 0, o0xb8344f0b0;  0 drivers
o0xb8344f0e0 .functor BUFZ 1, c4<z>; HiZ drive
v0xb82cf03c0_0 .net "Q0", 0 0, o0xb8344f0e0;  0 drivers
o0xb8344f110 .functor BUFZ 1, c4<z>; HiZ drive
v0xb82cf0460_0 .net "Q1", 0 0, o0xb8344f110;  0 drivers
o0xb8344f140 .functor BUFZ 1, c4<z>; HiZ drive
v0xb82cf0500_0 .net "RESET", 0 0, o0xb8344f140;  0 drivers
o0xb8344f170 .functor BUFZ 1, c4<z>; HiZ drive
v0xb82cf05a0_0 .net "TCLK", 0 0, o0xb8344f170;  0 drivers
o0xb8344f1a0 .functor BUFZ 1, c4<z>; HiZ drive
v0xb82cf0640_0 .net "TX0", 0 0, o0xb8344f1a0;  0 drivers
o0xb8344f1d0 .functor BUFZ 1, c4<z>; HiZ drive
v0xb82cf06e0_0 .net "TX1", 0 0, o0xb8344f1d0;  0 drivers
S_0xb831d9500 .scope module, "OSER8" "OSER8" 3 636;
 .timescale 0 0;
    .port_info 0 /INPUT 1 "D7";
    .port_info 1 /INPUT 1 "D6";
    .port_info 2 /INPUT 1 "D5";
    .port_info 3 /INPUT 1 "D4";
    .port_info 4 /INPUT 1 "D3";
    .port_info 5 /INPUT 1 "D2";
    .port_info 6 /INPUT 1 "D1";
    .port_info 7 /INPUT 1 "D0";
    .port_info 8 /INPUT 1 "TX3";
    .port_info 9 /INPUT 1 "TX2";
    .port_info 10 /INPUT 1 "TX1";
    .port_info 11 /INPUT 1 "TX0";
    .port_info 12 /INPUT 1 "FCLK";
    .port_info 13 /INPUT 1 "PCLK";
    .port_info 14 /INPUT 1 "RESET";
    .port_info 15 /OUTPUT 1 "Q1";
    .port_info 16 /OUTPUT 1 "Q0";
P_0xb83878200 .param/str "GSREN" 0 3 656, "false";
P_0xb83878240 .param/str "HWL" 0 3 659, "false";
P_0xb83878280 .param/str "LSREN" 0 3 657, "true";
P_0xb838782c0 .param/l "TXCLK_POL" 0 3 658, +C4<00000000000000000000000000000000>;
o0xb8344f440 .functor BUFZ 1, c4<z>; HiZ drive
v0xb82cf0780_0 .net "D0", 0 0, o0xb8344f440;  0 drivers
o0xb8344f470 .functor BUFZ 1, c4<z>; HiZ drive
v0xb82cf0820_0 .net "D1", 0 0, o0xb8344f470;  0 drivers
o0xb8344f4a0 .functor BUFZ 1, c4<z>; HiZ drive
v0xb82cf08c0_0 .net "D2", 0 0, o0xb8344f4a0;  0 drivers
o0xb8344f4d0 .functor BUFZ 1, c4<z>; HiZ drive
v0xb82cf0960_0 .net "D3", 0 0, o0xb8344f4d0;  0 drivers
o0xb8344f500 .functor BUFZ 1, c4<z>; HiZ drive
v0xb82cf0a00_0 .net "D4", 0 0, o0xb8344f500;  0 drivers
o0xb8344f530 .functor BUFZ 1, c4<z>; HiZ drive
v0xb82cf0aa0_0 .net "D5", 0 0, o0xb8344f530;  0 drivers
o0xb8344f560 .functor BUFZ 1, c4<z>; HiZ drive
v0xb82cf0b40_0 .net "D6", 0 0, o0xb8344f560;  0 drivers
o0xb8344f590 .functor BUFZ 1, c4<z>; HiZ drive
v0xb82cf0be0_0 .net "D7", 0 0, o0xb8344f590;  0 drivers
o0xb8344f5c0 .functor BUFZ 1, c4<z>; HiZ drive
v0xb82cf0c80_0 .net "FCLK", 0 0, o0xb8344f5c0;  0 drivers
o0xb8344f5f0 .functor BUFZ 1, c4<z>; HiZ drive
v0xb82cf0d20_0 .net "PCLK", 0 0, o0xb8344f5f0;  0 drivers
o0xb8344f620 .functor BUFZ 1, c4<z>; HiZ drive
v0xb82cf0dc0_0 .net "Q0", 0 0, o0xb8344f620;  0 drivers
o0xb8344f650 .functor BUFZ 1, c4<z>; HiZ drive
v0xb82cf0e60_0 .net "Q1", 0 0, o0xb8344f650;  0 drivers
o0xb8344f680 .functor BUFZ 1, c4<z>; HiZ drive
v0xb82cf0f00_0 .net "RESET", 0 0, o0xb8344f680;  0 drivers
o0xb8344f6b0 .functor BUFZ 1, c4<z>; HiZ drive
v0xb82cf0fa0_0 .net "TX0", 0 0, o0xb8344f6b0;  0 drivers
o0xb8344f6e0 .functor BUFZ 1, c4<z>; HiZ drive
v0xb82cf1040_0 .net "TX1", 0 0, o0xb8344f6e0;  0 drivers
o0xb8344f710 .functor BUFZ 1, c4<z>; HiZ drive
v0xb82cf10e0_0 .net "TX2", 0 0, o0xb8344f710;  0 drivers
o0xb8344f740 .functor BUFZ 1, c4<z>; HiZ drive
v0xb82cf1180_0 .net "TX3", 0 0, o0xb8344f740;  0 drivers
S_0xb831d9680 .scope module, "OVIDEO" "OVIDEO" 3 683;
 .timescale 0 0;
    .port_info 0 /INPUT 1 "D6";
    .port_info 1 /INPUT 1 "D5";
    .port_info 2 /INPUT 1 "D4";
    .port_info 3 /INPUT 1 "D3";
    .port_info 4 /INPUT 1 "D2";
    .port_info 5 /INPUT 1 "D1";
    .port_info 6 /INPUT 1 "D0";
    .port_info 7 /INPUT 1 "FCLK";
    .port_info 8 /INPUT 1 "PCLK";
    .port_info 9 /INPUT 1 "RESET";
    .port_info 10 /OUTPUT 1 "Q";
P_0xb8311f000 .param/str "GSREN" 0 3 697, "false";
P_0xb8311f040 .param/str "LSREN" 0 3 698, "true";
o0xb8344faa0 .functor BUFZ 1, c4<z>; HiZ drive
v0xb82cf1220_0 .net "D0", 0 0, o0xb8344faa0;  0 drivers
o0xb8344fad0 .functor BUFZ 1, c4<z>; HiZ drive
v0xb82cf12c0_0 .net "D1", 0 0, o0xb8344fad0;  0 drivers
o0xb8344fb00 .functor BUFZ 1, c4<z>; HiZ drive
v0xb82cf1360_0 .net "D2", 0 0, o0xb8344fb00;  0 drivers
o0xb8344fb30 .functor BUFZ 1, c4<z>; HiZ drive
v0xb82cf1400_0 .net "D3", 0 0, o0xb8344fb30;  0 drivers
o0xb8344fb60 .functor BUFZ 1, c4<z>; HiZ drive
v0xb82cf14a0_0 .net "D4", 0 0, o0xb8344fb60;  0 drivers
o0xb8344fb90 .functor BUFZ 1, c4<z>; HiZ drive
v0xb82cf1540_0 .net "D5", 0 0, o0xb8344fb90;  0 drivers
o0xb8344fbc0 .functor BUFZ 1, c4<z>; HiZ drive
v0xb82cf15e0_0 .net "D6", 0 0, o0xb8344fbc0;  0 drivers
o0xb8344fbf0 .functor BUFZ 1, c4<z>; HiZ drive
v0xb82cf1680_0 .net "FCLK", 0 0, o0xb8344fbf0;  0 drivers
o0xb8344fc20 .functor BUFZ 1, c4<z>; HiZ drive
v0xb82cf1720_0 .net "PCLK", 0 0, o0xb8344fc20;  0 drivers
o0xb8344fc50 .functor BUFZ 1, c4<z>; HiZ drive
v0xb82cf17c0_0 .net "Q", 0 0, o0xb8344fc50;  0 drivers
o0xb8344fc80 .functor BUFZ 1, c4<z>; HiZ drive
v0xb82cf1860_0 .net "RESET", 0 0, o0xb8344fc80;  0 drivers
S_0xb831d9800 .scope module, "PLLVR" "PLLVR" 3 1864;
 .timescale 0 0;
    .port_info 0 /OUTPUT 1 "CLKOUT";
    .port_info 1 /OUTPUT 1 "CLKOUTP";
    .port_info 2 /OUTPUT 1 "CLKOUTD";
    .port_info 3 /OUTPUT 1 "CLKOUTD3";
    .port_info 4 /OUTPUT 1 "LOCK";
    .port_info 5 /INPUT 1 "CLKIN";
    .port_info 6 /INPUT 1 "CLKFB";
    .port_info 7 /INPUT 6 "FBDSEL";
    .port_info 8 /INPUT 6 "IDSEL";
    .port_info 9 /INPUT 6 "ODSEL";
    .port_info 10 /INPUT 4 "DUTYDA";
    .port_info 11 /INPUT 4 "PSDA";
    .port_info 12 /INPUT 4 "FDLY";
    .port_info 13 /INPUT 1 "RESET";
    .port_info 14 /INPUT 1 "RESET_P";
    .port_info 15 /INPUT 1 "VREN";
P_0x103950de0 .param/str "CLKFB_SEL" 0 3 1899, "internal";
P_0x103950e20 .param/str "CLKOUTD3_SRC" 0 3 1905, "CLKOUT";
P_0x103950e60 .param/str "CLKOUTD_BYPASS" 0 3 1902, "false";
P_0x103950ea0 .param/str "CLKOUTD_SRC" 0 3 1904, "CLKOUT";
P_0x103950ee0 .param/str "CLKOUTP_BYPASS" 0 3 1901, "false";
P_0x103950f20 .param/l "CLKOUTP_DLY_STEP" 0 3 1897, +C4<00000000000000000000000000000000>;
P_0x103950f60 .param/l "CLKOUTP_FT_DIR" 0 3 1895, C4<1>;
P_0x103950fa0 .param/str "CLKOUT_BYPASS" 0 3 1900, "false";
P_0x103950fe0 .param/l "CLKOUT_DLY_STEP" 0 3 1896, +C4<00000000000000000000000000000000>;
P_0x103951020 .param/l "CLKOUT_FT_DIR" 0 3 1894, C4<1>;
P_0x103951060 .param/str "DEVICE" 0 3 1906, "GW1NS-4";
P_0x1039510a0 .param/str "DUTYDA_SEL" 0 3 1892, "1000";
P_0x1039510e0 .param/str "DYN_DA_EN" 0 3 1891, "false";
P_0x103951120 .param/str "DYN_FBDIV_SEL" 0 3 1885, "false";
P_0x103951160 .param/str "DYN_IDIV_SEL" 0 3 1883, "false";
P_0x1039511a0 .param/str "DYN_ODIV_SEL" 0 3 1887, "false";
P_0x1039511e0 .param/l "DYN_SDIV_SEL" 0 3 1903, +C4<00000000000000000000000000000010>;
P_0x103951220 .param/l "FBDIV_SEL" 0 3 1886, +C4<00000000000000000000000000000000>;
P_0x103951260 .param/str "FCLKIN" 0 3 1882, "100.0";
P_0x1039512a0 .param/l "IDIV_SEL" 0 3 1884, +C4<00000000000000000000000000000000>;
P_0x1039512e0 .param/l "ODIV_SEL" 0 3 1888, +C4<00000000000000000000000000001000>;
P_0x103951320 .param/str "PSDA_SEL" 0 3 1890, "0000";
o0xb8344fec0 .functor BUFZ 1, c4<z>; HiZ drive
v0xb82cf1900_0 .net "CLKFB", 0 0, o0xb8344fec0;  0 drivers
o0xb8344fef0 .functor BUFZ 1, c4<z>; HiZ drive
v0xb82cf19a0_0 .net "CLKIN", 0 0, o0xb8344fef0;  0 drivers
o0xb8344ff20 .functor BUFZ 1, c4<z>; HiZ drive
v0xb82cf1a40_0 .net "CLKOUT", 0 0, o0xb8344ff20;  0 drivers
o0xb8344ff50 .functor BUFZ 1, c4<z>; HiZ drive
v0xb82cf1ae0_0 .net "CLKOUTD", 0 0, o0xb8344ff50;  0 drivers
o0xb8344ff80 .functor BUFZ 1, c4<z>; HiZ drive
v0xb82cf1b80_0 .net "CLKOUTD3", 0 0, o0xb8344ff80;  0 drivers
o0xb8344ffb0 .functor BUFZ 1, c4<z>; HiZ drive
v0xb82cf1c20_0 .net "CLKOUTP", 0 0, o0xb8344ffb0;  0 drivers
o0xb8344ffe0 .functor BUFZ 4, c4<zzzz>; HiZ drive
v0xb82cf1cc0_0 .net "DUTYDA", 3 0, o0xb8344ffe0;  0 drivers
o0xb83450010 .functor BUFZ 6, c4<zzzzzz>; HiZ drive
v0xb82cf1d60_0 .net "FBDSEL", 5 0, o0xb83450010;  0 drivers
o0xb83450040 .functor BUFZ 4, c4<zzzz>; HiZ drive
v0xb82cf1e00_0 .net "FDLY", 3 0, o0xb83450040;  0 drivers
o0xb83450070 .functor BUFZ 6, c4<zzzzzz>; HiZ drive
v0xb82cf1ea0_0 .net "IDSEL", 5 0, o0xb83450070;  0 drivers
o0xb834500a0 .functor BUFZ 1, c4<z>; HiZ drive
v0xb82cf1f40_0 .net "LOCK", 0 0, o0xb834500a0;  0 drivers
o0xb834500d0 .functor BUFZ 6, c4<zzzzzz>; HiZ drive
v0xb82cf1fe0_0 .net "ODSEL", 5 0, o0xb834500d0;  0 drivers
o0xb83450100 .functor BUFZ 4, c4<zzzz>; HiZ drive
v0xb82cf2080_0 .net "PSDA", 3 0, o0xb83450100;  0 drivers
o0xb83450130 .functor BUFZ 1, c4<z>; HiZ drive
v0xb82cf2120_0 .net "RESET", 0 0, o0xb83450130;  0 drivers
o0xb83450160 .functor BUFZ 1, c4<z>; HiZ drive
v0xb82cf21c0_0 .net "RESET_P", 0 0, o0xb83450160;  0 drivers
o0xb83450190 .functor BUFZ 1, c4<z>; HiZ drive
v0xb82cf2260_0 .net "VREN", 0 0, o0xb83450190;  0 drivers
S_0xb831d9980 .scope module, "RAM16S1" "RAM16S1" 3 1017;
 .timescale 0 0;
    .port_info 0 /OUTPUT 1 "DO";
    .port_info 1 /INPUT 1 "DI";
    .port_info 2 /INPUT 4 "AD";
    .port_info 3 /INPUT 1 "WRE";
    .port_info 4 /INPUT 1 "CLK";
P_0xb82cd3800 .param/l "INIT_0" 0 3 1019, C4<0000000000000000>;
o0xb834504c0 .functor BUFZ 4, c4<zzzz>; HiZ drive
v0xb82cf2300_0 .net "AD", 3 0, o0xb834504c0;  0 drivers
o0xb834504f0 .functor BUFZ 1, c4<z>; HiZ drive
v0xb82cf23a0_0 .net "CLK", 0 0, o0xb834504f0;  0 drivers
o0xb83450520 .functor BUFZ 1, c4<z>; HiZ drive
v0xb82cf2440_0 .net "DI", 0 0, o0xb83450520;  0 drivers
v0xb82cf24e0_0 .net "DO", 0 0, L_0xb82cc77a0;  1 drivers
o0xb83450580 .functor BUFZ 1, c4<z>; HiZ drive
v0xb82cf2580_0 .net "WRE", 0 0, o0xb83450580;  0 drivers
v0xb82cf2620_0 .var "mem", 15 0;
E_0xb8310cd40 .event posedge, v0xb82cf23a0_0;
L_0xb82cc77a0 .part/v v0xb82cf2620_0, o0xb834504c0, 1;
S_0xb831d9b00 .scope module, "RAM16S2" "RAM16S2" 3 1052;
 .timescale 0 0;
    .port_info 0 /OUTPUT 2 "DO";
    .port_info 1 /INPUT 2 "DI";
    .port_info 2 /INPUT 4 "AD";
    .port_info 3 /INPUT 1 "WRE";
    .port_info 4 /INPUT 1 "CLK";
P_0xb8311f080 .param/l "INIT_0" 0 3 1054, C4<0000000000000000>;
P_0xb8311f0c0 .param/l "INIT_1" 0 3 1055, C4<0000000000000000>;
o0xb834506d0 .functor BUFZ 4, c4<zzzz>; HiZ drive
v0xb82cf26c0_0 .net "AD", 3 0, o0xb834506d0;  0 drivers
o0xb83450700 .functor BUFZ 1, c4<z>; HiZ drive
v0xb82cf2760_0 .net "CLK", 0 0, o0xb83450700;  0 drivers
o0xb83450730 .functor BUFZ 2, c4<zz>; HiZ drive
v0xb82cf2800_0 .net "DI", 1 0, o0xb83450730;  0 drivers
v0xb82cf28a0_0 .net "DO", 1 0, L_0xb838564e0;  1 drivers
o0xb83450790 .functor BUFZ 1, c4<z>; HiZ drive
v0xb82cf2940_0 .net "WRE", 0 0, o0xb83450790;  0 drivers
v0xb82cf29e0_0 .net *"_ivl_3", 0 0, L_0xb82cc7840;  1 drivers
v0xb82cf2a80_0 .net *"_ivl_8", 0 0, L_0xb82cc78e0;  1 drivers
v0xb82cf2b20_0 .var "mem0", 15 0;
v0xb82cf2bc0_0 .var "mem1", 15 0;
E_0xb8310cd80 .event posedge, v0xb82cf2760_0;
L_0xb82cc7840 .part/v v0xb82cf2b20_0, o0xb834506d0, 1;
L_0xb838564e0 .concat8 [ 1 1 0 0], L_0xb82cc7840, L_0xb82cc78e0;
L_0xb82cc78e0 .part/v v0xb82cf2bc0_0, o0xb834506d0, 1;
S_0xb831d9c80 .scope module, "RAM16S4" "RAM16S4" 3 1091;
 .timescale 0 0;
    .port_info 0 /OUTPUT 4 "DO";
    .port_info 1 /INPUT 4 "DI";
    .port_info 2 /INPUT 4 "AD";
    .port_info 3 /INPUT 1 "WRE";
    .port_info 4 /INPUT 1 "CLK";
P_0xb83878300 .param/l "INIT_0" 0 3 1093, C4<0000000000000000>;
P_0xb83878340 .param/l "INIT_1" 0 3 1094, C4<0000000000000000>;
P_0xb83878380 .param/l "INIT_2" 0 3 1095, C4<0000000000000000>;
P_0xb838783c0 .param/l "INIT_3" 0 3 1096, C4<0000000000000000>;
o0xb83450970 .functor BUFZ 4, c4<zzzz>; HiZ drive
v0xb82cf2c60_0 .net "AD", 3 0, o0xb83450970;  0 drivers
o0xb834509a0 .functor BUFZ 1, c4<z>; HiZ drive
v0xb82cf2d00_0 .net "CLK", 0 0, o0xb834509a0;  0 drivers
o0xb834509d0 .functor BUFZ 4, c4<zzzz>; HiZ drive
v0xb82cf2da0_0 .net "DI", 3 0, o0xb834509d0;  0 drivers
v0xb82cf2e40_0 .net "DO", 3 0, L_0xb83856580;  1 drivers
o0xb83450a30 .functor BUFZ 1, c4<z>; HiZ drive
v0xb82cf2ee0_0 .net "WRE", 0 0, o0xb83450a30;  0 drivers
v0xb82cf2f80_0 .net *"_ivl_11", 0 0, L_0xb82cc7ac0;  1 drivers
v0xb82cf3020_0 .net *"_ivl_16", 0 0, L_0xb82cc7b60;  1 drivers
v0xb82cf30c0_0 .net *"_ivl_3", 0 0, L_0xb82cc7980;  1 drivers
v0xb82cf3160_0 .net *"_ivl_7", 0 0, L_0xb82cc7a20;  1 drivers
v0xb82cf3200_0 .var "mem0", 15 0;
v0xb82cf32a0_0 .var "mem1", 15 0;
v0xb82cf3340_0 .var "mem2", 15 0;
v0xb82cf33e0_0 .var "mem3", 15 0;
E_0xb8310cdc0 .event posedge, v0xb82cf2d00_0;
L_0xb82cc7980 .part/v v0xb82cf3200_0, o0xb83450970, 1;
L_0xb82cc7a20 .part/v v0xb82cf32a0_0, o0xb83450970, 1;
L_0xb82cc7ac0 .part/v v0xb82cf3340_0, o0xb83450970, 1;
L_0xb83856580 .concat8 [ 1 1 1 1], L_0xb82cc7980, L_0xb82cc7a20, L_0xb82cc7ac0, L_0xb82cc7b60;
L_0xb82cc7b60 .part/v v0xb82cf33e0_0, o0xb83450970, 1;
S_0xb831d9e00 .scope module, "RAM16SDP1" "RAM16SDP1" 3 1138;
 .timescale 0 0;
    .port_info 0 /OUTPUT 1 "DO";
    .port_info 1 /INPUT 1 "DI";
    .port_info 2 /INPUT 4 "WAD";
    .port_info 3 /INPUT 4 "RAD";
    .port_info 4 /INPUT 1 "WRE";
    .port_info 5 /INPUT 1 "CLK";
P_0xb82cd3a00 .param/l "INIT_0" 0 3 1140, C4<0000000000000000>;
o0xb83450cd0 .functor BUFZ 1, c4<z>; HiZ drive
v0xb82cf3480_0 .net "CLK", 0 0, o0xb83450cd0;  0 drivers
o0xb83450d00 .functor BUFZ 1, c4<z>; HiZ drive
v0xb82cf3520_0 .net "DI", 0 0, o0xb83450d00;  0 drivers
v0xb82cf35c0_0 .net "DO", 0 0, L_0xb82cc7c00;  1 drivers
o0xb83450d60 .functor BUFZ 4, c4<zzzz>; HiZ drive
v0xb82cf3660_0 .net "RAD", 3 0, o0xb83450d60;  0 drivers
o0xb83450d90 .functor BUFZ 4, c4<zzzz>; HiZ drive
v0xb82cf3700_0 .net "WAD", 3 0, o0xb83450d90;  0 drivers
o0xb83450dc0 .functor BUFZ 1, c4<z>; HiZ drive
v0xb82cf37a0_0 .net "WRE", 0 0, o0xb83450dc0;  0 drivers
v0xb82cf3840_0 .var "mem", 15 0;
E_0xb8310ce00 .event posedge, v0xb82cf3480_0;
L_0xb82cc7c00 .part/v v0xb82cf3840_0, o0xb83450d60, 1;
S_0xb831d9f80 .scope module, "RAM16SDP2" "RAM16SDP2" 3 1174;
 .timescale 0 0;
    .port_info 0 /OUTPUT 2 "DO";
    .port_info 1 /INPUT 2 "DI";
    .port_info 2 /INPUT 4 "WAD";
    .port_info 3 /INPUT 4 "RAD";
    .port_info 4 /INPUT 1 "WRE";
    .port_info 5 /INPUT 1 "CLK";
P_0xb8311f100 .param/l "INIT_0" 0 3 1176, C4<0000000000000000>;
P_0xb8311f140 .param/l "INIT_1" 0 3 1177, C4<0000000000000000>;
o0xb83450f40 .functor BUFZ 1, c4<z>; HiZ drive
v0xb82cf38e0_0 .net "CLK", 0 0, o0xb83450f40;  0 drivers
o0xb83450f70 .functor BUFZ 2, c4<zz>; HiZ drive
v0xb82cf3980_0 .net "DI", 1 0, o0xb83450f70;  0 drivers
v0xb82cf3a20_0 .net "DO", 1 0, L_0xb83856620;  1 drivers
o0xb83450fd0 .functor BUFZ 4, c4<zzzz>; HiZ drive
v0xb82cf3ac0_0 .net "RAD", 3 0, o0xb83450fd0;  0 drivers
o0xb83451000 .functor BUFZ 4, c4<zzzz>; HiZ drive
v0xb82cf3b60_0 .net "WAD", 3 0, o0xb83451000;  0 drivers
o0xb83451030 .functor BUFZ 1, c4<z>; HiZ drive
v0xb82cf3c00_0 .net "WRE", 0 0, o0xb83451030;  0 drivers
v0xb82cf3ca0_0 .net *"_ivl_3", 0 0, L_0xb82cc7ca0;  1 drivers
v0xb82cf3d40_0 .net *"_ivl_8", 0 0, L_0xb82cc7d40;  1 drivers
v0xb82cf3de0_0 .var "mem0", 15 0;
v0xb82cf3e80_0 .var "mem1", 15 0;
E_0xb8310ce40 .event posedge, v0xb82cf38e0_0;
L_0xb82cc7ca0 .part/v v0xb82cf3de0_0, o0xb83450fd0, 1;
L_0xb83856620 .concat8 [ 1 1 0 0], L_0xb82cc7ca0, L_0xb82cc7d40;
L_0xb82cc7d40 .part/v v0xb82cf3e80_0, o0xb83450fd0, 1;
S_0xb831da100 .scope module, "RAM16SDP4" "RAM16SDP4" 3 1214;
 .timescale 0 0;
    .port_info 0 /OUTPUT 4 "DO";
    .port_info 1 /INPUT 4 "DI";
    .port_info 2 /INPUT 4 "WAD";
    .port_info 3 /INPUT 4 "RAD";
    .port_info 4 /INPUT 1 "WRE";
    .port_info 5 /INPUT 1 "CLK";
P_0xb83878400 .param/l "INIT_0" 0 3 1216, C4<0000000000000000>;
P_0xb83878440 .param/l "INIT_1" 0 3 1217, C4<0000000000000000>;
P_0xb83878480 .param/l "INIT_2" 0 3 1218, C4<0000000000000000>;
P_0xb838784c0 .param/l "INIT_3" 0 3 1219, C4<0000000000000000>;
o0xb83451240 .functor BUFZ 1, c4<z>; HiZ drive
v0xb82cf3f20_0 .net "CLK", 0 0, o0xb83451240;  0 drivers
o0xb83451270 .functor BUFZ 4, c4<zzzz>; HiZ drive
v0xb82cf8000_0 .net "DI", 3 0, o0xb83451270;  0 drivers
v0xb82cf80a0_0 .net "DO", 3 0, L_0xb838566c0;  1 drivers
o0xb834512d0 .functor BUFZ 4, c4<zzzz>; HiZ drive
v0xb82cf8140_0 .net "RAD", 3 0, o0xb834512d0;  0 drivers
o0xb83451300 .functor BUFZ 4, c4<zzzz>; HiZ drive
v0xb82cf81e0_0 .net "WAD", 3 0, o0xb83451300;  0 drivers
o0xb83451330 .functor BUFZ 1, c4<z>; HiZ drive
v0xb82cf8280_0 .net "WRE", 0 0, o0xb83451330;  0 drivers
v0xb82cf8320_0 .net *"_ivl_11", 0 0, L_0xb82cc7f20;  1 drivers
v0xb82cf83c0_0 .net *"_ivl_16", 0 0, L_0xb82d08000;  1 drivers
v0xb82cf8460_0 .net *"_ivl_3", 0 0, L_0xb82cc7de0;  1 drivers
v0xb82cf8500_0 .net *"_ivl_7", 0 0, L_0xb82cc7e80;  1 drivers
v0xb82cf85a0_0 .var "mem0", 15 0;
v0xb82cf8640_0 .var "mem1", 15 0;
v0xb82cf86e0_0 .var "mem2", 15 0;
v0xb82cf8780_0 .var "mem3", 15 0;
E_0xb8310ce80 .event posedge, v0xb82cf3f20_0;
L_0xb82cc7de0 .part/v v0xb82cf85a0_0, o0xb834512d0, 1;
L_0xb82cc7e80 .part/v v0xb82cf8640_0, o0xb834512d0, 1;
L_0xb82cc7f20 .part/v v0xb82cf86e0_0, o0xb834512d0, 1;
L_0xb838566c0 .concat8 [ 1 1 1 1], L_0xb82cc7de0, L_0xb82cc7e80, L_0xb82cc7f20, L_0xb82d08000;
L_0xb82d08000 .part/v v0xb82cf8780_0, o0xb834512d0, 1;
S_0xb831da280 .scope module, "SDP" "SDP" 3 1438;
 .timescale 0 0;
    .port_info 0 /OUTPUT 32 "DO";
    .port_info 1 /INPUT 32 "DI";
    .port_info 2 /INPUT 3 "BLKSEL";
    .port_info 3 /INPUT 14 "ADA";
    .port_info 4 /INPUT 14 "ADB";
    .port_info 5 /INPUT 1 "WREA";
    .port_info 6 /INPUT 1 "WREB";
    .port_info 7 /INPUT 1 "CLKA";
    .port_info 8 /INPUT 1 "CLKB";
    .port_info 9 /INPUT 1 "CEA";
    .port_info 10 /INPUT 1 "CEB";
    .port_info 11 /INPUT 1 "OCE";
    .port_info 12 /INPUT 1 "RESETA";
    .port_info 13 /INPUT 1 "RESETB";
P_0xb831b1400 .param/l "BIT_WIDTH_0" 0 3 1441, +C4<00000000000000000000000000100000>;
P_0xb831b1440 .param/l "BIT_WIDTH_1" 0 3 1442, +C4<00000000000000000000000000100000>;
P_0xb831b1480 .param/l "BLK_SEL" 0 3 1443, C4<000>;
P_0xb831b14c0 .param/l "INIT_RAM_00" 0 3 1445, C4<0000000000000000000000000000000000000000000000000000000000000000000000000000000000000000000000000000000000000000000000000000000000000000000000000000000000000000000000000000000000000000000000000000000000000000000000000000000000000000000000000000000000000000>;
P_0xb831b1500 .param/l "INIT_RAM_01" 0 3 1446, C4<0000000000000000000000000000000000000000000000000000000000000000000000000000000000000000000000000000000000000000000000000000000000000000000000000000000000000000000000000000000000000000000000000000000000000000000000000000000000000000000000000000000000000000>;
P_0xb831b1540 .param/l "INIT_RAM_02" 0 3 1447, C4<0000000000000000000000000000000000000000000000000000000000000000000000000000000000000000000000000000000000000000000000000000000000000000000000000000000000000000000000000000000000000000000000000000000000000000000000000000000000000000000000000000000000000000>;
P_0xb831b1580 .param/l "INIT_RAM_03" 0 3 1448, C4<0000000000000000000000000000000000000000000000000000000000000000000000000000000000000000000000000000000000000000000000000000000000000000000000000000000000000000000000000000000000000000000000000000000000000000000000000000000000000000000000000000000000000000>;
P_0xb831b15c0 .param/l "INIT_RAM_04" 0 3 1449, C4<0000000000000000000000000000000000000000000000000000000000000000000000000000000000000000000000000000000000000000000000000000000000000000000000000000000000000000000000000000000000000000000000000000000000000000000000000000000000000000000000000000000000000000>;
P_0xb831b1600 .param/l "INIT_RAM_05" 0 3 1450, C4<0000000000000000000000000000000000000000000000000000000000000000000000000000000000000000000000000000000000000000000000000000000000000000000000000000000000000000000000000000000000000000000000000000000000000000000000000000000000000000000000000000000000000000>;
P_0xb831b1640 .param/l "INIT_RAM_06" 0 3 1451, C4<0000000000000000000000000000000000000000000000000000000000000000000000000000000000000000000000000000000000000000000000000000000000000000000000000000000000000000000000000000000000000000000000000000000000000000000000000000000000000000000000000000000000000000>;
P_0xb831b1680 .param/l "INIT_RAM_07" 0 3 1452, C4<0000000000000000000000000000000000000000000000000000000000000000000000000000000000000000000000000000000000000000000000000000000000000000000000000000000000000000000000000000000000000000000000000000000000000000000000000000000000000000000000000000000000000000>;
P_0xb831b16c0 .param/l "INIT_RAM_08" 0 3 1453, C4<0000000000000000000000000000000000000000000000000000000000000000000000000000000000000000000000000000000000000000000000000000000000000000000000000000000000000000000000000000000000000000000000000000000000000000000000000000000000000000000000000000000000000000>;
P_0xb831b1700 .param/l "INIT_RAM_09" 0 3 1454, C4<0000000000000000000000000000000000000000000000000000000000000000000000000000000000000000000000000000000000000000000000000000000000000000000000000000000000000000000000000000000000000000000000000000000000000000000000000000000000000000000000000000000000000000>;
P_0xb831b1740 .param/l "INIT_RAM_0A" 0 3 1455, C4<0000000000000000000000000000000000000000000000000000000000000000000000000000000000000000000000000000000000000000000000000000000000000000000000000000000000000000000000000000000000000000000000000000000000000000000000000000000000000000000000000000000000000000>;
P_0xb831b1780 .param/l "INIT_RAM_0B" 0 3 1456, C4<0000000000000000000000000000000000000000000000000000000000000000000000000000000000000000000000000000000000000000000000000000000000000000000000000000000000000000000000000000000000000000000000000000000000000000000000000000000000000000000000000000000000000000>;
P_0xb831b17c0 .param/l "INIT_RAM_0C" 0 3 1457, C4<0000000000000000000000000000000000000000000000000000000000000000000000000000000000000000000000000000000000000000000000000000000000000000000000000000000000000000000000000000000000000000000000000000000000000000000000000000000000000000000000000000000000000000>;
P_0xb831b1800 .param/l "INIT_RAM_0D" 0 3 1458, C4<0000000000000000000000000000000000000000000000000000000000000000000000000000000000000000000000000000000000000000000000000000000000000000000000000000000000000000000000000000000000000000000000000000000000000000000000000000000000000000000000000000000000000000>;
P_0xb831b1840 .param/l "INIT_RAM_0E" 0 3 1459, C4<0000000000000000000000000000000000000000000000000000000000000000000000000000000000000000000000000000000000000000000000000000000000000000000000000000000000000000000000000000000000000000000000000000000000000000000000000000000000000000000000000000000000000000>;
P_0xb831b1880 .param/l "INIT_RAM_0F" 0 3 1460, C4<0000000000000000000000000000000000000000000000000000000000000000000000000000000000000000000000000000000000000000000000000000000000000000000000000000000000000000000000000000000000000000000000000000000000000000000000000000000000000000000000000000000000000000>;
P_0xb831b18c0 .param/l "INIT_RAM_10" 0 3 1461, C4<0000000000000000000000000000000000000000000000000000000000000000000000000000000000000000000000000000000000000000000000000000000000000000000000000000000000000000000000000000000000000000000000000000000000000000000000000000000000000000000000000000000000000000>;
P_0xb831b1900 .param/l "INIT_RAM_11" 0 3 1462, C4<0000000000000000000000000000000000000000000000000000000000000000000000000000000000000000000000000000000000000000000000000000000000000000000000000000000000000000000000000000000000000000000000000000000000000000000000000000000000000000000000000000000000000000>;
P_0xb831b1940 .param/l "INIT_RAM_12" 0 3 1463, C4<0000000000000000000000000000000000000000000000000000000000000000000000000000000000000000000000000000000000000000000000000000000000000000000000000000000000000000000000000000000000000000000000000000000000000000000000000000000000000000000000000000000000000000>;
P_0xb831b1980 .param/l "INIT_RAM_13" 0 3 1464, C4<0000000000000000000000000000000000000000000000000000000000000000000000000000000000000000000000000000000000000000000000000000000000000000000000000000000000000000000000000000000000000000000000000000000000000000000000000000000000000000000000000000000000000000>;
P_0xb831b19c0 .param/l "INIT_RAM_14" 0 3 1465, C4<0000000000000000000000000000000000000000000000000000000000000000000000000000000000000000000000000000000000000000000000000000000000000000000000000000000000000000000000000000000000000000000000000000000000000000000000000000000000000000000000000000000000000000>;
P_0xb831b1a00 .param/l "INIT_RAM_15" 0 3 1466, C4<0000000000000000000000000000000000000000000000000000000000000000000000000000000000000000000000000000000000000000000000000000000000000000000000000000000000000000000000000000000000000000000000000000000000000000000000000000000000000000000000000000000000000000>;
P_0xb831b1a40 .param/l "INIT_RAM_16" 0 3 1467, C4<0000000000000000000000000000000000000000000000000000000000000000000000000000000000000000000000000000000000000000000000000000000000000000000000000000000000000000000000000000000000000000000000000000000000000000000000000000000000000000000000000000000000000000>;
P_0xb831b1a80 .param/l "INIT_RAM_17" 0 3 1468, C4<0000000000000000000000000000000000000000000000000000000000000000000000000000000000000000000000000000000000000000000000000000000000000000000000000000000000000000000000000000000000000000000000000000000000000000000000000000000000000000000000000000000000000000>;
P_0xb831b1ac0 .param/l "INIT_RAM_18" 0 3 1469, C4<0000000000000000000000000000000000000000000000000000000000000000000000000000000000000000000000000000000000000000000000000000000000000000000000000000000000000000000000000000000000000000000000000000000000000000000000000000000000000000000000000000000000000000>;
P_0xb831b1b00 .param/l "INIT_RAM_19" 0 3 1470, C4<0000000000000000000000000000000000000000000000000000000000000000000000000000000000000000000000000000000000000000000000000000000000000000000000000000000000000000000000000000000000000000000000000000000000000000000000000000000000000000000000000000000000000000>;
P_0xb831b1b40 .param/l "INIT_RAM_1A" 0 3 1471, C4<0000000000000000000000000000000000000000000000000000000000000000000000000000000000000000000000000000000000000000000000000000000000000000000000000000000000000000000000000000000000000000000000000000000000000000000000000000000000000000000000000000000000000000>;
P_0xb831b1b80 .param/l "INIT_RAM_1B" 0 3 1472, C4<0000000000000000000000000000000000000000000000000000000000000000000000000000000000000000000000000000000000000000000000000000000000000000000000000000000000000000000000000000000000000000000000000000000000000000000000000000000000000000000000000000000000000000>;
P_0xb831b1bc0 .param/l "INIT_RAM_1C" 0 3 1473, C4<0000000000000000000000000000000000000000000000000000000000000000000000000000000000000000000000000000000000000000000000000000000000000000000000000000000000000000000000000000000000000000000000000000000000000000000000000000000000000000000000000000000000000000>;
P_0xb831b1c00 .param/l "INIT_RAM_1D" 0 3 1474, C4<0000000000000000000000000000000000000000000000000000000000000000000000000000000000000000000000000000000000000000000000000000000000000000000000000000000000000000000000000000000000000000000000000000000000000000000000000000000000000000000000000000000000000000>;
P_0xb831b1c40 .param/l "INIT_RAM_1E" 0 3 1475, C4<0000000000000000000000000000000000000000000000000000000000000000000000000000000000000000000000000000000000000000000000000000000000000000000000000000000000000000000000000000000000000000000000000000000000000000000000000000000000000000000000000000000000000000>;
P_0xb831b1c80 .param/l "INIT_RAM_1F" 0 3 1476, C4<0000000000000000000000000000000000000000000000000000000000000000000000000000000000000000000000000000000000000000000000000000000000000000000000000000000000000000000000000000000000000000000000000000000000000000000000000000000000000000000000000000000000000000>;
P_0xb831b1cc0 .param/l "INIT_RAM_20" 0 3 1477, C4<0000000000000000000000000000000000000000000000000000000000000000000000000000000000000000000000000000000000000000000000000000000000000000000000000000000000000000000000000000000000000000000000000000000000000000000000000000000000000000000000000000000000000000>;
P_0xb831b1d00 .param/l "INIT_RAM_21" 0 3 1478, C4<0000000000000000000000000000000000000000000000000000000000000000000000000000000000000000000000000000000000000000000000000000000000000000000000000000000000000000000000000000000000000000000000000000000000000000000000000000000000000000000000000000000000000000>;
P_0xb831b1d40 .param/l "INIT_RAM_22" 0 3 1479, C4<0000000000000000000000000000000000000000000000000000000000000000000000000000000000000000000000000000000000000000000000000000000000000000000000000000000000000000000000000000000000000000000000000000000000000000000000000000000000000000000000000000000000000000>;
P_0xb831b1d80 .param/l "INIT_RAM_23" 0 3 1480, C4<0000000000000000000000000000000000000000000000000000000000000000000000000000000000000000000000000000000000000000000000000000000000000000000000000000000000000000000000000000000000000000000000000000000000000000000000000000000000000000000000000000000000000000>;
P_0xb831b1dc0 .param/l "INIT_RAM_24" 0 3 1481, C4<0000000000000000000000000000000000000000000000000000000000000000000000000000000000000000000000000000000000000000000000000000000000000000000000000000000000000000000000000000000000000000000000000000000000000000000000000000000000000000000000000000000000000000>;
P_0xb831b1e00 .param/l "INIT_RAM_25" 0 3 1482, C4<0000000000000000000000000000000000000000000000000000000000000000000000000000000000000000000000000000000000000000000000000000000000000000000000000000000000000000000000000000000000000000000000000000000000000000000000000000000000000000000000000000000000000000>;
P_0xb831b1e40 .param/l "INIT_RAM_26" 0 3 1483, C4<0000000000000000000000000000000000000000000000000000000000000000000000000000000000000000000000000000000000000000000000000000000000000000000000000000000000000000000000000000000000000000000000000000000000000000000000000000000000000000000000000000000000000000>;
P_0xb831b1e80 .param/l "INIT_RAM_27" 0 3 1484, C4<0000000000000000000000000000000000000000000000000000000000000000000000000000000000000000000000000000000000000000000000000000000000000000000000000000000000000000000000000000000000000000000000000000000000000000000000000000000000000000000000000000000000000000>;
P_0xb831b1ec0 .param/l "INIT_RAM_28" 0 3 1485, C4<0000000000000000000000000000000000000000000000000000000000000000000000000000000000000000000000000000000000000000000000000000000000000000000000000000000000000000000000000000000000000000000000000000000000000000000000000000000000000000000000000000000000000000>;
P_0xb831b1f00 .param/l "INIT_RAM_29" 0 3 1486, C4<0000000000000000000000000000000000000000000000000000000000000000000000000000000000000000000000000000000000000000000000000000000000000000000000000000000000000000000000000000000000000000000000000000000000000000000000000000000000000000000000000000000000000000>;
P_0xb831b1f40 .param/l "INIT_RAM_2A" 0 3 1487, C4<0000000000000000000000000000000000000000000000000000000000000000000000000000000000000000000000000000000000000000000000000000000000000000000000000000000000000000000000000000000000000000000000000000000000000000000000000000000000000000000000000000000000000000>;
P_0xb831b1f80 .param/l "INIT_RAM_2B" 0 3 1488, C4<0000000000000000000000000000000000000000000000000000000000000000000000000000000000000000000000000000000000000000000000000000000000000000000000000000000000000000000000000000000000000000000000000000000000000000000000000000000000000000000000000000000000000000>;
P_0xb831b1fc0 .param/l "INIT_RAM_2C" 0 3 1489, C4<0000000000000000000000000000000000000000000000000000000000000000000000000000000000000000000000000000000000000000000000000000000000000000000000000000000000000000000000000000000000000000000000000000000000000000000000000000000000000000000000000000000000000000>;
P_0xb831b2000 .param/l "INIT_RAM_2D" 0 3 1490, C4<0000000000000000000000000000000000000000000000000000000000000000000000000000000000000000000000000000000000000000000000000000000000000000000000000000000000000000000000000000000000000000000000000000000000000000000000000000000000000000000000000000000000000000>;
P_0xb831b2040 .param/l "INIT_RAM_2E" 0 3 1491, C4<0000000000000000000000000000000000000000000000000000000000000000000000000000000000000000000000000000000000000000000000000000000000000000000000000000000000000000000000000000000000000000000000000000000000000000000000000000000000000000000000000000000000000000>;
P_0xb831b2080 .param/l "INIT_RAM_2F" 0 3 1492, C4<0000000000000000000000000000000000000000000000000000000000000000000000000000000000000000000000000000000000000000000000000000000000000000000000000000000000000000000000000000000000000000000000000000000000000000000000000000000000000000000000000000000000000000>;
P_0xb831b20c0 .param/l "INIT_RAM_30" 0 3 1493, C4<0000000000000000000000000000000000000000000000000000000000000000000000000000000000000000000000000000000000000000000000000000000000000000000000000000000000000000000000000000000000000000000000000000000000000000000000000000000000000000000000000000000000000000>;
P_0xb831b2100 .param/l "INIT_RAM_31" 0 3 1494, C4<0000000000000000000000000000000000000000000000000000000000000000000000000000000000000000000000000000000000000000000000000000000000000000000000000000000000000000000000000000000000000000000000000000000000000000000000000000000000000000000000000000000000000000>;
P_0xb831b2140 .param/l "INIT_RAM_32" 0 3 1495, C4<0000000000000000000000000000000000000000000000000000000000000000000000000000000000000000000000000000000000000000000000000000000000000000000000000000000000000000000000000000000000000000000000000000000000000000000000000000000000000000000000000000000000000000>;
P_0xb831b2180 .param/l "INIT_RAM_33" 0 3 1496, C4<0000000000000000000000000000000000000000000000000000000000000000000000000000000000000000000000000000000000000000000000000000000000000000000000000000000000000000000000000000000000000000000000000000000000000000000000000000000000000000000000000000000000000000>;
P_0xb831b21c0 .param/l "INIT_RAM_34" 0 3 1497, C4<0000000000000000000000000000000000000000000000000000000000000000000000000000000000000000000000000000000000000000000000000000000000000000000000000000000000000000000000000000000000000000000000000000000000000000000000000000000000000000000000000000000000000000>;
P_0xb831b2200 .param/l "INIT_RAM_35" 0 3 1498, C4<0000000000000000000000000000000000000000000000000000000000000000000000000000000000000000000000000000000000000000000000000000000000000000000000000000000000000000000000000000000000000000000000000000000000000000000000000000000000000000000000000000000000000000>;
P_0xb831b2240 .param/l "INIT_RAM_36" 0 3 1499, C4<0000000000000000000000000000000000000000000000000000000000000000000000000000000000000000000000000000000000000000000000000000000000000000000000000000000000000000000000000000000000000000000000000000000000000000000000000000000000000000000000000000000000000000>;
P_0xb831b2280 .param/l "INIT_RAM_37" 0 3 1500, C4<0000000000000000000000000000000000000000000000000000000000000000000000000000000000000000000000000000000000000000000000000000000000000000000000000000000000000000000000000000000000000000000000000000000000000000000000000000000000000000000000000000000000000000>;
P_0xb831b22c0 .param/l "INIT_RAM_38" 0 3 1501, C4<0000000000000000000000000000000000000000000000000000000000000000000000000000000000000000000000000000000000000000000000000000000000000000000000000000000000000000000000000000000000000000000000000000000000000000000000000000000000000000000000000000000000000000>;
P_0xb831b2300 .param/l "INIT_RAM_39" 0 3 1502, C4<0000000000000000000000000000000000000000000000000000000000000000000000000000000000000000000000000000000000000000000000000000000000000000000000000000000000000000000000000000000000000000000000000000000000000000000000000000000000000000000000000000000000000000>;
P_0xb831b2340 .param/l "INIT_RAM_3A" 0 3 1503, C4<0000000000000000000000000000000000000000000000000000000000000000000000000000000000000000000000000000000000000000000000000000000000000000000000000000000000000000000000000000000000000000000000000000000000000000000000000000000000000000000000000000000000000000>;
P_0xb831b2380 .param/l "INIT_RAM_3B" 0 3 1504, C4<0000000000000000000000000000000000000000000000000000000000000000000000000000000000000000000000000000000000000000000000000000000000000000000000000000000000000000000000000000000000000000000000000000000000000000000000000000000000000000000000000000000000000000>;
P_0xb831b23c0 .param/l "INIT_RAM_3C" 0 3 1505, C4<0000000000000000000000000000000000000000000000000000000000000000000000000000000000000000000000000000000000000000000000000000000000000000000000000000000000000000000000000000000000000000000000000000000000000000000000000000000000000000000000000000000000000000>;
P_0xb831b2400 .param/l "INIT_RAM_3D" 0 3 1506, C4<0000000000000000000000000000000000000000000000000000000000000000000000000000000000000000000000000000000000000000000000000000000000000000000000000000000000000000000000000000000000000000000000000000000000000000000000000000000000000000000000000000000000000000>;
P_0xb831b2440 .param/l "INIT_RAM_3E" 0 3 1507, C4<0000000000000000000000000000000000000000000000000000000000000000000000000000000000000000000000000000000000000000000000000000000000000000000000000000000000000000000000000000000000000000000000000000000000000000000000000000000000000000000000000000000000000000>;
P_0xb831b2480 .param/l "INIT_RAM_3F" 0 3 1508, C4<0000000000000000000000000000000000000000000000000000000000000000000000000000000000000000000000000000000000000000000000000000000000000000000000000000000000000000000000000000000000000000000000000000000000000000000000000000000000000000000000000000000000000000>;
P_0xb831b24c0 .param/l "READ_MODE" 0 3 1440, C4<0>;
P_0xb831b2500 .param/str "RESET_MODE" 0 3 1444, "SYNC";
o0xb83451600 .functor BUFZ 14, c4<zzzzzzzzzzzzzz>; HiZ drive
v0xb82cf8820_0 .net "ADA", 13 0, o0xb83451600;  0 drivers
o0xb83451630 .functor BUFZ 14, c4<zzzzzzzzzzzzzz>; HiZ drive
v0xb82cf88c0_0 .net "ADB", 13 0, o0xb83451630;  0 drivers
o0xb83451660 .functor BUFZ 3, c4<zzz>; HiZ drive
v0xb82cf8960_0 .net "BLKSEL", 2 0, o0xb83451660;  0 drivers
o0xb83451690 .functor BUFZ 1, c4<z>; HiZ drive
v0xb82cf8a00_0 .net "CEA", 0 0, o0xb83451690;  0 drivers
o0xb834516c0 .functor BUFZ 1, c4<z>; HiZ drive
v0xb82cf8aa0_0 .net "CEB", 0 0, o0xb834516c0;  0 drivers
o0xb834516f0 .functor BUFZ 1, c4<z>; HiZ drive
v0xb82cf8b40_0 .net "CLKA", 0 0, o0xb834516f0;  0 drivers
o0xb83451720 .functor BUFZ 1, c4<z>; HiZ drive
v0xb82cf8be0_0 .net "CLKB", 0 0, o0xb83451720;  0 drivers
o0xb83451750 .functor BUFZ 32, c4<zzzzzzzzzzzzzzzzzzzzzzzzzzzzzzzz>; HiZ drive
v0xb82cf8c80_0 .net "DI", 31 0, o0xb83451750;  0 drivers
o0xb83451780 .functor BUFZ 32, c4<zzzzzzzzzzzzzzzzzzzzzzzzzzzzzzzz>; HiZ drive
v0xb82cf8d20_0 .net "DO", 31 0, o0xb83451780;  0 drivers
o0xb834517b0 .functor BUFZ 1, c4<z>; HiZ drive
v0xb82cf8dc0_0 .net "OCE", 0 0, o0xb834517b0;  0 drivers
o0xb834517e0 .functor BUFZ 1, c4<z>; HiZ drive
v0xb82cf8e60_0 .net "RESETA", 0 0, o0xb834517e0;  0 drivers
o0xb83451810 .functor BUFZ 1, c4<z>; HiZ drive
v0xb82cf8f00_0 .net "RESETB", 0 0, o0xb83451810;  0 drivers
o0xb83451840 .functor BUFZ 1, c4<z>; HiZ drive
v0xb82cf8fa0_0 .net "WREA", 0 0, o0xb83451840;  0 drivers
o0xb83451870 .functor BUFZ 1, c4<z>; HiZ drive
v0xb82cf9040_0 .net "WREB", 0 0, o0xb83451870;  0 drivers
S_0xb831da400 .scope module, "SDPX9" "SDPX9" 3 1539;
 .timescale 0 0;
    .port_info 0 /OUTPUT 36 "DO";
    .port_info 1 /INPUT 36 "DI";
    .port_info 2 /INPUT 3 "BLKSEL";
    .port_info 3 /INPUT 14 "ADA";
    .port_info 4 /INPUT 14 "ADB";
    .port_info 5 /INPUT 1 "WREA";
    .port_info 6 /INPUT 1 "WREB";
    .port_info 7 /INPUT 1 "CLKA";
    .port_info 8 /INPUT 1 "CLKB";
    .port_info 9 /INPUT 1 "CEA";
    .port_info 10 /INPUT 1 "CEB";
    .port_info 11 /INPUT 1 "OCE";
    .port_info 12 /INPUT 1 "RESETA";
    .port_info 13 /INPUT 1 "RESETB";
P_0xb831b2800 .param/l "BIT_WIDTH_0" 0 3 1542, +C4<00000000000000000000000000100100>;
P_0xb831b2840 .param/l "BIT_WIDTH_1" 0 3 1543, +C4<00000000000000000000000000100100>;
P_0xb831b2880 .param/l "BLK_SEL" 0 3 1544, C4<000>;
P_0xb831b28c0 .param/l "INIT_RAM_00" 0 3 1546, C4<000000000000000000000000000000000000000000000000000000000000000000000000000000000000000000000000000000000000000000000000000000000000000000000000000000000000000000000000000000000000000000000000000000000000000000000000000000000000000000000000000000000000000000000000000000000000000000000000>;
P_0xb831b2900 .param/l "INIT_RAM_01" 0 3 1547, C4<000000000000000000000000000000000000000000000000000000000000000000000000000000000000000000000000000000000000000000000000000000000000000000000000000000000000000000000000000000000000000000000000000000000000000000000000000000000000000000000000000000000000000000000000000000000000000000000000>;
P_0xb831b2940 .param/l "INIT_RAM_02" 0 3 1548, C4<000000000000000000000000000000000000000000000000000000000000000000000000000000000000000000000000000000000000000000000000000000000000000000000000000000000000000000000000000000000000000000000000000000000000000000000000000000000000000000000000000000000000000000000000000000000000000000000000>;
P_0xb831b2980 .param/l "INIT_RAM_03" 0 3 1549, C4<000000000000000000000000000000000000000000000000000000000000000000000000000000000000000000000000000000000000000000000000000000000000000000000000000000000000000000000000000000000000000000000000000000000000000000000000000000000000000000000000000000000000000000000000000000000000000000000000>;
P_0xb831b29c0 .param/l "INIT_RAM_04" 0 3 1550, C4<000000000000000000000000000000000000000000000000000000000000000000000000000000000000000000000000000000000000000000000000000000000000000000000000000000000000000000000000000000000000000000000000000000000000000000000000000000000000000000000000000000000000000000000000000000000000000000000000>;
P_0xb831b2a00 .param/l "INIT_RAM_05" 0 3 1551, C4<000000000000000000000000000000000000000000000000000000000000000000000000000000000000000000000000000000000000000000000000000000000000000000000000000000000000000000000000000000000000000000000000000000000000000000000000000000000000000000000000000000000000000000000000000000000000000000000000>;
P_0xb831b2a40 .param/l "INIT_RAM_06" 0 3 1552, C4<000000000000000000000000000000000000000000000000000000000000000000000000000000000000000000000000000000000000000000000000000000000000000000000000000000000000000000000000000000000000000000000000000000000000000000000000000000000000000000000000000000000000000000000000000000000000000000000000>;
P_0xb831b2a80 .param/l "INIT_RAM_07" 0 3 1553, C4<000000000000000000000000000000000000000000000000000000000000000000000000000000000000000000000000000000000000000000000000000000000000000000000000000000000000000000000000000000000000000000000000000000000000000000000000000000000000000000000000000000000000000000000000000000000000000000000000>;
P_0xb831b2ac0 .param/l "INIT_RAM_08" 0 3 1554, C4<000000000000000000000000000000000000000000000000000000000000000000000000000000000000000000000000000000000000000000000000000000000000000000000000000000000000000000000000000000000000000000000000000000000000000000000000000000000000000000000000000000000000000000000000000000000000000000000000>;
P_0xb831b2b00 .param/l "INIT_RAM_09" 0 3 1555, C4<000000000000000000000000000000000000000000000000000000000000000000000000000000000000000000000000000000000000000000000000000000000000000000000000000000000000000000000000000000000000000000000000000000000000000000000000000000000000000000000000000000000000000000000000000000000000000000000000>;
P_0xb831b2b40 .param/l "INIT_RAM_0A" 0 3 1556, C4<000000000000000000000000000000000000000000000000000000000000000000000000000000000000000000000000000000000000000000000000000000000000000000000000000000000000000000000000000000000000000000000000000000000000000000000000000000000000000000000000000000000000000000000000000000000000000000000000>;
P_0xb831b2b80 .param/l "INIT_RAM_0B" 0 3 1557, C4<000000000000000000000000000000000000000000000000000000000000000000000000000000000000000000000000000000000000000000000000000000000000000000000000000000000000000000000000000000000000000000000000000000000000000000000000000000000000000000000000000000000000000000000000000000000000000000000000>;
P_0xb831b2bc0 .param/l "INIT_RAM_0C" 0 3 1558, C4<000000000000000000000000000000000000000000000000000000000000000000000000000000000000000000000000000000000000000000000000000000000000000000000000000000000000000000000000000000000000000000000000000000000000000000000000000000000000000000000000000000000000000000000000000000000000000000000000>;
P_0xb831b2c00 .param/l "INIT_RAM_0D" 0 3 1559, C4<000000000000000000000000000000000000000000000000000000000000000000000000000000000000000000000000000000000000000000000000000000000000000000000000000000000000000000000000000000000000000000000000000000000000000000000000000000000000000000000000000000000000000000000000000000000000000000000000>;
P_0xb831b2c40 .param/l "INIT_RAM_0E" 0 3 1560, C4<000000000000000000000000000000000000000000000000000000000000000000000000000000000000000000000000000000000000000000000000000000000000000000000000000000000000000000000000000000000000000000000000000000000000000000000000000000000000000000000000000000000000000000000000000000000000000000000000>;
P_0xb831b2c80 .param/l "INIT_RAM_0F" 0 3 1561, C4<000000000000000000000000000000000000000000000000000000000000000000000000000000000000000000000000000000000000000000000000000000000000000000000000000000000000000000000000000000000000000000000000000000000000000000000000000000000000000000000000000000000000000000000000000000000000000000000000>;
P_0xb831b2cc0 .param/l "INIT_RAM_10" 0 3 1562, C4<000000000000000000000000000000000000000000000000000000000000000000000000000000000000000000000000000000000000000000000000000000000000000000000000000000000000000000000000000000000000000000000000000000000000000000000000000000000000000000000000000000000000000000000000000000000000000000000000>;
P_0xb831b2d00 .param/l "INIT_RAM_11" 0 3 1563, C4<000000000000000000000000000000000000000000000000000000000000000000000000000000000000000000000000000000000000000000000000000000000000000000000000000000000000000000000000000000000000000000000000000000000000000000000000000000000000000000000000000000000000000000000000000000000000000000000000>;
P_0xb831b2d40 .param/l "INIT_RAM_12" 0 3 1564, C4<000000000000000000000000000000000000000000000000000000000000000000000000000000000000000000000000000000000000000000000000000000000000000000000000000000000000000000000000000000000000000000000000000000000000000000000000000000000000000000000000000000000000000000000000000000000000000000000000>;
P_0xb831b2d80 .param/l "INIT_RAM_13" 0 3 1565, C4<000000000000000000000000000000000000000000000000000000000000000000000000000000000000000000000000000000000000000000000000000000000000000000000000000000000000000000000000000000000000000000000000000000000000000000000000000000000000000000000000000000000000000000000000000000000000000000000000>;
P_0xb831b2dc0 .param/l "INIT_RAM_14" 0 3 1566, C4<000000000000000000000000000000000000000000000000000000000000000000000000000000000000000000000000000000000000000000000000000000000000000000000000000000000000000000000000000000000000000000000000000000000000000000000000000000000000000000000000000000000000000000000000000000000000000000000000>;
P_0xb831b2e00 .param/l "INIT_RAM_15" 0 3 1567, C4<000000000000000000000000000000000000000000000000000000000000000000000000000000000000000000000000000000000000000000000000000000000000000000000000000000000000000000000000000000000000000000000000000000000000000000000000000000000000000000000000000000000000000000000000000000000000000000000000>;
P_0xb831b2e40 .param/l "INIT_RAM_16" 0 3 1568, C4<000000000000000000000000000000000000000000000000000000000000000000000000000000000000000000000000000000000000000000000000000000000000000000000000000000000000000000000000000000000000000000000000000000000000000000000000000000000000000000000000000000000000000000000000000000000000000000000000>;
P_0xb831b2e80 .param/l "INIT_RAM_17" 0 3 1569, C4<000000000000000000000000000000000000000000000000000000000000000000000000000000000000000000000000000000000000000000000000000000000000000000000000000000000000000000000000000000000000000000000000000000000000000000000000000000000000000000000000000000000000000000000000000000000000000000000000>;
P_0xb831b2ec0 .param/l "INIT_RAM_18" 0 3 1570, C4<000000000000000000000000000000000000000000000000000000000000000000000000000000000000000000000000000000000000000000000000000000000000000000000000000000000000000000000000000000000000000000000000000000000000000000000000000000000000000000000000000000000000000000000000000000000000000000000000>;
P_0xb831b2f00 .param/l "INIT_RAM_19" 0 3 1571, C4<000000000000000000000000000000000000000000000000000000000000000000000000000000000000000000000000000000000000000000000000000000000000000000000000000000000000000000000000000000000000000000000000000000000000000000000000000000000000000000000000000000000000000000000000000000000000000000000000>;
P_0xb831b2f40 .param/l "INIT_RAM_1A" 0 3 1572, C4<000000000000000000000000000000000000000000000000000000000000000000000000000000000000000000000000000000000000000000000000000000000000000000000000000000000000000000000000000000000000000000000000000000000000000000000000000000000000000000000000000000000000000000000000000000000000000000000000>;
P_0xb831b2f80 .param/l "INIT_RAM_1B" 0 3 1573, C4<000000000000000000000000000000000000000000000000000000000000000000000000000000000000000000000000000000000000000000000000000000000000000000000000000000000000000000000000000000000000000000000000000000000000000000000000000000000000000000000000000000000000000000000000000000000000000000000000>;
P_0xb831b2fc0 .param/l "INIT_RAM_1C" 0 3 1574, C4<000000000000000000000000000000000000000000000000000000000000000000000000000000000000000000000000000000000000000000000000000000000000000000000000000000000000000000000000000000000000000000000000000000000000000000000000000000000000000000000000000000000000000000000000000000000000000000000000>;
P_0xb831b3000 .param/l "INIT_RAM_1D" 0 3 1575, C4<000000000000000000000000000000000000000000000000000000000000000000000000000000000000000000000000000000000000000000000000000000000000000000000000000000000000000000000000000000000000000000000000000000000000000000000000000000000000000000000000000000000000000000000000000000000000000000000000>;
P_0xb831b3040 .param/l "INIT_RAM_1E" 0 3 1576, C4<000000000000000000000000000000000000000000000000000000000000000000000000000000000000000000000000000000000000000000000000000000000000000000000000000000000000000000000000000000000000000000000000000000000000000000000000000000000000000000000000000000000000000000000000000000000000000000000000>;
P_0xb831b3080 .param/l "INIT_RAM_1F" 0 3 1577, C4<000000000000000000000000000000000000000000000000000000000000000000000000000000000000000000000000000000000000000000000000000000000000000000000000000000000000000000000000000000000000000000000000000000000000000000000000000000000000000000000000000000000000000000000000000000000000000000000000>;
P_0xb831b30c0 .param/l "INIT_RAM_20" 0 3 1578, C4<000000000000000000000000000000000000000000000000000000000000000000000000000000000000000000000000000000000000000000000000000000000000000000000000000000000000000000000000000000000000000000000000000000000000000000000000000000000000000000000000000000000000000000000000000000000000000000000000>;
P_0xb831b3100 .param/l "INIT_RAM_21" 0 3 1579, C4<000000000000000000000000000000000000000000000000000000000000000000000000000000000000000000000000000000000000000000000000000000000000000000000000000000000000000000000000000000000000000000000000000000000000000000000000000000000000000000000000000000000000000000000000000000000000000000000000>;
P_0xb831b3140 .param/l "INIT_RAM_22" 0 3 1580, C4<000000000000000000000000000000000000000000000000000000000000000000000000000000000000000000000000000000000000000000000000000000000000000000000000000000000000000000000000000000000000000000000000000000000000000000000000000000000000000000000000000000000000000000000000000000000000000000000000>;
P_0xb831b3180 .param/l "INIT_RAM_23" 0 3 1581, C4<000000000000000000000000000000000000000000000000000000000000000000000000000000000000000000000000000000000000000000000000000000000000000000000000000000000000000000000000000000000000000000000000000000000000000000000000000000000000000000000000000000000000000000000000000000000000000000000000>;
P_0xb831b31c0 .param/l "INIT_RAM_24" 0 3 1582, C4<000000000000000000000000000000000000000000000000000000000000000000000000000000000000000000000000000000000000000000000000000000000000000000000000000000000000000000000000000000000000000000000000000000000000000000000000000000000000000000000000000000000000000000000000000000000000000000000000>;
P_0xb831b3200 .param/l "INIT_RAM_25" 0 3 1583, C4<000000000000000000000000000000000000000000000000000000000000000000000000000000000000000000000000000000000000000000000000000000000000000000000000000000000000000000000000000000000000000000000000000000000000000000000000000000000000000000000000000000000000000000000000000000000000000000000000>;
P_0xb831b3240 .param/l "INIT_RAM_26" 0 3 1584, C4<000000000000000000000000000000000000000000000000000000000000000000000000000000000000000000000000000000000000000000000000000000000000000000000000000000000000000000000000000000000000000000000000000000000000000000000000000000000000000000000000000000000000000000000000000000000000000000000000>;
P_0xb831b3280 .param/l "INIT_RAM_27" 0 3 1585, C4<000000000000000000000000000000000000000000000000000000000000000000000000000000000000000000000000000000000000000000000000000000000000000000000000000000000000000000000000000000000000000000000000000000000000000000000000000000000000000000000000000000000000000000000000000000000000000000000000>;
P_0xb831b32c0 .param/l "INIT_RAM_28" 0 3 1586, C4<000000000000000000000000000000000000000000000000000000000000000000000000000000000000000000000000000000000000000000000000000000000000000000000000000000000000000000000000000000000000000000000000000000000000000000000000000000000000000000000000000000000000000000000000000000000000000000000000>;
P_0xb831b3300 .param/l "INIT_RAM_29" 0 3 1587, C4<000000000000000000000000000000000000000000000000000000000000000000000000000000000000000000000000000000000000000000000000000000000000000000000000000000000000000000000000000000000000000000000000000000000000000000000000000000000000000000000000000000000000000000000000000000000000000000000000>;
P_0xb831b3340 .param/l "INIT_RAM_2A" 0 3 1588, C4<000000000000000000000000000000000000000000000000000000000000000000000000000000000000000000000000000000000000000000000000000000000000000000000000000000000000000000000000000000000000000000000000000000000000000000000000000000000000000000000000000000000000000000000000000000000000000000000000>;
P_0xb831b3380 .param/l "INIT_RAM_2B" 0 3 1589, C4<000000000000000000000000000000000000000000000000000000000000000000000000000000000000000000000000000000000000000000000000000000000000000000000000000000000000000000000000000000000000000000000000000000000000000000000000000000000000000000000000000000000000000000000000000000000000000000000000>;
P_0xb831b33c0 .param/l "INIT_RAM_2C" 0 3 1590, C4<000000000000000000000000000000000000000000000000000000000000000000000000000000000000000000000000000000000000000000000000000000000000000000000000000000000000000000000000000000000000000000000000000000000000000000000000000000000000000000000000000000000000000000000000000000000000000000000000>;
P_0xb831b3400 .param/l "INIT_RAM_2D" 0 3 1591, C4<000000000000000000000000000000000000000000000000000000000000000000000000000000000000000000000000000000000000000000000000000000000000000000000000000000000000000000000000000000000000000000000000000000000000000000000000000000000000000000000000000000000000000000000000000000000000000000000000>;
P_0xb831b3440 .param/l "INIT_RAM_2E" 0 3 1592, C4<000000000000000000000000000000000000000000000000000000000000000000000000000000000000000000000000000000000000000000000000000000000000000000000000000000000000000000000000000000000000000000000000000000000000000000000000000000000000000000000000000000000000000000000000000000000000000000000000>;
P_0xb831b3480 .param/l "INIT_RAM_2F" 0 3 1593, C4<000000000000000000000000000000000000000000000000000000000000000000000000000000000000000000000000000000000000000000000000000000000000000000000000000000000000000000000000000000000000000000000000000000000000000000000000000000000000000000000000000000000000000000000000000000000000000000000000>;
P_0xb831b34c0 .param/l "INIT_RAM_30" 0 3 1594, C4<000000000000000000000000000000000000000000000000000000000000000000000000000000000000000000000000000000000000000000000000000000000000000000000000000000000000000000000000000000000000000000000000000000000000000000000000000000000000000000000000000000000000000000000000000000000000000000000000>;
P_0xb831b3500 .param/l "INIT_RAM_31" 0 3 1595, C4<000000000000000000000000000000000000000000000000000000000000000000000000000000000000000000000000000000000000000000000000000000000000000000000000000000000000000000000000000000000000000000000000000000000000000000000000000000000000000000000000000000000000000000000000000000000000000000000000>;
P_0xb831b3540 .param/l "INIT_RAM_32" 0 3 1596, C4<000000000000000000000000000000000000000000000000000000000000000000000000000000000000000000000000000000000000000000000000000000000000000000000000000000000000000000000000000000000000000000000000000000000000000000000000000000000000000000000000000000000000000000000000000000000000000000000000>;
P_0xb831b3580 .param/l "INIT_RAM_33" 0 3 1597, C4<000000000000000000000000000000000000000000000000000000000000000000000000000000000000000000000000000000000000000000000000000000000000000000000000000000000000000000000000000000000000000000000000000000000000000000000000000000000000000000000000000000000000000000000000000000000000000000000000>;
P_0xb831b35c0 .param/l "INIT_RAM_34" 0 3 1598, C4<000000000000000000000000000000000000000000000000000000000000000000000000000000000000000000000000000000000000000000000000000000000000000000000000000000000000000000000000000000000000000000000000000000000000000000000000000000000000000000000000000000000000000000000000000000000000000000000000>;
P_0xb831b3600 .param/l "INIT_RAM_35" 0 3 1599, C4<000000000000000000000000000000000000000000000000000000000000000000000000000000000000000000000000000000000000000000000000000000000000000000000000000000000000000000000000000000000000000000000000000000000000000000000000000000000000000000000000000000000000000000000000000000000000000000000000>;
P_0xb831b3640 .param/l "INIT_RAM_36" 0 3 1600, C4<000000000000000000000000000000000000000000000000000000000000000000000000000000000000000000000000000000000000000000000000000000000000000000000000000000000000000000000000000000000000000000000000000000000000000000000000000000000000000000000000000000000000000000000000000000000000000000000000>;
P_0xb831b3680 .param/l "INIT_RAM_37" 0 3 1601, C4<000000000000000000000000000000000000000000000000000000000000000000000000000000000000000000000000000000000000000000000000000000000000000000000000000000000000000000000000000000000000000000000000000000000000000000000000000000000000000000000000000000000000000000000000000000000000000000000000>;
P_0xb831b36c0 .param/l "INIT_RAM_38" 0 3 1602, C4<000000000000000000000000000000000000000000000000000000000000000000000000000000000000000000000000000000000000000000000000000000000000000000000000000000000000000000000000000000000000000000000000000000000000000000000000000000000000000000000000000000000000000000000000000000000000000000000000>;
P_0xb831b3700 .param/l "INIT_RAM_39" 0 3 1603, C4<000000000000000000000000000000000000000000000000000000000000000000000000000000000000000000000000000000000000000000000000000000000000000000000000000000000000000000000000000000000000000000000000000000000000000000000000000000000000000000000000000000000000000000000000000000000000000000000000>;
P_0xb831b3740 .param/l "INIT_RAM_3A" 0 3 1604, C4<000000000000000000000000000000000000000000000000000000000000000000000000000000000000000000000000000000000000000000000000000000000000000000000000000000000000000000000000000000000000000000000000000000000000000000000000000000000000000000000000000000000000000000000000000000000000000000000000>;
P_0xb831b3780 .param/l "INIT_RAM_3B" 0 3 1605, C4<000000000000000000000000000000000000000000000000000000000000000000000000000000000000000000000000000000000000000000000000000000000000000000000000000000000000000000000000000000000000000000000000000000000000000000000000000000000000000000000000000000000000000000000000000000000000000000000000>;
P_0xb831b37c0 .param/l "INIT_RAM_3C" 0 3 1606, C4<000000000000000000000000000000000000000000000000000000000000000000000000000000000000000000000000000000000000000000000000000000000000000000000000000000000000000000000000000000000000000000000000000000000000000000000000000000000000000000000000000000000000000000000000000000000000000000000000>;
P_0xb831b3800 .param/l "INIT_RAM_3D" 0 3 1607, C4<000000000000000000000000000000000000000000000000000000000000000000000000000000000000000000000000000000000000000000000000000000000000000000000000000000000000000000000000000000000000000000000000000000000000000000000000000000000000000000000000000000000000000000000000000000000000000000000000>;
P_0xb831b3840 .param/l "INIT_RAM_3E" 0 3 1608, C4<000000000000000000000000000000000000000000000000000000000000000000000000000000000000000000000000000000000000000000000000000000000000000000000000000000000000000000000000000000000000000000000000000000000000000000000000000000000000000000000000000000000000000000000000000000000000000000000000>;
P_0xb831b3880 .param/l "INIT_RAM_3F" 0 3 1609, C4<000000000000000000000000000000000000000000000000000000000000000000000000000000000000000000000000000000000000000000000000000000000000000000000000000000000000000000000000000000000000000000000000000000000000000000000000000000000000000000000000000000000000000000000000000000000000000000000000>;
P_0xb831b38c0 .param/l "READ_MODE" 0 3 1541, C4<0>;
P_0xb831b3900 .param/str "RESET_MODE" 0 3 1545, "SYNC";
o0xb83451b40 .functor BUFZ 14, c4<zzzzzzzzzzzzzz>; HiZ drive
v0xb82cf90e0_0 .net "ADA", 13 0, o0xb83451b40;  0 drivers
o0xb83451b70 .functor BUFZ 14, c4<zzzzzzzzzzzzzz>; HiZ drive
v0xb82cf9180_0 .net "ADB", 13 0, o0xb83451b70;  0 drivers
o0xb83451ba0 .functor BUFZ 3, c4<zzz>; HiZ drive
v0xb82cf9220_0 .net "BLKSEL", 2 0, o0xb83451ba0;  0 drivers
o0xb83451bd0 .functor BUFZ 1, c4<z>; HiZ drive
v0xb82cf92c0_0 .net "CEA", 0 0, o0xb83451bd0;  0 drivers
o0xb83451c00 .functor BUFZ 1, c4<z>; HiZ drive
v0xb82cf9360_0 .net "CEB", 0 0, o0xb83451c00;  0 drivers
o0xb83451c30 .functor BUFZ 1, c4<z>; HiZ drive
v0xb82cf9400_0 .net "CLKA", 0 0, o0xb83451c30;  0 drivers
o0xb83451c60 .functor BUFZ 1, c4<z>; HiZ drive
v0xb82cf94a0_0 .net "CLKB", 0 0, o0xb83451c60;  0 drivers
o0xb83451c90 .functor BUFZ 36, c4<zzzzzzzzzzzzzzzzzzzzzzzzzzzzzzzzzzzz>; HiZ drive
v0xb82cf9540_0 .net "DI", 35 0, o0xb83451c90;  0 drivers
o0xb83451cc0 .functor BUFZ 36, c4<zzzzzzzzzzzzzzzzzzzzzzzzzzzzzzzzzzzz>; HiZ drive
v0xb82cf95e0_0 .net "DO", 35 0, o0xb83451cc0;  0 drivers
o0xb83451cf0 .functor BUFZ 1, c4<z>; HiZ drive
v0xb82cf9680_0 .net "OCE", 0 0, o0xb83451cf0;  0 drivers
o0xb83451d20 .functor BUFZ 1, c4<z>; HiZ drive
v0xb82cf9720_0 .net "RESETA", 0 0, o0xb83451d20;  0 drivers
o0xb83451d50 .functor BUFZ 1, c4<z>; HiZ drive
v0xb82cf97c0_0 .net "RESETB", 0 0, o0xb83451d50;  0 drivers
o0xb83451d80 .functor BUFZ 1, c4<z>; HiZ drive
v0xb82cf9860_0 .net "WREA", 0 0, o0xb83451d80;  0 drivers
o0xb83451db0 .functor BUFZ 1, c4<z>; HiZ drive
v0xb82cf9900_0 .net "WREB", 0 0, o0xb83451db0;  0 drivers
S_0xb831da580 .scope module, "SP" "SP" 3 1263;
 .timescale 0 0;
    .port_info 0 /OUTPUT 32 "DO";
    .port_info 1 /INPUT 32 "DI";
    .port_info 2 /INPUT 3 "BLKSEL";
    .port_info 3 /INPUT 14 "AD";
    .port_info 4 /INPUT 1 "WRE";
    .port_info 5 /INPUT 1 "CLK";
    .port_info 6 /INPUT 1 "CE";
    .port_info 7 /INPUT 1 "OCE";
    .port_info 8 /INPUT 1 "RESET";
P_0xb831b3c00 .param/l "BIT_WIDTH" 0 3 1269, +C4<00000000000000000000000000100000>;
P_0xb831b3c40 .param/l "BLK_SEL" 0 3 1270, C4<000>;
P_0xb831b3c80 .param/l "INIT_RAM_00" 0 3 1272, C4<0000000000000000000000000000000000000000000000000000000000000000000000000000000000000000000000000000000000000000000000000000000000000000000000000000000000000000000000000000000000000000000000000000000000000000000000000000000000000000000000000000000000000000>;
P_0xb831b3cc0 .param/l "INIT_RAM_01" 0 3 1273, C4<0000000000000000000000000000000000000000000000000000000000000000000000000000000000000000000000000000000000000000000000000000000000000000000000000000000000000000000000000000000000000000000000000000000000000000000000000000000000000000000000000000000000000000>;
P_0xb831b3d00 .param/l "INIT_RAM_02" 0 3 1274, C4<0000000000000000000000000000000000000000000000000000000000000000000000000000000000000000000000000000000000000000000000000000000000000000000000000000000000000000000000000000000000000000000000000000000000000000000000000000000000000000000000000000000000000000>;
P_0xb831b3d40 .param/l "INIT_RAM_03" 0 3 1275, C4<0000000000000000000000000000000000000000000000000000000000000000000000000000000000000000000000000000000000000000000000000000000000000000000000000000000000000000000000000000000000000000000000000000000000000000000000000000000000000000000000000000000000000000>;
P_0xb831b3d80 .param/l "INIT_RAM_04" 0 3 1276, C4<0000000000000000000000000000000000000000000000000000000000000000000000000000000000000000000000000000000000000000000000000000000000000000000000000000000000000000000000000000000000000000000000000000000000000000000000000000000000000000000000000000000000000000>;
P_0xb831b3dc0 .param/l "INIT_RAM_05" 0 3 1277, C4<0000000000000000000000000000000000000000000000000000000000000000000000000000000000000000000000000000000000000000000000000000000000000000000000000000000000000000000000000000000000000000000000000000000000000000000000000000000000000000000000000000000000000000>;
P_0xb831b3e00 .param/l "INIT_RAM_06" 0 3 1278, C4<0000000000000000000000000000000000000000000000000000000000000000000000000000000000000000000000000000000000000000000000000000000000000000000000000000000000000000000000000000000000000000000000000000000000000000000000000000000000000000000000000000000000000000>;
P_0xb831b3e40 .param/l "INIT_RAM_07" 0 3 1279, C4<0000000000000000000000000000000000000000000000000000000000000000000000000000000000000000000000000000000000000000000000000000000000000000000000000000000000000000000000000000000000000000000000000000000000000000000000000000000000000000000000000000000000000000>;
P_0xb831b3e80 .param/l "INIT_RAM_08" 0 3 1280, C4<0000000000000000000000000000000000000000000000000000000000000000000000000000000000000000000000000000000000000000000000000000000000000000000000000000000000000000000000000000000000000000000000000000000000000000000000000000000000000000000000000000000000000000>;
P_0xb831b3ec0 .param/l "INIT_RAM_09" 0 3 1281, C4<0000000000000000000000000000000000000000000000000000000000000000000000000000000000000000000000000000000000000000000000000000000000000000000000000000000000000000000000000000000000000000000000000000000000000000000000000000000000000000000000000000000000000000>;
P_0xb831b3f00 .param/l "INIT_RAM_0A" 0 3 1282, C4<0000000000000000000000000000000000000000000000000000000000000000000000000000000000000000000000000000000000000000000000000000000000000000000000000000000000000000000000000000000000000000000000000000000000000000000000000000000000000000000000000000000000000000>;
P_0xb831b3f40 .param/l "INIT_RAM_0B" 0 3 1283, C4<0000000000000000000000000000000000000000000000000000000000000000000000000000000000000000000000000000000000000000000000000000000000000000000000000000000000000000000000000000000000000000000000000000000000000000000000000000000000000000000000000000000000000000>;
P_0xb831b3f80 .param/l "INIT_RAM_0C" 0 3 1284, C4<0000000000000000000000000000000000000000000000000000000000000000000000000000000000000000000000000000000000000000000000000000000000000000000000000000000000000000000000000000000000000000000000000000000000000000000000000000000000000000000000000000000000000000>;
P_0xb831b3fc0 .param/l "INIT_RAM_0D" 0 3 1285, C4<0000000000000000000000000000000000000000000000000000000000000000000000000000000000000000000000000000000000000000000000000000000000000000000000000000000000000000000000000000000000000000000000000000000000000000000000000000000000000000000000000000000000000000>;
P_0xb831b4000 .param/l "INIT_RAM_0E" 0 3 1286, C4<0000000000000000000000000000000000000000000000000000000000000000000000000000000000000000000000000000000000000000000000000000000000000000000000000000000000000000000000000000000000000000000000000000000000000000000000000000000000000000000000000000000000000000>;
P_0xb831b4040 .param/l "INIT_RAM_0F" 0 3 1287, C4<0000000000000000000000000000000000000000000000000000000000000000000000000000000000000000000000000000000000000000000000000000000000000000000000000000000000000000000000000000000000000000000000000000000000000000000000000000000000000000000000000000000000000000>;
P_0xb831b4080 .param/l "INIT_RAM_10" 0 3 1288, C4<0000000000000000000000000000000000000000000000000000000000000000000000000000000000000000000000000000000000000000000000000000000000000000000000000000000000000000000000000000000000000000000000000000000000000000000000000000000000000000000000000000000000000000>;
P_0xb831b40c0 .param/l "INIT_RAM_11" 0 3 1289, C4<0000000000000000000000000000000000000000000000000000000000000000000000000000000000000000000000000000000000000000000000000000000000000000000000000000000000000000000000000000000000000000000000000000000000000000000000000000000000000000000000000000000000000000>;
P_0xb831b4100 .param/l "INIT_RAM_12" 0 3 1290, C4<0000000000000000000000000000000000000000000000000000000000000000000000000000000000000000000000000000000000000000000000000000000000000000000000000000000000000000000000000000000000000000000000000000000000000000000000000000000000000000000000000000000000000000>;
P_0xb831b4140 .param/l "INIT_RAM_13" 0 3 1291, C4<0000000000000000000000000000000000000000000000000000000000000000000000000000000000000000000000000000000000000000000000000000000000000000000000000000000000000000000000000000000000000000000000000000000000000000000000000000000000000000000000000000000000000000>;
P_0xb831b4180 .param/l "INIT_RAM_14" 0 3 1292, C4<0000000000000000000000000000000000000000000000000000000000000000000000000000000000000000000000000000000000000000000000000000000000000000000000000000000000000000000000000000000000000000000000000000000000000000000000000000000000000000000000000000000000000000>;
P_0xb831b41c0 .param/l "INIT_RAM_15" 0 3 1293, C4<0000000000000000000000000000000000000000000000000000000000000000000000000000000000000000000000000000000000000000000000000000000000000000000000000000000000000000000000000000000000000000000000000000000000000000000000000000000000000000000000000000000000000000>;
P_0xb831b4200 .param/l "INIT_RAM_16" 0 3 1294, C4<0000000000000000000000000000000000000000000000000000000000000000000000000000000000000000000000000000000000000000000000000000000000000000000000000000000000000000000000000000000000000000000000000000000000000000000000000000000000000000000000000000000000000000>;
P_0xb831b4240 .param/l "INIT_RAM_17" 0 3 1295, C4<0000000000000000000000000000000000000000000000000000000000000000000000000000000000000000000000000000000000000000000000000000000000000000000000000000000000000000000000000000000000000000000000000000000000000000000000000000000000000000000000000000000000000000>;
P_0xb831b4280 .param/l "INIT_RAM_18" 0 3 1296, C4<0000000000000000000000000000000000000000000000000000000000000000000000000000000000000000000000000000000000000000000000000000000000000000000000000000000000000000000000000000000000000000000000000000000000000000000000000000000000000000000000000000000000000000>;
P_0xb831b42c0 .param/l "INIT_RAM_19" 0 3 1297, C4<0000000000000000000000000000000000000000000000000000000000000000000000000000000000000000000000000000000000000000000000000000000000000000000000000000000000000000000000000000000000000000000000000000000000000000000000000000000000000000000000000000000000000000>;
P_0xb831b4300 .param/l "INIT_RAM_1A" 0 3 1298, C4<0000000000000000000000000000000000000000000000000000000000000000000000000000000000000000000000000000000000000000000000000000000000000000000000000000000000000000000000000000000000000000000000000000000000000000000000000000000000000000000000000000000000000000>;
P_0xb831b4340 .param/l "INIT_RAM_1B" 0 3 1299, C4<0000000000000000000000000000000000000000000000000000000000000000000000000000000000000000000000000000000000000000000000000000000000000000000000000000000000000000000000000000000000000000000000000000000000000000000000000000000000000000000000000000000000000000>;
P_0xb831b4380 .param/l "INIT_RAM_1C" 0 3 1300, C4<0000000000000000000000000000000000000000000000000000000000000000000000000000000000000000000000000000000000000000000000000000000000000000000000000000000000000000000000000000000000000000000000000000000000000000000000000000000000000000000000000000000000000000>;
P_0xb831b43c0 .param/l "INIT_RAM_1D" 0 3 1301, C4<0000000000000000000000000000000000000000000000000000000000000000000000000000000000000000000000000000000000000000000000000000000000000000000000000000000000000000000000000000000000000000000000000000000000000000000000000000000000000000000000000000000000000000>;
P_0xb831b4400 .param/l "INIT_RAM_1E" 0 3 1302, C4<0000000000000000000000000000000000000000000000000000000000000000000000000000000000000000000000000000000000000000000000000000000000000000000000000000000000000000000000000000000000000000000000000000000000000000000000000000000000000000000000000000000000000000>;
P_0xb831b4440 .param/l "INIT_RAM_1F" 0 3 1303, C4<0000000000000000000000000000000000000000000000000000000000000000000000000000000000000000000000000000000000000000000000000000000000000000000000000000000000000000000000000000000000000000000000000000000000000000000000000000000000000000000000000000000000000000>;
P_0xb831b4480 .param/l "INIT_RAM_20" 0 3 1304, C4<0000000000000000000000000000000000000000000000000000000000000000000000000000000000000000000000000000000000000000000000000000000000000000000000000000000000000000000000000000000000000000000000000000000000000000000000000000000000000000000000000000000000000000>;
P_0xb831b44c0 .param/l "INIT_RAM_21" 0 3 1305, C4<0000000000000000000000000000000000000000000000000000000000000000000000000000000000000000000000000000000000000000000000000000000000000000000000000000000000000000000000000000000000000000000000000000000000000000000000000000000000000000000000000000000000000000>;
P_0xb831b4500 .param/l "INIT_RAM_22" 0 3 1306, C4<0000000000000000000000000000000000000000000000000000000000000000000000000000000000000000000000000000000000000000000000000000000000000000000000000000000000000000000000000000000000000000000000000000000000000000000000000000000000000000000000000000000000000000>;
P_0xb831b4540 .param/l "INIT_RAM_23" 0 3 1307, C4<0000000000000000000000000000000000000000000000000000000000000000000000000000000000000000000000000000000000000000000000000000000000000000000000000000000000000000000000000000000000000000000000000000000000000000000000000000000000000000000000000000000000000000>;
P_0xb831b4580 .param/l "INIT_RAM_24" 0 3 1308, C4<0000000000000000000000000000000000000000000000000000000000000000000000000000000000000000000000000000000000000000000000000000000000000000000000000000000000000000000000000000000000000000000000000000000000000000000000000000000000000000000000000000000000000000>;
P_0xb831b45c0 .param/l "INIT_RAM_25" 0 3 1309, C4<0000000000000000000000000000000000000000000000000000000000000000000000000000000000000000000000000000000000000000000000000000000000000000000000000000000000000000000000000000000000000000000000000000000000000000000000000000000000000000000000000000000000000000>;
P_0xb831b4600 .param/l "INIT_RAM_26" 0 3 1310, C4<0000000000000000000000000000000000000000000000000000000000000000000000000000000000000000000000000000000000000000000000000000000000000000000000000000000000000000000000000000000000000000000000000000000000000000000000000000000000000000000000000000000000000000>;
P_0xb831b4640 .param/l "INIT_RAM_27" 0 3 1311, C4<0000000000000000000000000000000000000000000000000000000000000000000000000000000000000000000000000000000000000000000000000000000000000000000000000000000000000000000000000000000000000000000000000000000000000000000000000000000000000000000000000000000000000000>;
P_0xb831b4680 .param/l "INIT_RAM_28" 0 3 1312, C4<0000000000000000000000000000000000000000000000000000000000000000000000000000000000000000000000000000000000000000000000000000000000000000000000000000000000000000000000000000000000000000000000000000000000000000000000000000000000000000000000000000000000000000>;
P_0xb831b46c0 .param/l "INIT_RAM_29" 0 3 1313, C4<0000000000000000000000000000000000000000000000000000000000000000000000000000000000000000000000000000000000000000000000000000000000000000000000000000000000000000000000000000000000000000000000000000000000000000000000000000000000000000000000000000000000000000>;
P_0xb831b4700 .param/l "INIT_RAM_2A" 0 3 1314, C4<0000000000000000000000000000000000000000000000000000000000000000000000000000000000000000000000000000000000000000000000000000000000000000000000000000000000000000000000000000000000000000000000000000000000000000000000000000000000000000000000000000000000000000>;
P_0xb831b4740 .param/l "INIT_RAM_2B" 0 3 1315, C4<0000000000000000000000000000000000000000000000000000000000000000000000000000000000000000000000000000000000000000000000000000000000000000000000000000000000000000000000000000000000000000000000000000000000000000000000000000000000000000000000000000000000000000>;
P_0xb831b4780 .param/l "INIT_RAM_2C" 0 3 1316, C4<0000000000000000000000000000000000000000000000000000000000000000000000000000000000000000000000000000000000000000000000000000000000000000000000000000000000000000000000000000000000000000000000000000000000000000000000000000000000000000000000000000000000000000>;
P_0xb831b47c0 .param/l "INIT_RAM_2D" 0 3 1317, C4<0000000000000000000000000000000000000000000000000000000000000000000000000000000000000000000000000000000000000000000000000000000000000000000000000000000000000000000000000000000000000000000000000000000000000000000000000000000000000000000000000000000000000000>;
P_0xb831b4800 .param/l "INIT_RAM_2E" 0 3 1318, C4<0000000000000000000000000000000000000000000000000000000000000000000000000000000000000000000000000000000000000000000000000000000000000000000000000000000000000000000000000000000000000000000000000000000000000000000000000000000000000000000000000000000000000000>;
P_0xb831b4840 .param/l "INIT_RAM_2F" 0 3 1319, C4<0000000000000000000000000000000000000000000000000000000000000000000000000000000000000000000000000000000000000000000000000000000000000000000000000000000000000000000000000000000000000000000000000000000000000000000000000000000000000000000000000000000000000000>;
P_0xb831b4880 .param/l "INIT_RAM_30" 0 3 1320, C4<0000000000000000000000000000000000000000000000000000000000000000000000000000000000000000000000000000000000000000000000000000000000000000000000000000000000000000000000000000000000000000000000000000000000000000000000000000000000000000000000000000000000000000>;
P_0xb831b48c0 .param/l "INIT_RAM_31" 0 3 1321, C4<0000000000000000000000000000000000000000000000000000000000000000000000000000000000000000000000000000000000000000000000000000000000000000000000000000000000000000000000000000000000000000000000000000000000000000000000000000000000000000000000000000000000000000>;
P_0xb831b4900 .param/l "INIT_RAM_32" 0 3 1322, C4<0000000000000000000000000000000000000000000000000000000000000000000000000000000000000000000000000000000000000000000000000000000000000000000000000000000000000000000000000000000000000000000000000000000000000000000000000000000000000000000000000000000000000000>;
P_0xb831b4940 .param/l "INIT_RAM_33" 0 3 1323, C4<0000000000000000000000000000000000000000000000000000000000000000000000000000000000000000000000000000000000000000000000000000000000000000000000000000000000000000000000000000000000000000000000000000000000000000000000000000000000000000000000000000000000000000>;
P_0xb831b4980 .param/l "INIT_RAM_34" 0 3 1324, C4<0000000000000000000000000000000000000000000000000000000000000000000000000000000000000000000000000000000000000000000000000000000000000000000000000000000000000000000000000000000000000000000000000000000000000000000000000000000000000000000000000000000000000000>;
P_0xb831b49c0 .param/l "INIT_RAM_35" 0 3 1325, C4<0000000000000000000000000000000000000000000000000000000000000000000000000000000000000000000000000000000000000000000000000000000000000000000000000000000000000000000000000000000000000000000000000000000000000000000000000000000000000000000000000000000000000000>;
P_0xb831b4a00 .param/l "INIT_RAM_36" 0 3 1326, C4<0000000000000000000000000000000000000000000000000000000000000000000000000000000000000000000000000000000000000000000000000000000000000000000000000000000000000000000000000000000000000000000000000000000000000000000000000000000000000000000000000000000000000000>;
P_0xb831b4a40 .param/l "INIT_RAM_37" 0 3 1327, C4<0000000000000000000000000000000000000000000000000000000000000000000000000000000000000000000000000000000000000000000000000000000000000000000000000000000000000000000000000000000000000000000000000000000000000000000000000000000000000000000000000000000000000000>;
P_0xb831b4a80 .param/l "INIT_RAM_38" 0 3 1328, C4<0000000000000000000000000000000000000000000000000000000000000000000000000000000000000000000000000000000000000000000000000000000000000000000000000000000000000000000000000000000000000000000000000000000000000000000000000000000000000000000000000000000000000000>;
P_0xb831b4ac0 .param/l "INIT_RAM_39" 0 3 1329, C4<0000000000000000000000000000000000000000000000000000000000000000000000000000000000000000000000000000000000000000000000000000000000000000000000000000000000000000000000000000000000000000000000000000000000000000000000000000000000000000000000000000000000000000>;
P_0xb831b4b00 .param/l "INIT_RAM_3A" 0 3 1330, C4<0000000000000000000000000000000000000000000000000000000000000000000000000000000000000000000000000000000000000000000000000000000000000000000000000000000000000000000000000000000000000000000000000000000000000000000000000000000000000000000000000000000000000000>;
P_0xb831b4b40 .param/l "INIT_RAM_3B" 0 3 1331, C4<0000000000000000000000000000000000000000000000000000000000000000000000000000000000000000000000000000000000000000000000000000000000000000000000000000000000000000000000000000000000000000000000000000000000000000000000000000000000000000000000000000000000000000>;
P_0xb831b4b80 .param/l "INIT_RAM_3C" 0 3 1332, C4<0000000000000000000000000000000000000000000000000000000000000000000000000000000000000000000000000000000000000000000000000000000000000000000000000000000000000000000000000000000000000000000000000000000000000000000000000000000000000000000000000000000000000000>;
P_0xb831b4bc0 .param/l "INIT_RAM_3D" 0 3 1333, C4<0000000000000000000000000000000000000000000000000000000000000000000000000000000000000000000000000000000000000000000000000000000000000000000000000000000000000000000000000000000000000000000000000000000000000000000000000000000000000000000000000000000000000000>;
P_0xb831b4c00 .param/l "INIT_RAM_3E" 0 3 1334, C4<0000000000000000000000000000000000000000000000000000000000000000000000000000000000000000000000000000000000000000000000000000000000000000000000000000000000000000000000000000000000000000000000000000000000000000000000000000000000000000000000000000000000000000>;
P_0xb831b4c40 .param/l "INIT_RAM_3F" 0 3 1335, C4<0000000000000000000000000000000000000000000000000000000000000000000000000000000000000000000000000000000000000000000000000000000000000000000000000000000000000000000000000000000000000000000000000000000000000000000000000000000000000000000000000000000000000000>;
P_0xb831b4c80 .param/l "READ_MODE" 0 3 1266, C4<0>;
P_0xb831b4cc0 .param/str "RESET_MODE" 0 3 1271, "SYNC";
P_0xb831b4d00 .param/l "WRITE_MODE" 0 3 1268, C4<00>;
o0xb83452080 .functor BUFZ 14, c4<zzzzzzzzzzzzzz>; HiZ drive
v0xb82cf99a0_0 .net "AD", 13 0, o0xb83452080;  0 drivers
o0xb834520b0 .functor BUFZ 3, c4<zzz>; HiZ drive
v0xb82cf9a40_0 .net "BLKSEL", 2 0, o0xb834520b0;  0 drivers
o0xb834520e0 .functor BUFZ 1, c4<z>; HiZ drive
v0xb82cf9ae0_0 .net "CE", 0 0, o0xb834520e0;  0 drivers
o0xb83452110 .functor BUFZ 1, c4<z>; HiZ drive
v0xb82cf9b80_0 .net "CLK", 0 0, o0xb83452110;  0 drivers
o0xb83452140 .functor BUFZ 32, c4<zzzzzzzzzzzzzzzzzzzzzzzzzzzzzzzz>; HiZ drive
v0xb82cf9c20_0 .net "DI", 31 0, o0xb83452140;  0 drivers
o0xb83452170 .functor BUFZ 32, c4<zzzzzzzzzzzzzzzzzzzzzzzzzzzzzzzz>; HiZ drive
v0xb82cf9cc0_0 .net "DO", 31 0, o0xb83452170;  0 drivers
o0xb834521a0 .functor BUFZ 1, c4<z>; HiZ drive
v0xb82cf9d60_0 .net "OCE", 0 0, o0xb834521a0;  0 drivers
o0xb834521d0 .functor BUFZ 1, c4<z>; HiZ drive
v0xb82cf9e00_0 .net "RESET", 0 0, o0xb834521d0;  0 drivers
o0xb83452200 .functor BUFZ 1, c4<z>; HiZ drive
v0xb82cf9ea0_0 .net "WRE", 0 0, o0xb83452200;  0 drivers
S_0xb831da700 .scope module, "SPX9" "SPX9" 3 1350;
 .timescale 0 0;
    .port_info 0 /OUTPUT 36 "DO";
    .port_info 1 /INPUT 36 "DI";
    .port_info 2 /INPUT 3 "BLKSEL";
    .port_info 3 /INPUT 14 "AD";
    .port_info 4 /INPUT 1 "WRE";
    .port_info 5 /INPUT 1 "CLK";
    .port_info 6 /INPUT 1 "CE";
    .port_info 7 /INPUT 1 "OCE";
    .port_info 8 /INPUT 1 "RESET";
P_0xb831b5000 .param/l "BIT_WIDTH" 0 3 1356, +C4<00000000000000000000000000100100>;
P_0xb831b5040 .param/l "BLK_SEL" 0 3 1357, C4<000>;
P_0xb831b5080 .param/l "INIT_RAM_00" 0 3 1359, C4<000000000000000000000000000000000000000000000000000000000000000000000000000000000000000000000000000000000000000000000000000000000000000000000000000000000000000000000000000000000000000000000000000000000000000000000000000000000000000000000000000000000000000000000000000000000000000000000000>;
P_0xb831b50c0 .param/l "INIT_RAM_01" 0 3 1360, C4<000000000000000000000000000000000000000000000000000000000000000000000000000000000000000000000000000000000000000000000000000000000000000000000000000000000000000000000000000000000000000000000000000000000000000000000000000000000000000000000000000000000000000000000000000000000000000000000000>;
P_0xb831b5100 .param/l "INIT_RAM_02" 0 3 1361, C4<000000000000000000000000000000000000000000000000000000000000000000000000000000000000000000000000000000000000000000000000000000000000000000000000000000000000000000000000000000000000000000000000000000000000000000000000000000000000000000000000000000000000000000000000000000000000000000000000>;
P_0xb831b5140 .param/l "INIT_RAM_03" 0 3 1362, C4<000000000000000000000000000000000000000000000000000000000000000000000000000000000000000000000000000000000000000000000000000000000000000000000000000000000000000000000000000000000000000000000000000000000000000000000000000000000000000000000000000000000000000000000000000000000000000000000000>;
P_0xb831b5180 .param/l "INIT_RAM_04" 0 3 1363, C4<000000000000000000000000000000000000000000000000000000000000000000000000000000000000000000000000000000000000000000000000000000000000000000000000000000000000000000000000000000000000000000000000000000000000000000000000000000000000000000000000000000000000000000000000000000000000000000000000>;
P_0xb831b51c0 .param/l "INIT_RAM_05" 0 3 1364, C4<000000000000000000000000000000000000000000000000000000000000000000000000000000000000000000000000000000000000000000000000000000000000000000000000000000000000000000000000000000000000000000000000000000000000000000000000000000000000000000000000000000000000000000000000000000000000000000000000>;
P_0xb831b5200 .param/l "INIT_RAM_06" 0 3 1365, C4<000000000000000000000000000000000000000000000000000000000000000000000000000000000000000000000000000000000000000000000000000000000000000000000000000000000000000000000000000000000000000000000000000000000000000000000000000000000000000000000000000000000000000000000000000000000000000000000000>;
P_0xb831b5240 .param/l "INIT_RAM_07" 0 3 1366, C4<000000000000000000000000000000000000000000000000000000000000000000000000000000000000000000000000000000000000000000000000000000000000000000000000000000000000000000000000000000000000000000000000000000000000000000000000000000000000000000000000000000000000000000000000000000000000000000000000>;
P_0xb831b5280 .param/l "INIT_RAM_08" 0 3 1367, C4<000000000000000000000000000000000000000000000000000000000000000000000000000000000000000000000000000000000000000000000000000000000000000000000000000000000000000000000000000000000000000000000000000000000000000000000000000000000000000000000000000000000000000000000000000000000000000000000000>;
P_0xb831b52c0 .param/l "INIT_RAM_09" 0 3 1368, C4<000000000000000000000000000000000000000000000000000000000000000000000000000000000000000000000000000000000000000000000000000000000000000000000000000000000000000000000000000000000000000000000000000000000000000000000000000000000000000000000000000000000000000000000000000000000000000000000000>;
P_0xb831b5300 .param/l "INIT_RAM_0A" 0 3 1369, C4<000000000000000000000000000000000000000000000000000000000000000000000000000000000000000000000000000000000000000000000000000000000000000000000000000000000000000000000000000000000000000000000000000000000000000000000000000000000000000000000000000000000000000000000000000000000000000000000000>;
P_0xb831b5340 .param/l "INIT_RAM_0B" 0 3 1370, C4<000000000000000000000000000000000000000000000000000000000000000000000000000000000000000000000000000000000000000000000000000000000000000000000000000000000000000000000000000000000000000000000000000000000000000000000000000000000000000000000000000000000000000000000000000000000000000000000000>;
P_0xb831b5380 .param/l "INIT_RAM_0C" 0 3 1371, C4<000000000000000000000000000000000000000000000000000000000000000000000000000000000000000000000000000000000000000000000000000000000000000000000000000000000000000000000000000000000000000000000000000000000000000000000000000000000000000000000000000000000000000000000000000000000000000000000000>;
P_0xb831b53c0 .param/l "INIT_RAM_0D" 0 3 1372, C4<000000000000000000000000000000000000000000000000000000000000000000000000000000000000000000000000000000000000000000000000000000000000000000000000000000000000000000000000000000000000000000000000000000000000000000000000000000000000000000000000000000000000000000000000000000000000000000000000>;
P_0xb831b5400 .param/l "INIT_RAM_0E" 0 3 1373, C4<000000000000000000000000000000000000000000000000000000000000000000000000000000000000000000000000000000000000000000000000000000000000000000000000000000000000000000000000000000000000000000000000000000000000000000000000000000000000000000000000000000000000000000000000000000000000000000000000>;
P_0xb831b5440 .param/l "INIT_RAM_0F" 0 3 1374, C4<000000000000000000000000000000000000000000000000000000000000000000000000000000000000000000000000000000000000000000000000000000000000000000000000000000000000000000000000000000000000000000000000000000000000000000000000000000000000000000000000000000000000000000000000000000000000000000000000>;
P_0xb831b5480 .param/l "INIT_RAM_10" 0 3 1375, C4<000000000000000000000000000000000000000000000000000000000000000000000000000000000000000000000000000000000000000000000000000000000000000000000000000000000000000000000000000000000000000000000000000000000000000000000000000000000000000000000000000000000000000000000000000000000000000000000000>;
P_0xb831b54c0 .param/l "INIT_RAM_11" 0 3 1376, C4<000000000000000000000000000000000000000000000000000000000000000000000000000000000000000000000000000000000000000000000000000000000000000000000000000000000000000000000000000000000000000000000000000000000000000000000000000000000000000000000000000000000000000000000000000000000000000000000000>;
P_0xb831b5500 .param/l "INIT_RAM_12" 0 3 1377, C4<000000000000000000000000000000000000000000000000000000000000000000000000000000000000000000000000000000000000000000000000000000000000000000000000000000000000000000000000000000000000000000000000000000000000000000000000000000000000000000000000000000000000000000000000000000000000000000000000>;
P_0xb831b5540 .param/l "INIT_RAM_13" 0 3 1378, C4<000000000000000000000000000000000000000000000000000000000000000000000000000000000000000000000000000000000000000000000000000000000000000000000000000000000000000000000000000000000000000000000000000000000000000000000000000000000000000000000000000000000000000000000000000000000000000000000000>;
P_0xb831b5580 .param/l "INIT_RAM_14" 0 3 1379, C4<000000000000000000000000000000000000000000000000000000000000000000000000000000000000000000000000000000000000000000000000000000000000000000000000000000000000000000000000000000000000000000000000000000000000000000000000000000000000000000000000000000000000000000000000000000000000000000000000>;
P_0xb831b55c0 .param/l "INIT_RAM_15" 0 3 1380, C4<000000000000000000000000000000000000000000000000000000000000000000000000000000000000000000000000000000000000000000000000000000000000000000000000000000000000000000000000000000000000000000000000000000000000000000000000000000000000000000000000000000000000000000000000000000000000000000000000>;
P_0xb831b5600 .param/l "INIT_RAM_16" 0 3 1381, C4<000000000000000000000000000000000000000000000000000000000000000000000000000000000000000000000000000000000000000000000000000000000000000000000000000000000000000000000000000000000000000000000000000000000000000000000000000000000000000000000000000000000000000000000000000000000000000000000000>;
P_0xb831b5640 .param/l "INIT_RAM_17" 0 3 1382, C4<000000000000000000000000000000000000000000000000000000000000000000000000000000000000000000000000000000000000000000000000000000000000000000000000000000000000000000000000000000000000000000000000000000000000000000000000000000000000000000000000000000000000000000000000000000000000000000000000>;
P_0xb831b5680 .param/l "INIT_RAM_18" 0 3 1383, C4<000000000000000000000000000000000000000000000000000000000000000000000000000000000000000000000000000000000000000000000000000000000000000000000000000000000000000000000000000000000000000000000000000000000000000000000000000000000000000000000000000000000000000000000000000000000000000000000000>;
P_0xb831b56c0 .param/l "INIT_RAM_19" 0 3 1384, C4<000000000000000000000000000000000000000000000000000000000000000000000000000000000000000000000000000000000000000000000000000000000000000000000000000000000000000000000000000000000000000000000000000000000000000000000000000000000000000000000000000000000000000000000000000000000000000000000000>;
P_0xb831b5700 .param/l "INIT_RAM_1A" 0 3 1385, C4<000000000000000000000000000000000000000000000000000000000000000000000000000000000000000000000000000000000000000000000000000000000000000000000000000000000000000000000000000000000000000000000000000000000000000000000000000000000000000000000000000000000000000000000000000000000000000000000000>;
P_0xb831b5740 .param/l "INIT_RAM_1B" 0 3 1386, C4<000000000000000000000000000000000000000000000000000000000000000000000000000000000000000000000000000000000000000000000000000000000000000000000000000000000000000000000000000000000000000000000000000000000000000000000000000000000000000000000000000000000000000000000000000000000000000000000000>;
P_0xb831b5780 .param/l "INIT_RAM_1C" 0 3 1387, C4<000000000000000000000000000000000000000000000000000000000000000000000000000000000000000000000000000000000000000000000000000000000000000000000000000000000000000000000000000000000000000000000000000000000000000000000000000000000000000000000000000000000000000000000000000000000000000000000000>;
P_0xb831b57c0 .param/l "INIT_RAM_1D" 0 3 1388, C4<000000000000000000000000000000000000000000000000000000000000000000000000000000000000000000000000000000000000000000000000000000000000000000000000000000000000000000000000000000000000000000000000000000000000000000000000000000000000000000000000000000000000000000000000000000000000000000000000>;
P_0xb831b5800 .param/l "INIT_RAM_1E" 0 3 1389, C4<000000000000000000000000000000000000000000000000000000000000000000000000000000000000000000000000000000000000000000000000000000000000000000000000000000000000000000000000000000000000000000000000000000000000000000000000000000000000000000000000000000000000000000000000000000000000000000000000>;
P_0xb831b5840 .param/l "INIT_RAM_1F" 0 3 1390, C4<000000000000000000000000000000000000000000000000000000000000000000000000000000000000000000000000000000000000000000000000000000000000000000000000000000000000000000000000000000000000000000000000000000000000000000000000000000000000000000000000000000000000000000000000000000000000000000000000>;
P_0xb831b5880 .param/l "INIT_RAM_20" 0 3 1391, C4<000000000000000000000000000000000000000000000000000000000000000000000000000000000000000000000000000000000000000000000000000000000000000000000000000000000000000000000000000000000000000000000000000000000000000000000000000000000000000000000000000000000000000000000000000000000000000000000000>;
P_0xb831b58c0 .param/l "INIT_RAM_21" 0 3 1392, C4<000000000000000000000000000000000000000000000000000000000000000000000000000000000000000000000000000000000000000000000000000000000000000000000000000000000000000000000000000000000000000000000000000000000000000000000000000000000000000000000000000000000000000000000000000000000000000000000000>;
P_0xb831b5900 .param/l "INIT_RAM_22" 0 3 1393, C4<000000000000000000000000000000000000000000000000000000000000000000000000000000000000000000000000000000000000000000000000000000000000000000000000000000000000000000000000000000000000000000000000000000000000000000000000000000000000000000000000000000000000000000000000000000000000000000000000>;
P_0xb831b5940 .param/l "INIT_RAM_23" 0 3 1394, C4<000000000000000000000000000000000000000000000000000000000000000000000000000000000000000000000000000000000000000000000000000000000000000000000000000000000000000000000000000000000000000000000000000000000000000000000000000000000000000000000000000000000000000000000000000000000000000000000000>;
P_0xb831b5980 .param/l "INIT_RAM_24" 0 3 1395, C4<000000000000000000000000000000000000000000000000000000000000000000000000000000000000000000000000000000000000000000000000000000000000000000000000000000000000000000000000000000000000000000000000000000000000000000000000000000000000000000000000000000000000000000000000000000000000000000000000>;
P_0xb831b59c0 .param/l "INIT_RAM_25" 0 3 1396, C4<000000000000000000000000000000000000000000000000000000000000000000000000000000000000000000000000000000000000000000000000000000000000000000000000000000000000000000000000000000000000000000000000000000000000000000000000000000000000000000000000000000000000000000000000000000000000000000000000>;
P_0xb831b5a00 .param/l "INIT_RAM_26" 0 3 1397, C4<000000000000000000000000000000000000000000000000000000000000000000000000000000000000000000000000000000000000000000000000000000000000000000000000000000000000000000000000000000000000000000000000000000000000000000000000000000000000000000000000000000000000000000000000000000000000000000000000>;
P_0xb831b5a40 .param/l "INIT_RAM_27" 0 3 1398, C4<000000000000000000000000000000000000000000000000000000000000000000000000000000000000000000000000000000000000000000000000000000000000000000000000000000000000000000000000000000000000000000000000000000000000000000000000000000000000000000000000000000000000000000000000000000000000000000000000>;
P_0xb831b5a80 .param/l "INIT_RAM_28" 0 3 1399, C4<000000000000000000000000000000000000000000000000000000000000000000000000000000000000000000000000000000000000000000000000000000000000000000000000000000000000000000000000000000000000000000000000000000000000000000000000000000000000000000000000000000000000000000000000000000000000000000000000>;
P_0xb831b5ac0 .param/l "INIT_RAM_29" 0 3 1400, C4<000000000000000000000000000000000000000000000000000000000000000000000000000000000000000000000000000000000000000000000000000000000000000000000000000000000000000000000000000000000000000000000000000000000000000000000000000000000000000000000000000000000000000000000000000000000000000000000000>;
P_0xb831b5b00 .param/l "INIT_RAM_2A" 0 3 1401, C4<000000000000000000000000000000000000000000000000000000000000000000000000000000000000000000000000000000000000000000000000000000000000000000000000000000000000000000000000000000000000000000000000000000000000000000000000000000000000000000000000000000000000000000000000000000000000000000000000>;
P_0xb831b5b40 .param/l "INIT_RAM_2B" 0 3 1402, C4<000000000000000000000000000000000000000000000000000000000000000000000000000000000000000000000000000000000000000000000000000000000000000000000000000000000000000000000000000000000000000000000000000000000000000000000000000000000000000000000000000000000000000000000000000000000000000000000000>;
P_0xb831b5b80 .param/l "INIT_RAM_2C" 0 3 1403, C4<000000000000000000000000000000000000000000000000000000000000000000000000000000000000000000000000000000000000000000000000000000000000000000000000000000000000000000000000000000000000000000000000000000000000000000000000000000000000000000000000000000000000000000000000000000000000000000000000>;
P_0xb831b5bc0 .param/l "INIT_RAM_2D" 0 3 1404, C4<000000000000000000000000000000000000000000000000000000000000000000000000000000000000000000000000000000000000000000000000000000000000000000000000000000000000000000000000000000000000000000000000000000000000000000000000000000000000000000000000000000000000000000000000000000000000000000000000>;
P_0xb831b5c00 .param/l "INIT_RAM_2E" 0 3 1405, C4<000000000000000000000000000000000000000000000000000000000000000000000000000000000000000000000000000000000000000000000000000000000000000000000000000000000000000000000000000000000000000000000000000000000000000000000000000000000000000000000000000000000000000000000000000000000000000000000000>;
P_0xb831b5c40 .param/l "INIT_RAM_2F" 0 3 1406, C4<000000000000000000000000000000000000000000000000000000000000000000000000000000000000000000000000000000000000000000000000000000000000000000000000000000000000000000000000000000000000000000000000000000000000000000000000000000000000000000000000000000000000000000000000000000000000000000000000>;
P_0xb831b5c80 .param/l "INIT_RAM_30" 0 3 1407, C4<000000000000000000000000000000000000000000000000000000000000000000000000000000000000000000000000000000000000000000000000000000000000000000000000000000000000000000000000000000000000000000000000000000000000000000000000000000000000000000000000000000000000000000000000000000000000000000000000>;
P_0xb831b5cc0 .param/l "INIT_RAM_31" 0 3 1408, C4<000000000000000000000000000000000000000000000000000000000000000000000000000000000000000000000000000000000000000000000000000000000000000000000000000000000000000000000000000000000000000000000000000000000000000000000000000000000000000000000000000000000000000000000000000000000000000000000000>;
P_0xb831b5d00 .param/l "INIT_RAM_32" 0 3 1409, C4<000000000000000000000000000000000000000000000000000000000000000000000000000000000000000000000000000000000000000000000000000000000000000000000000000000000000000000000000000000000000000000000000000000000000000000000000000000000000000000000000000000000000000000000000000000000000000000000000>;
P_0xb831b5d40 .param/l "INIT_RAM_33" 0 3 1410, C4<000000000000000000000000000000000000000000000000000000000000000000000000000000000000000000000000000000000000000000000000000000000000000000000000000000000000000000000000000000000000000000000000000000000000000000000000000000000000000000000000000000000000000000000000000000000000000000000000>;
P_0xb831b5d80 .param/l "INIT_RAM_34" 0 3 1411, C4<000000000000000000000000000000000000000000000000000000000000000000000000000000000000000000000000000000000000000000000000000000000000000000000000000000000000000000000000000000000000000000000000000000000000000000000000000000000000000000000000000000000000000000000000000000000000000000000000>;
P_0xb831b5dc0 .param/l "INIT_RAM_35" 0 3 1412, C4<000000000000000000000000000000000000000000000000000000000000000000000000000000000000000000000000000000000000000000000000000000000000000000000000000000000000000000000000000000000000000000000000000000000000000000000000000000000000000000000000000000000000000000000000000000000000000000000000>;
P_0xb831b5e00 .param/l "INIT_RAM_36" 0 3 1413, C4<000000000000000000000000000000000000000000000000000000000000000000000000000000000000000000000000000000000000000000000000000000000000000000000000000000000000000000000000000000000000000000000000000000000000000000000000000000000000000000000000000000000000000000000000000000000000000000000000>;
P_0xb831b5e40 .param/l "INIT_RAM_37" 0 3 1414, C4<000000000000000000000000000000000000000000000000000000000000000000000000000000000000000000000000000000000000000000000000000000000000000000000000000000000000000000000000000000000000000000000000000000000000000000000000000000000000000000000000000000000000000000000000000000000000000000000000>;
P_0xb831b5e80 .param/l "INIT_RAM_38" 0 3 1415, C4<000000000000000000000000000000000000000000000000000000000000000000000000000000000000000000000000000000000000000000000000000000000000000000000000000000000000000000000000000000000000000000000000000000000000000000000000000000000000000000000000000000000000000000000000000000000000000000000000>;
P_0xb831b5ec0 .param/l "INIT_RAM_39" 0 3 1416, C4<000000000000000000000000000000000000000000000000000000000000000000000000000000000000000000000000000000000000000000000000000000000000000000000000000000000000000000000000000000000000000000000000000000000000000000000000000000000000000000000000000000000000000000000000000000000000000000000000>;
P_0xb831b5f00 .param/l "INIT_RAM_3A" 0 3 1417, C4<000000000000000000000000000000000000000000000000000000000000000000000000000000000000000000000000000000000000000000000000000000000000000000000000000000000000000000000000000000000000000000000000000000000000000000000000000000000000000000000000000000000000000000000000000000000000000000000000>;
P_0xb831b5f40 .param/l "INIT_RAM_3B" 0 3 1418, C4<000000000000000000000000000000000000000000000000000000000000000000000000000000000000000000000000000000000000000000000000000000000000000000000000000000000000000000000000000000000000000000000000000000000000000000000000000000000000000000000000000000000000000000000000000000000000000000000000>;
P_0xb831b5f80 .param/l "INIT_RAM_3C" 0 3 1419, C4<000000000000000000000000000000000000000000000000000000000000000000000000000000000000000000000000000000000000000000000000000000000000000000000000000000000000000000000000000000000000000000000000000000000000000000000000000000000000000000000000000000000000000000000000000000000000000000000000>;
P_0xb831b5fc0 .param/l "INIT_RAM_3D" 0 3 1420, C4<000000000000000000000000000000000000000000000000000000000000000000000000000000000000000000000000000000000000000000000000000000000000000000000000000000000000000000000000000000000000000000000000000000000000000000000000000000000000000000000000000000000000000000000000000000000000000000000000>;
P_0xb831b6000 .param/l "INIT_RAM_3E" 0 3 1421, C4<000000000000000000000000000000000000000000000000000000000000000000000000000000000000000000000000000000000000000000000000000000000000000000000000000000000000000000000000000000000000000000000000000000000000000000000000000000000000000000000000000000000000000000000000000000000000000000000000>;
P_0xb831b6040 .param/l "INIT_RAM_3F" 0 3 1422, C4<000000000000000000000000000000000000000000000000000000000000000000000000000000000000000000000000000000000000000000000000000000000000000000000000000000000000000000000000000000000000000000000000000000000000000000000000000000000000000000000000000000000000000000000000000000000000000000000000>;
P_0xb831b6080 .param/l "READ_MODE" 0 3 1353, C4<0>;
P_0xb831b60c0 .param/str "RESET_MODE" 0 3 1358, "SYNC";
P_0xb831b6100 .param/l "WRITE_MODE" 0 3 1355, C4<00>;
o0xb834523e0 .functor BUFZ 14, c4<zzzzzzzzzzzzzz>; HiZ drive
v0xb82cf9f40_0 .net "AD", 13 0, o0xb834523e0;  0 drivers
o0xb83452410 .functor BUFZ 3, c4<zzz>; HiZ drive
v0xb82cf9fe0_0 .net "BLKSEL", 2 0, o0xb83452410;  0 drivers
o0xb83452440 .functor BUFZ 1, c4<z>; HiZ drive
v0xb82cfa080_0 .net "CE", 0 0, o0xb83452440;  0 drivers
o0xb83452470 .functor BUFZ 1, c4<z>; HiZ drive
v0xb82cfa120_0 .net "CLK", 0 0, o0xb83452470;  0 drivers
o0xb834524a0 .functor BUFZ 36, c4<zzzzzzzzzzzzzzzzzzzzzzzzzzzzzzzzzzzz>; HiZ drive
v0xb82cfa1c0_0 .net "DI", 35 0, o0xb834524a0;  0 drivers
o0xb834524d0 .functor BUFZ 36, c4<zzzzzzzzzzzzzzzzzzzzzzzzzzzzzzzzzzzz>; HiZ drive
v0xb82cfa260_0 .net "DO", 35 0, o0xb834524d0;  0 drivers
o0xb83452500 .functor BUFZ 1, c4<z>; HiZ drive
v0xb82cfa300_0 .net "OCE", 0 0, o0xb83452500;  0 drivers
o0xb83452530 .functor BUFZ 1, c4<z>; HiZ drive
v0xb82cfa3a0_0 .net "RESET", 0 0, o0xb83452530;  0 drivers
o0xb83452560 .functor BUFZ 1, c4<z>; HiZ drive
v0xb82cfa440_0 .net "WRE", 0 0, o0xb83452560;  0 drivers
S_0xb831da880 .scope module, "TBUF" "TBUF" 3 571;
 .timescale 0 0;
    .port_info 0 /OUTPUT 1 "O";
    .port_info 1 /INPUT 1 "I";
    .port_info 2 /INPUT 1 "OEN";
o0xb83452740 .functor BUFZ 1, c4<z>; HiZ drive
v0xb82cfa4e0_0 .net "I", 0 0, o0xb83452740;  0 drivers
v0xb82cfa580_0 .net "O", 0 0, L_0xb82d04820;  1 drivers
o0xb834527a0 .functor BUFZ 1, c4<z>; HiZ drive
v0xb82cfa620_0 .net "OEN", 0 0, o0xb834527a0;  0 drivers
o0xb834527d0 .functor BUFZ 1, c4<z>; HiZ drive
; Elide local net with no drivers, v0xb82cfa6c0_0 name=_ivl_0
L_0xb82d04820 .functor MUXZ 1, o0xb83452740, o0xb834527d0, o0xb834527a0, C4<>;
S_0xb831daa00 .scope module, "TLVDS_OBUF" "TLVDS_OBUF" 3 593;
 .timescale 0 0;
    .port_info 0 /INPUT 1 "I";
    .port_info 1 /OUTPUT 1 "O";
    .port_info 2 /OUTPUT 1 "OB";
o0xb83452890 .functor BUFZ 1, c4<z>; HiZ drive
L_0xb8320c070 .functor BUFZ 1, o0xb83452890, C4<0>, C4<0>, C4<0>;
L_0xb8320c0e0 .functor NOT 1, o0xb83452890, C4<0>, C4<0>, C4<0>;
v0xb82cfa760_0 .net "I", 0 0, o0xb83452890;  0 drivers
v0xb82cfa800_0 .net "O", 0 0, L_0xb8320c070;  1 drivers
v0xb82cfa8a0_0 .net "OB", 0 0, L_0xb8320c0e0;  1 drivers
S_0xb831dab80 .scope module, "VCC" "VCC" 3 545;
 .timescale 0 0;
    .port_info 0 /OUTPUT 1 "V";
L_0xb83478298 .functor BUFT 1, C4<1>, C4<0>, C4<0>, C4<0>;
v0xb82cfa940_0 .net "V", 0 0, L_0xb83478298;  1 drivers
S_0xb831dad00 .scope module, "__APICULA_LUT5" "__APICULA_LUT5" 3 50;
 .timescale 0 0;
    .port_info 0 /OUTPUT 1 "F";
    .port_info 1 /INPUT 1 "I0";
    .port_info 2 /INPUT 1 "I1";
    .port_info 3 /INPUT 1 "I2";
    .port_info 4 /INPUT 1 "I3";
    .port_info 5 /INPUT 1 "M0";
o0xb83452a10 .functor BUFZ 1, c4<z>; HiZ drive
v0xb82cfa9e0_0 .net "F", 0 0, o0xb83452a10;  0 drivers
o0xb83452a40 .functor BUFZ 1, c4<z>; HiZ drive
v0xb82cfaa80_0 .net "I0", 0 0, o0xb83452a40;  0 drivers
o0xb83452a70 .functor BUFZ 1, c4<z>; HiZ drive
v0xb82cfab20_0 .net "I1", 0 0, o0xb83452a70;  0 drivers
o0xb83452aa0 .functor BUFZ 1, c4<z>; HiZ drive
v0xb82cfabc0_0 .net "I2", 0 0, o0xb83452aa0;  0 drivers
o0xb83452ad0 .functor BUFZ 1, c4<z>; HiZ drive
v0xb82cfac60_0 .net "I3", 0 0, o0xb83452ad0;  0 drivers
o0xb83452b00 .functor BUFZ 1, c4<z>; HiZ drive
v0xb82cfad00_0 .net "M0", 0 0, o0xb83452b00;  0 drivers
S_0xb831dae80 .scope module, "__APICULA_LUT6" "__APICULA_LUT6" 3 61;
 .timescale 0 0;
    .port_info 0 /OUTPUT 1 "F";
    .port_info 1 /INPUT 1 "I0";
    .port_info 2 /INPUT 1 "I1";
    .port_info 3 /INPUT 1 "I2";
    .port_info 4 /INPUT 1 "I3";
    .port_info 5 /INPUT 1 "M0";
    .port_info 6 /INPUT 1 "M1";
o0xb83452c50 .functor BUFZ 1, c4<z>; HiZ drive
v0xb82cfada0_0 .net "F", 0 0, o0xb83452c50;  0 drivers
o0xb83452c80 .functor BUFZ 1, c4<z>; HiZ drive
v0xb82cfae40_0 .net "I0", 0 0, o0xb83452c80;  0 drivers
o0xb83452cb0 .functor BUFZ 1, c4<z>; HiZ drive
v0xb82cfaee0_0 .net "I1", 0 0, o0xb83452cb0;  0 drivers
o0xb83452ce0 .functor BUFZ 1, c4<z>; HiZ drive
v0xb82cfaf80_0 .net "I2", 0 0, o0xb83452ce0;  0 drivers
o0xb83452d10 .functor BUFZ 1, c4<z>; HiZ drive
v0xb82cfb020_0 .net "I3", 0 0, o0xb83452d10;  0 drivers
o0xb83452d40 .functor BUFZ 1, c4<z>; HiZ drive
v0xb82cfb0c0_0 .net "M0", 0 0, o0xb83452d40;  0 drivers
o0xb83452d70 .functor BUFZ 1, c4<z>; HiZ drive
v0xb82cfb160_0 .net "M1", 0 0, o0xb83452d70;  0 drivers
S_0xb831db000 .scope module, "__APICULA_LUT7" "__APICULA_LUT7" 3 73;
 .timescale 0 0;
    .port_info 0 /OUTPUT 1 "F";
    .port_info 1 /INPUT 1 "I0";
    .port_info 2 /INPUT 1 "I1";
    .port_info 3 /INPUT 1 "I2";
    .port_info 4 /INPUT 1 "I3";
    .port_info 5 /INPUT 1 "M0";
    .port_info 6 /INPUT 1 "M1";
    .port_info 7 /INPUT 1 "M2";
o0xb83452ef0 .functor BUFZ 1, c4<z>; HiZ drive
v0xb82cfb200_0 .net "F", 0 0, o0xb83452ef0;  0 drivers
o0xb83452f20 .functor BUFZ 1, c4<z>; HiZ drive
v0xb82cfb2a0_0 .net "I0", 0 0, o0xb83452f20;  0 drivers
o0xb83452f50 .functor BUFZ 1, c4<z>; HiZ drive
v0xb82cfb340_0 .net "I1", 0 0, o0xb83452f50;  0 drivers
o0xb83452f80 .functor BUFZ 1, c4<z>; HiZ drive
v0xb82cfb3e0_0 .net "I2", 0 0, o0xb83452f80;  0 drivers
o0xb83452fb0 .functor BUFZ 1, c4<z>; HiZ drive
v0xb82cfb480_0 .net "I3", 0 0, o0xb83452fb0;  0 drivers
o0xb83452fe0 .functor BUFZ 1, c4<z>; HiZ drive
v0xb82cfb520_0 .net "M0", 0 0, o0xb83452fe0;  0 drivers
o0xb83453010 .functor BUFZ 1, c4<z>; HiZ drive
v0xb82cfb5c0_0 .net "M1", 0 0, o0xb83453010;  0 drivers
o0xb83453040 .functor BUFZ 1, c4<z>; HiZ drive
v0xb82cfb660_0 .net "M2", 0 0, o0xb83453040;  0 drivers
S_0xb831db180 .scope module, "__APICULA_LUT8" "__APICULA_LUT8" 3 86;
 .timescale 0 0;
    .port_info 0 /OUTPUT 1 "F";
    .port_info 1 /INPUT 1 "I0";
    .port_info 2 /INPUT 1 "I1";
    .port_info 3 /INPUT 1 "I2";
    .port_info 4 /INPUT 1 "I3";
    .port_info 5 /INPUT 1 "M0";
    .port_info 6 /INPUT 1 "M1";
    .port_info 7 /INPUT 1 "M2";
    .port_info 8 /INPUT 1 "M3";
o0xb834531f0 .functor BUFZ 1, c4<z>; HiZ drive
v0xb82cfb700_0 .net "F", 0 0, o0xb834531f0;  0 drivers
o0xb83453220 .functor BUFZ 1, c4<z>; HiZ drive
v0xb82cfb7a0_0 .net "I0", 0 0, o0xb83453220;  0 drivers
o0xb83453250 .functor BUFZ 1, c4<z>; HiZ drive
v0xb82cfb840_0 .net "I1", 0 0, o0xb83453250;  0 drivers
o0xb83453280 .functor BUFZ 1, c4<z>; HiZ drive
v0xb82cfb8e0_0 .net "I2", 0 0, o0xb83453280;  0 drivers
o0xb834532b0 .functor BUFZ 1, c4<z>; HiZ drive
v0xb82cfb980_0 .net "I3", 0 0, o0xb834532b0;  0 drivers
o0xb834532e0 .functor BUFZ 1, c4<z>; HiZ drive
v0xb82cfba20_0 .net "M0", 0 0, o0xb834532e0;  0 drivers
o0xb83453310 .functor BUFZ 1, c4<z>; HiZ drive
v0xb82cfbac0_0 .net "M1", 0 0, o0xb83453310;  0 drivers
o0xb83453340 .functor BUFZ 1, c4<z>; HiZ drive
v0xb82cfbb60_0 .net "M2", 0 0, o0xb83453340;  0 drivers
o0xb83453370 .functor BUFZ 1, c4<z>; HiZ drive
v0xb82cfbc00_0 .net "M3", 0 0, o0xb83453370;  0 drivers
S_0xb831db300 .scope module, "main_tb" "main_tb" 4 3;
 .timescale -9 -12;
v0xb82cff0c0_0 .var/i "clk_num", 31 0;
v0xb82cff160_0 .var "ext_clk", 0 0;
v0xb82cff200_0 .net "prob_data_en", 0 0, L_0xb8320c3f0;  1 drivers
v0xb82cff2a0_0 .net "probe_clk", 0 0, L_0xb8320c380;  1 drivers
v0xb82cff340_0 .net "probe_data_out", 0 0, L_0xb82d08460;  1 drivers
v0xb82cff3e0_0 .net "probe_sync", 0 0, L_0xb8320c460;  1 drivers
E_0xb8310cec0 .event posedge, v0xb82cfe300_0;
S_0x1039524e0 .scope module, "main" "main" 4 25, 5 3 0, S_0xb831db300;
 .timescale 0 0;
    .port_info 0 /INPUT 1 "ext_clk";
    .port_info 1 /OUTPUT 1 "probe_sync";
    .port_info 2 /OUTPUT 1 "probe_clk";
    .port_info 3 /OUTPUT 1 "prob_data_en";
    .port_info 4 /OUTPUT 1 "probe_data_out";
    .port_info 5 /OUTPUT 1 "probe_mem_rd_d0";
P_0xb8311fe00 .param/l "DATA_WIDTH" 0 5 5, +C4<00000000000000000000000000001000>;
P_0xb8311fe40 .param/l "DEPTH" 0 5 4, +C4<00000000000000000000000100000000>;
L_0xb8320c1c0 .functor AND 1, L_0xb82d080a0, v0xb82cfed00_0, C4<1>, C4<1>;
L_0xb8320c460 .functor BUFZ 1, v0xb82cfed00_0, C4<0>, C4<0>, C4<0>;
v0xb82cfe4e0_0 .var "din", 7 0;
v0xb82cfe580_0 .net "dout", 7 0, v0xb82cfd220_0;  1 drivers
v0xb82cfe620_0 .net "empty", 0 0, L_0xb83856c60;  1 drivers
v0xb82cfe6c0_0 .net "ext_clk", 0 0, v0xb82cff160_0;  1 drivers
v0xb82cfe760_0 .net "full", 0 0, L_0xb838568a0;  1 drivers
L_0xb834782e0 .functor BUFT 1, C4<1>, C4<0>, C4<0>, C4<0>;
v0xb82cfe800_0 .net "pll_locked", 0 0, L_0xb834782e0;  1 drivers
v0xb82cfe8a0_0 .net "prob_data_en", 0 0, L_0xb8320c3f0;  alias, 1 drivers
v0xb82cfe940_0 .net "probe_clk", 0 0, L_0xb8320c380;  alias, 1 drivers
v0xb82cfe9e0_0 .net "probe_data_out", 0 0, L_0xb82d08460;  alias, 1 drivers
L_0xb83478490 .functor BUFT 1, C4<0>, C4<0>, C4<0>, C4<0>;
v0xb82cfea80_0 .net "probe_mem_rd_d0", 0 0, L_0xb83478490;  1 drivers
v0xb82cfeb20_0 .net "probe_sync", 0 0, L_0xb8320c460;  alias, 1 drivers
v0xb82cfebc0_0 .net "rd_avail", 0 0, L_0xb82d080a0;  1 drivers
v0xb82cfec60_0 .net "rd_en", 0 0, L_0xb8320c1c0;  1 drivers
v0xb82cfed00_0 .var "rd_txe", 0 0;
v0xb82cfeda0_0 .var "rd_txe_counter", 9 0;
v0xb82cfee40_0 .net "sys_clk", 0 0, L_0xb8320c150;  1 drivers
v0xb82cfeee0_0 .var "sys_reset", 0 0;
v0xb82cfef80_0 .var "sys_reset_counter", 3 0;
v0xb82cff020_0 .net "wr_en", 0 0, L_0xb82d08140;  1 drivers
L_0xb82d080a0 .reduce/nor L_0xb83856c60;
L_0xb82d08140 .reduce/nor L_0xb838568a0;
S_0x103952660 .scope module, "async_fifo" "async_fifo" 5 84, 6 1 0, S_0x1039524e0;
 .timescale 0 0;
    .port_info 0 /INPUT 1 "wr_clk";
    .port_info 1 /INPUT 1 "wr_rst";
    .port_info 2 /INPUT 1 "wr_en";
    .port_info 3 /INPUT 8 "din";
    .port_info 4 /OUTPUT 1 "full";
    .port_info 5 /OUTPUT 1 "almost_full";
    .port_info 6 /INPUT 1 "rd_clk";
    .port_info 7 /INPUT 1 "rd_rst";
    .port_info 8 /INPUT 1 "rd_en";
    .port_info 9 /OUTPUT 8 "dout";
    .port_info 10 /OUTPUT 1 "empty";
    .port_info 11 /OUTPUT 1 "almost_empty";
    .port_info 12 /OUTPUT 1 "probe_clk";
    .port_info 13 /OUTPUT 1 "probe_data_en";
    .port_info 14 /OUTPUT 1 "probe_data_out";
    .port_info 15 /OUTPUT 1 "probe_mem_rd_d0";
P_0xb82c99f80 .param/l "ADDR_WIDTH" 1 6 26, +C4<00000000000000000000000000001000>;
P_0xb82c99fc0 .param/l "DATA_WIDTH" 0 6 2, +C4<00000000000000000000000000001000>;
P_0xb82c9a000 .param/l "DEPTH" 0 6 3, +C4<00000000000000000000000100000000>;
L_0xb8320c230 .functor NOT 2, L_0xb82d081e0, C4<00>, C4<00>, C4<00>;
L_0xb8320c2a0 .functor AND 1, L_0xb8320c1c0, L_0xb82d08320, C4<1>, C4<1>;
L_0xb8320c310 .functor BUFZ 8, L_0xb82c43980, C4<00000000>, C4<00000000>, C4<00000000>;
L_0xb8320c380 .functor BUFZ 1, L_0xb8320c150, C4<0>, C4<0>, C4<0>;
L_0xb8320c3f0 .functor BUFZ 1, L_0xb8320c2a0, C4<0>, C4<0>, C4<0>;
L_0xb83478328 .functor BUFT 1, C4<000000001>, C4<0>, C4<0>, C4<0>;
v0xb82cfc1e0_0 .net/2u *"_ivl_0", 8 0, L_0xb83478328;  1 drivers
v0xb82cfc280_0 .net *"_ivl_11", 6 0, L_0xb82d08280;  1 drivers
v0xb82cfc320_0 .net *"_ivl_12", 8 0, L_0xb83856800;  1 drivers
v0xb82cfc3c0_0 .net *"_ivl_18", 31 0, L_0xb838569e0;  1 drivers
v0xb82cfc460_0 .net *"_ivl_2", 8 0, L_0xb82c43ac0;  1 drivers
L_0xb83478370 .functor BUFT 1, C4<00000000000000000000000>, C4<0>, C4<0>, C4<0>;
v0xb82cfc500_0 .net *"_ivl_21", 22 0, L_0xb83478370;  1 drivers
v0xb82cfc5a0_0 .net *"_ivl_22", 31 0, L_0xb83856a80;  1 drivers
L_0xb834783b8 .functor BUFT 1, C4<00000000000000000000000>, C4<0>, C4<0>, C4<0>;
v0xb82cfc640_0 .net *"_ivl_25", 22 0, L_0xb834783b8;  1 drivers
v0xb82cfc6e0_0 .net *"_ivl_26", 31 0, L_0xb82c43a20;  1 drivers
L_0xb83478400 .functor BUFT 1, C4<00000000000000000000000011111110>, C4<0>, C4<0>, C4<0>;
v0xb82cfc780_0 .net/2u *"_ivl_28", 31 0, L_0xb83478400;  1 drivers
v0xb82cfc820_0 .net *"_ivl_33", 0 0, L_0xb82d08320;  1 drivers
v0xb82cfc8c0_0 .net *"_ivl_38", 7 0, L_0xb82c43980;  1 drivers
v0xb82cfc960_0 .net *"_ivl_40", 9 0, L_0xb83856bc0;  1 drivers
L_0xb83478448 .functor BUFT 1, C4<00>, C4<0>, C4<0>, C4<0>;
v0xb82cfca00_0 .net *"_ivl_43", 1 0, L_0xb83478448;  1 drivers
v0xb82cfcaa0_0 .net *"_ivl_58", 31 0, L_0xb83856da0;  1 drivers
L_0xb834784d8 .functor BUFT 1, C4<00000000000000000000000>, C4<0>, C4<0>, C4<0>;
v0xb82cfcb40_0 .net *"_ivl_61", 22 0, L_0xb834784d8;  1 drivers
v0xb82cfcbe0_0 .net *"_ivl_62", 31 0, L_0xb83856e40;  1 drivers
L_0xb83478520 .functor BUFT 1, C4<00000000000000000000000>, C4<0>, C4<0>, C4<0>;
v0xb82cfcc80_0 .net *"_ivl_65", 22 0, L_0xb83478520;  1 drivers
v0xb82cfcd20_0 .net *"_ivl_66", 31 0, L_0xb82c438e0;  1 drivers
L_0xb83478568 .functor BUFT 1, C4<00000000000000000000000000000010>, C4<0>, C4<0>, C4<0>;
v0xb82cfcdc0_0 .net/2u *"_ivl_68", 31 0, L_0xb83478568;  1 drivers
v0xb82cfce60_0 .net *"_ivl_7", 1 0, L_0xb82d081e0;  1 drivers
v0xb82cfcf00_0 .net *"_ivl_8", 1 0, L_0xb8320c230;  1 drivers
v0xb82cfcfa0_0 .net "almost_empty", 0 0, L_0xb83856ee0;  1 drivers
v0xb82cfd040_0 .net "almost_full", 0 0, L_0xb83856b20;  1 drivers
v0xb82cfd0e0_0 .net "data_enable", 0 0, L_0xb8320c2a0;  1 drivers
v0xb82cfd180_0 .net "din", 7 0, v0xb82cfe4e0_0;  1 drivers
v0xb82cfd220_0 .var "dout", 7 0;
v0xb82cfd2c0_0 .net "empty", 0 0, L_0xb83856c60;  alias, 1 drivers
v0xb82cfd360_0 .net "full", 0 0, L_0xb838568a0;  alias, 1 drivers
v0xb82cfd400 .array "mem", 255 0, 7 0;
v0xb82cfd4a0_0 .net "mem_rd_address", 7 0, L_0xb82d083c0;  1 drivers
v0xb82cfd540_0 .net "mem_rd_data", 7 0, L_0xb8320c310;  1 drivers
v0xb82cfd5e0_0 .net "probe_clk", 0 0, L_0xb8320c380;  alias, 1 drivers
v0xb82cfd680_0 .net "probe_data_en", 0 0, L_0xb8320c3f0;  alias, 1 drivers
v0xb82cfd720_0 .net "probe_data_out", 0 0, L_0xb82d08460;  alias, 1 drivers
v0xb82cfd7c0_0 .net "probe_mem_rd_d0", 0 0, L_0xb83478490;  alias, 1 drivers
v0xb82cfd860_0 .var "rd_bin", 8 0;
v0xb82cfd900_0 .net "rd_bin_sync", 8 0, L_0xb83856940;  1 drivers
v0xb82cfd9a0_0 .net "rd_clk", 0 0, L_0xb8320c150;  alias, 1 drivers
v0xb82cfda40_0 .net "rd_en", 0 0, L_0xb8320c1c0;  alias, 1 drivers
v0xb82cfdae0_0 .var "rd_gray", 8 0;
v0xb82cfdb80_0 .var "rd_gray_sync1", 8 0;
v0xb82cfdc20_0 .var "rd_gray_sync2", 8 0;
v0xb82cfdcc0_0 .net "rd_rst", 0 0, v0xb82cfeee0_0;  1 drivers
v0xb82cfdd60_0 .var "wr_bin", 8 0;
v0xb82cfde00_0 .net "wr_bin_sync", 8 0, L_0xb83856d00;  1 drivers
v0xb82cfdea0_0 .net "wr_clk", 0 0, L_0xb8320c150;  alias, 1 drivers
v0xb82cfdf40_0 .net "wr_en", 0 0, L_0xb82d08140;  alias, 1 drivers
v0xb82cfdfe0_0 .var "wr_gray", 8 0;
v0xb82cfe080_0 .net "wr_gray_next", 8 0, L_0xb83856760;  1 drivers
v0xb82cfe120_0 .var "wr_gray_sync1", 8 0;
v0xb82cfe1c0_0 .var "wr_gray_sync2", 8 0;
v0xb82cfe260_0 .net "wr_rst", 0 0, v0xb82cfeee0_0;  alias, 1 drivers
E_0xb8310cf00 .event posedge, v0xb82cfdcc0_0, v0xb82cfd9a0_0;
E_0xb8310cf40 .event posedge, v0xb82cfd9a0_0;
L_0xb82c43ac0 .arith/sum 9, v0xb82cfdd60_0, L_0xb83478328;
L_0xb83856760 .ufunc/vec4 TD_main_tb.main.async_fifo.bin2gray, 9, L_0xb82c43ac0 (v0xb82cfbca0_0) S_0x1039527e0;
L_0xb82d081e0 .part v0xb82cfdc20_0, 7, 2;
L_0xb82d08280 .part v0xb82cfdc20_0, 0, 7;
L_0xb83856800 .concat [ 7 2 0 0], L_0xb82d08280, L_0xb8320c230;
L_0xb838568a0 .cmp/eq 9, L_0xb83856760, L_0xb83856800;
L_0xb83856940 .ufunc/vec4 TD_main_tb.main.async_fifo.gray2bin1, 9, v0xb82cfdc20_0 (v0xb82cfbde0_0) S_0x103952960;
L_0xb838569e0 .concat [ 9 23 0 0], v0xb82cfdd60_0, L_0xb83478370;
L_0xb83856a80 .concat [ 9 23 0 0], L_0xb83856940, L_0xb834783b8;
L_0xb82c43a20 .arith/sub 32, L_0xb838569e0, L_0xb83856a80;
L_0xb83856b20 .cmp/ge 32, L_0xb82c43a20, L_0xb83478400;
L_0xb82d08320 .reduce/nor L_0xb83856c60;
L_0xb82d083c0 .part v0xb82cfd860_0, 0, 8;
L_0xb82c43980 .array/port v0xb82cfd400, L_0xb83856bc0;
L_0xb83856bc0 .concat [ 8 2 0 0], L_0xb82d083c0, L_0xb83478448;
L_0xb82d08460 .part v0xb82cfd220_0, 0, 1;
L_0xb83856c60 .cmp/eq 9, v0xb82cfdae0_0, v0xb82cfe1c0_0;
L_0xb83856d00 .ufunc/vec4 TD_main_tb.main.async_fifo.gray2bin2, 9, v0xb82cfe1c0_0 (v0xb82cfc000_0) S_0x103952ae0;
L_0xb83856da0 .concat [ 9 23 0 0], L_0xb83856d00, L_0xb834784d8;
L_0xb83856e40 .concat [ 9 23 0 0], v0xb82cfd860_0, L_0xb83478520;
L_0xb82c438e0 .arith/sub 32, L_0xb83856da0, L_0xb83856e40;
L_0xb83856ee0 .cmp/ge 32, L_0xb83478568, L_0xb82c438e0;
S_0x1039527e0 .scope function.vec4.s9, "bin2gray" "bin2gray" 6 39, 6 39 0, S_0x103952660;
 .timescale 0 0;
v0xb82cfbca0_0 .var "b", 8 0;
; Variable bin2gray is vec4 return value of scope S_0x1039527e0
TD_main_tb.main.async_fifo.bin2gray ;
    %load/vec4 v0xb82cfbca0_0;
    %ix/load 4, 1, 0;
    %flag_set/imm 4, 0;
    %shiftr 4;
    %load/vec4 v0xb82cfbca0_0;
    %xor;
    %ret/vec4 0, 0, 9;  Assign to bin2gray (store_vec4_to_lval)
    %end;
S_0x103952960 .scope function.vec4.s9, "gray2bin1" "gray2bin1" 6 43, 6 43 0, S_0x103952660;
 .timescale 0 0;
v0xb82cfbde0_0 .var "g", 8 0;
; Variable gray2bin1 is vec4 return value of scope S_0x103952960
v0xb82cfbf20_0 .var/i "i", 31 0;
TD_main_tb.main.async_fifo.gray2bin1 ;
    %load/vec4 v0xb82cfbde0_0;
    %parti/s 1, 8, 5;
    %ix/load 4, 8, 0;
    %flag_set/imm 4, 0;
    %ret/vec4 0, 4, 1; Assign to gray2bin1 (store_vec4_to_lval)
    %pushi/vec4 7, 0, 32;
    %store/vec4 v0xb82cfbf20_0, 0, 32;
T_1.0 ; Top of for-loop
    %load/vec4 v0xb82cfbf20_0;
    %cmpi/s 0, 0, 32;
    %flag_inv 5; GE is !LT
	  %jmp/0xz T_1.1, 5;
    %retload/vec4 0; Load gray2bin1 (draw_signal_vec4)
    %load/vec4 v0xb82cfbf20_0;
    %addi 1, 0, 32;
    %part/s 1;
    %load/vec4 v0xb82cfbde0_0;
    %load/vec4 v0xb82cfbf20_0;
    %part/s 1;
    %xor;
    %ix/getv/s 4, v0xb82cfbf20_0;
    %ret/vec4 0, 4, 1; Assign to gray2bin1 (store_vec4_to_lval)
T_1.2 ; for-loop step statement
    %load/vec4 v0xb82cfbf20_0;
    %subi 1, 0, 32;
    %store/vec4 v0xb82cfbf20_0, 0, 32;
    %jmp T_1.0;
T_1.1 ; for-loop exit label
    %end;
S_0x103952ae0 .scope function.vec4.s9, "gray2bin2" "gray2bin2" 6 51, 6 51 0, S_0x103952660;
 .timescale 0 0;
v0xb82cfc000_0 .var "g", 8 0;
; Variable gray2bin2 is vec4 return value of scope S_0x103952ae0
v0xb82cfc140_0 .var/i "i", 31 0;
TD_main_tb.main.async_fifo.gray2bin2 ;
    %load/vec4 v0xb82cfc000_0;
    %parti/s 1, 8, 5;
    %ix/load 4, 8, 0;
    %flag_set/imm 4, 0;
    %ret/vec4 0, 4, 1; Assign to gray2bin2 (store_vec4_to_lval)
    %pushi/vec4 7, 0, 32;
    %store/vec4 v0xb82cfc140_0, 0, 32;
T_2.3 ; Top of for-loop
    %load/vec4 v0xb82cfc140_0;
    %cmpi/s 0, 0, 32;
    %flag_inv 5; GE is !LT
	  %jmp/0xz T_2.4, 5;
    %retload/vec4 0; Load gray2bin2 (draw_signal_vec4)
    %load/vec4 v0xb82cfc140_0;
    %addi 1, 0, 32;
    %part/s 1;
    %load/vec4 v0xb82cfc000_0;
    %load/vec4 v0xb82cfc140_0;
    %part/s 1;
    %xor;
    %ix/getv/s 4, v0xb82cfc140_0;
    %ret/vec4 0, 4, 1; Assign to gray2bin2 (store_vec4_to_lval)
T_2.5 ; for-loop step statement
    %load/vec4 v0xb82cfc140_0;
    %subi 1, 0, 32;
    %store/vec4 v0xb82cfc140_0, 0, 32;
    %jmp T_2.3;
T_2.4 ; for-loop exit label
    %end;
S_0x103952c60 .scope module, "pll" "pll" 5 21, 7 15 0, S_0x1039524e0;
 .timescale 0 0;
    .port_info 0 /INPUT 1 "clock_in";
    .port_info 1 /OUTPUT 1 "clock_out";
    .port_info 2 /OUTPUT 1 "locked";
L_0xb8320c150 .functor BUFZ 1, v0xb82cff160_0, C4<0>, C4<0>, C4<0>;
v0xb82cfe300_0 .net "clock_in", 0 0, v0xb82cff160_0;  alias, 1 drivers
v0xb82cfe3a0_0 .net "clock_out", 0 0, L_0xb8320c150;  alias, 1 drivers
v0xb82cfe440_0 .net "locked", 0 0, L_0xb834782e0;  alias, 1 drivers
S_0xb831db480 .scope module, "rPLL" "rPLL" 3 1818;
 .timescale 0 0;
    .port_info 0 /OUTPUT 1 "CLKOUT";
    .port_info 1 /OUTPUT 1 "CLKOUTP";
    .port_info 2 /OUTPUT 1 "CLKOUTD";
    .port_info 3 /OUTPUT 1 "CLKOUTD3";
    .port_info 4 /OUTPUT 1 "LOCK";
    .port_info 5 /INPUT 1 "CLKIN";
    .port_info 6 /INPUT 1 "CLKFB";
    .port_info 7 /INPUT 6 "FBDSEL";
    .port_info 8 /INPUT 6 "IDSEL";
    .port_info 9 /INPUT 6 "ODSEL";
    .port_info 10 /INPUT 4 "DUTYDA";
    .port_info 11 /INPUT 4 "PSDA";
    .port_info 12 /INPUT 4 "FDLY";
    .port_info 13 /INPUT 1 "RESET";
    .port_info 14 /INPUT 1 "RESET_P";
P_0x1039517e0 .param/str "CLKFB_SEL" 0 3 1852, "internal";
P_0x103951820 .param/str "CLKOUTD3_SRC" 0 3 1858, "CLKOUT";
P_0x103951860 .param/str "CLKOUTD_BYPASS" 0 3 1855, "false";
P_0x1039518a0 .param/str "CLKOUTD_SRC" 0 3 1857, "CLKOUT";
P_0x1039518e0 .param/str "CLKOUTP_BYPASS" 0 3 1854, "false";
P_0x103951920 .param/l "CLKOUTP_DLY_STEP" 0 3 1850, +C4<00000000000000000000000000000000>;
P_0x103951960 .param/l "CLKOUTP_FT_DIR" 0 3 1848, C4<1>;
P_0x1039519a0 .param/str "CLKOUT_BYPASS" 0 3 1853, "false";
P_0x1039519e0 .param/l "CLKOUT_DLY_STEP" 0 3 1849, +C4<00000000000000000000000000000000>;
P_0x103951a20 .param/l "CLKOUT_FT_DIR" 0 3 1847, C4<1>;
P_0x103951a60 .param/str "DEVICE" 0 3 1859, "GW1N-1";
P_0x103951aa0 .param/str "DUTYDA_SEL" 0 3 1845, "1000";
P_0x103951ae0 .param/str "DYN_DA_EN" 0 3 1844, "false";
P_0x103951b20 .param/str "DYN_FBDIV_SEL" 0 3 1838, "false";
P_0x103951b60 .param/str "DYN_IDIV_SEL" 0 3 1836, "false";
P_0x103951ba0 .param/str "DYN_ODIV_SEL" 0 3 1840, "false";
P_0x103951be0 .param/l "DYN_SDIV_SEL" 0 3 1856, +C4<00000000000000000000000000000010>;
P_0x103951c20 .param/l "FBDIV_SEL" 0 3 1839, +C4<00000000000000000000000000000000>;
P_0x103951c60 .param/str "FCLKIN" 0 3 1835, "100.0";
P_0x103951ca0 .param/l "IDIV_SEL" 0 3 1837, +C4<00000000000000000000000000000000>;
P_0x103951ce0 .param/l "ODIV_SEL" 0 3 1841, +C4<00000000000000000000000000001000>;
P_0x103951d20 .param/str "PSDA_SEL" 0 3 1843, "0000";
o0xb83454660 .functor BUFZ 1, c4<z>; HiZ drive
v0xb82cff480_0 .net "CLKFB", 0 0, o0xb83454660;  0 drivers
o0xb83454690 .functor BUFZ 1, c4<z>; HiZ drive
v0xb82cff520_0 .net "CLKIN", 0 0, o0xb83454690;  0 drivers
o0xb834546c0 .functor BUFZ 1, c4<z>; HiZ drive
v0xb82cff5c0_0 .net "CLKOUT", 0 0, o0xb834546c0;  0 drivers
o0xb834546f0 .functor BUFZ 1, c4<z>; HiZ drive
v0xb82cff660_0 .net "CLKOUTD", 0 0, o0xb834546f0;  0 drivers
o0xb83454720 .functor BUFZ 1, c4<z>; HiZ drive
v0xb82cff700_0 .net "CLKOUTD3", 0 0, o0xb83454720;  0 drivers
o0xb83454750 .functor BUFZ 1, c4<z>; HiZ drive
v0xb82cff7a0_0 .net "CLKOUTP", 0 0, o0xb83454750;  0 drivers
o0xb83454780 .functor BUFZ 4, c4<zzzz>; HiZ drive
v0xb82cff840_0 .net "DUTYDA", 3 0, o0xb83454780;  0 drivers
o0xb834547b0 .functor BUFZ 6, c4<zzzzzz>; HiZ drive
v0xb82cff8e0_0 .net "FBDSEL", 5 0, o0xb834547b0;  0 drivers
o0xb834547e0 .functor BUFZ 4, c4<zzzz>; HiZ drive
v0xb82cff980_0 .net "FDLY", 3 0, o0xb834547e0;  0 drivers
o0xb83454810 .functor BUFZ 6, c4<zzzzzz>; HiZ drive
v0xb82cffa20_0 .net "IDSEL", 5 0, o0xb83454810;  0 drivers
o0xb83454840 .functor BUFZ 1, c4<z>; HiZ drive
v0xb82cffac0_0 .net "LOCK", 0 0, o0xb83454840;  0 drivers
o0xb83454870 .functor BUFZ 6, c4<zzzzzz>; HiZ drive
v0xb82cffb60_0 .net "ODSEL", 5 0, o0xb83454870;  0 drivers
o0xb834548a0 .functor BUFZ 4, c4<zzzz>; HiZ drive
v0xb82cffc00_0 .net "PSDA", 3 0, o0xb834548a0;  0 drivers
o0xb834548d0 .functor BUFZ 1, c4<z>; HiZ drive
v0xb82cffca0_0 .net "RESET", 0 0, o0xb834548d0;  0 drivers
o0xb83454900 .functor BUFZ 1, c4<z>; HiZ drive
v0xb82cffd40_0 .net "RESET_P", 0 0, o0xb83454900;  0 drivers
    .scope S_0x10394dac0;
T_3 ;
    %wait E_0xb8310c800;
    %pushi/vec4 0, 0, 32;
    %dup/vec4;
    %pushi/vec4 0, 0, 32;
    %cmp/u;
    %jmp/1 T_3.0, 6;
    %dup/vec4;
    %pushi/vec4 1, 0, 32;
    %cmp/u;
    %jmp/1 T_3.1, 6;
    %dup/vec4;
    %pushi/vec4 2, 0, 32;
    %cmp/u;
    %jmp/1 T_3.2, 6;
    %dup/vec4;
    %pushi/vec4 3, 0, 32;
    %cmp/u;
    %jmp/1 T_3.3, 6;
    %dup/vec4;
    %pushi/vec4 4, 0, 32;
    %cmp/u;
    %jmp/1 T_3.4, 6;
    %dup/vec4;
    %pushi/vec4 5, 0, 32;
    %cmp/u;
    %jmp/1 T_3.5, 6;
    %dup/vec4;
    %pushi/vec4 6, 0, 32;
    %cmp/u;
    %jmp/1 T_3.6, 6;
    %dup/vec4;
    %pushi/vec4 7, 0, 32;
    %cmp/u;
    %jmp/1 T_3.7, 6;
    %dup/vec4;
    %pushi/vec4 8, 0, 32;
    %cmp/u;
    %jmp/1 T_3.8, 6;
    %dup/vec4;
    %pushi/vec4 9, 0, 32;
    %cmp/u;
    %jmp/1 T_3.9, 6;
    %jmp T_3.10;
T_3.0 ;
    %load/vec4 v0xb82810dc0_0;
    %load/vec4 v0xb82810e60_0;
    %xor;
    %store/vec4 v0xb82810fa0_0, 0, 1;
    %load/vec4 v0xb82810dc0_0;
    %store/vec4 v0xb82810be0_0, 0, 1;
    %jmp T_3.10;
T_3.1 ;
    %load/vec4 v0xb82810dc0_0;
    %load/vec4 v0xb82810e60_0;
    %inv;
    %xor;
    %store/vec4 v0xb82810fa0_0, 0, 1;
    %load/vec4 v0xb82810dc0_0;
    %store/vec4 v0xb82810be0_0, 0, 1;
    %jmp T_3.10;
T_3.2 ;
    %load/vec4 v0xb82810f00_0;
    %flag_set/vec4 8;
    %jmp/0 T_3.11, 8;
    %load/vec4 v0xb82810dc0_0;
    %load/vec4 v0xb82810e60_0;
    %xor;
    %jmp/1 T_3.12, 8;
T_3.11 ; End of true expr.
    %load/vec4 v0xb82810dc0_0;
    %load/vec4 v0xb82810e60_0;
    %inv;
    %xor;
    %jmp/0 T_3.12, 8;
 ; End of false expr.
    %blend;
T_3.12;
    %store/vec4 v0xb82810fa0_0, 0, 1;
    %load/vec4 v0xb82810dc0_0;
    %store/vec4 v0xb82810be0_0, 0, 1;
    %jmp T_3.10;
T_3.3 ;
    %load/vec4 v0xb82810dc0_0;
    %load/vec4 v0xb82810e60_0;
    %inv;
    %xor;
    %store/vec4 v0xb82810fa0_0, 0, 1;
    %pushi/vec4 1, 0, 1;
    %store/vec4 v0xb82810be0_0, 0, 1;
    %jmp T_3.10;
T_3.4 ;
    %load/vec4 v0xb82810dc0_0;
    %load/vec4 v0xb82810e60_0;
    %inv;
    %xor;
    %store/vec4 v0xb82810fa0_0, 0, 1;
    %load/vec4 v0xb82810dc0_0;
    %store/vec4 v0xb82810be0_0, 0, 1;
    %jmp T_3.10;
T_3.5 ;
    %load/vec4 v0xb82810dc0_0;
    %inv;
    %load/vec4 v0xb82810e60_0;
    %xor;
    %store/vec4 v0xb82810fa0_0, 0, 1;
    %load/vec4 v0xb82810e60_0;
    %store/vec4 v0xb82810be0_0, 0, 1;
    %jmp T_3.10;
T_3.6 ;
    %load/vec4 v0xb82810dc0_0;
    %store/vec4 v0xb82810fa0_0, 0, 1;
    %pushi/vec4 0, 0, 1;
    %store/vec4 v0xb82810be0_0, 0, 1;
    %jmp T_3.10;
T_3.7 ;
    %load/vec4 v0xb82810dc0_0;
    %inv;
    %store/vec4 v0xb82810fa0_0, 0, 1;
    %pushi/vec4 1, 0, 1;
    %store/vec4 v0xb82810be0_0, 0, 1;
    %jmp T_3.10;
T_3.8 ;
    %load/vec4 v0xb82810f00_0;
    %flag_set/vec4 8;
    %jmp/0 T_3.13, 8;
    %load/vec4 v0xb82810dc0_0;
    %jmp/1 T_3.14, 8;
T_3.13 ; End of true expr.
    %load/vec4 v0xb82810dc0_0;
    %inv;
    %jmp/0 T_3.14, 8;
 ; End of false expr.
    %blend;
T_3.14;
    %store/vec4 v0xb82810fa0_0, 0, 1;
    %load/vec4 v0xb82810dc0_0;
    %store/vec4 v0xb82810be0_0, 0, 1;
    %jmp T_3.10;
T_3.9 ;
    %load/vec4 v0xb82810dc0_0;
    %load/vec4 v0xb82810e60_0;
    %and;
    %load/vec4 v0xb82810f00_0;
    %xor;
    %store/vec4 v0xb82810fa0_0, 0, 1;
    %load/vec4 v0xb82810dc0_0;
    %load/vec4 v0xb82810e60_0;
    %and;
    %store/vec4 v0xb82810be0_0, 0, 1;
    %jmp T_3.10;
T_3.10 ;
    %pop/vec4 1;
    %jmp T_3;
    .thread T_3, $push;
    .scope S_0x10394af60;
T_4 ;
    %pushi/vec4 0, 0, 1;
    %store/vec4 v0xb828112c0_0, 0, 1;
    %end;
    .thread T_4;
    .scope S_0x10394af60;
T_5 ;
    %wait E_0xb8310c840;
    %load/vec4 v0xb82811220_0;
    %assign/vec4 v0xb828112c0_0, 0;
    %jmp T_5;
    .thread T_5;
    .scope S_0x10394b0e0;
T_6 ;
    %pushi/vec4 0, 0, 1;
    %store/vec4 v0xb82811540_0, 0, 1;
    %end;
    .thread T_6;
    .scope S_0x10394b0e0;
T_7 ;
    %wait E_0xb8310c880;
    %load/vec4 v0xb82811360_0;
    %flag_set/vec4 8;
    %jmp/0xz  T_7.0, 8;
    %pushi/vec4 0, 0, 1;
    %assign/vec4 v0xb82811540_0, 0;
    %jmp T_7.1;
T_7.0 ;
    %load/vec4 v0xb828114a0_0;
    %assign/vec4 v0xb82811540_0, 0;
T_7.1 ;
    %jmp T_7;
    .thread T_7;
    .scope S_0xb831ac000;
T_8 ;
    %pushi/vec4 0, 0, 1;
    %store/vec4 v0xb82811860_0, 0, 1;
    %end;
    .thread T_8;
    .scope S_0xb831ac000;
T_9 ;
    %wait E_0xb8310c8c0;
    %load/vec4 v0xb82811680_0;
    %flag_set/vec4 8;
    %jmp/0xz  T_9.0, 8;
    %pushi/vec4 0, 0, 1;
    %assign/vec4 v0xb82811860_0, 0;
    %jmp T_9.1;
T_9.0 ;
    %load/vec4 v0xb828115e0_0;
    %flag_set/vec4 8;
    %jmp/0xz  T_9.2, 8;
    %load/vec4 v0xb828117c0_0;
    %assign/vec4 v0xb82811860_0, 0;
T_9.2 ;
T_9.1 ;
    %jmp T_9;
    .thread T_9;
    .scope S_0xb831ac180;
T_10 ;
    %pushi/vec4 0, 0, 1;
    %store/vec4 v0xb82811ae0_0, 0, 1;
    %end;
    .thread T_10;
    .scope S_0xb831ac180;
T_11 ;
    %wait E_0xb8310c900;
    %load/vec4 v0xb82811900_0;
    %flag_set/vec4 8;
    %jmp/0xz  T_11.0, 8;
    %load/vec4 v0xb82811a40_0;
    %assign/vec4 v0xb82811ae0_0, 0;
T_11.0 ;
    %jmp T_11;
    .thread T_11;
    .scope S_0xb831ac300;
T_12 ;
    %pushi/vec4 0, 0, 1;
    %store/vec4 v0xb82811cc0_0, 0, 1;
    %end;
    .thread T_12;
    .scope S_0xb831ac300;
T_13 ;
    %wait E_0xb8310c940;
    %load/vec4 v0xb82811c20_0;
    %assign/vec4 v0xb82811cc0_0, 0;
    %jmp T_13;
    .thread T_13;
    .scope S_0xb831ac480;
T_14 ;
    %pushi/vec4 0, 0, 1;
    %store/vec4 v0xb82811f40_0, 0, 1;
    %end;
    .thread T_14;
    .scope S_0xb831ac480;
T_15 ;
    %wait E_0xb8310c980;
    %load/vec4 v0xb82811d60_0;
    %flag_set/vec4 8;
    %jmp/0xz  T_15.0, 8;
    %pushi/vec4 0, 0, 1;
    %assign/vec4 v0xb82811f40_0, 0;
    %jmp T_15.1;
T_15.0 ;
    %load/vec4 v0xb82811ea0_0;
    %assign/vec4 v0xb82811f40_0, 0;
T_15.1 ;
    %jmp T_15;
    .thread T_15;
    .scope S_0xb831ac600;
T_16 ;
    %pushi/vec4 0, 0, 1;
    %store/vec4 v0xb82812260_0, 0, 1;
    %end;
    .thread T_16;
    .scope S_0xb831ac600;
T_17 ;
    %wait E_0xb8310c9c0;
    %load/vec4 v0xb82812080_0;
    %flag_set/vec4 8;
    %jmp/0xz  T_17.0, 8;
    %pushi/vec4 0, 0, 1;
    %assign/vec4 v0xb82812260_0, 0;
    %jmp T_17.1;
T_17.0 ;
    %load/vec4 v0xb82811fe0_0;
    %flag_set/vec4 8;
    %jmp/0xz  T_17.2, 8;
    %load/vec4 v0xb828121c0_0;
    %assign/vec4 v0xb82812260_0, 0;
T_17.2 ;
T_17.1 ;
    %jmp T_17;
    .thread T_17;
    .scope S_0xb831ac780;
T_18 ;
    %pushi/vec4 0, 0, 1;
    %store/vec4 v0xb828124e0_0, 0, 1;
    %end;
    .thread T_18;
    .scope S_0xb831ac780;
T_19 ;
    %wait E_0xb8310ca00;
    %load/vec4 v0xb82812300_0;
    %flag_set/vec4 8;
    %jmp/0xz  T_19.0, 8;
    %load/vec4 v0xb82812440_0;
    %assign/vec4 v0xb828124e0_0, 0;
T_19.0 ;
    %jmp T_19;
    .thread T_19;
    .scope S_0xb831ac900;
T_20 ;
    %pushi/vec4 1, 0, 1;
    %store/vec4 v0xb82812760_0, 0, 1;
    %end;
    .thread T_20;
    .scope S_0xb831ac900;
T_21 ;
    %wait E_0xb8310ca40;
    %load/vec4 v0xb828126c0_0;
    %flag_set/vec4 8;
    %jmp/0xz  T_21.0, 8;
    %pushi/vec4 1, 0, 1;
    %assign/vec4 v0xb82812760_0, 0;
    %jmp T_21.1;
T_21.0 ;
    %load/vec4 v0xb82812620_0;
    %assign/vec4 v0xb82812760_0, 0;
T_21.1 ;
    %jmp T_21;
    .thread T_21;
    .scope S_0xb831aca80;
T_22 ;
    %pushi/vec4 1, 0, 1;
    %store/vec4 v0xb82812a80_0, 0, 1;
    %end;
    .thread T_22;
    .scope S_0xb831aca80;
T_23 ;
    %wait E_0xb8310ca80;
    %load/vec4 v0xb828129e0_0;
    %flag_set/vec4 8;
    %jmp/0xz  T_23.0, 8;
    %pushi/vec4 1, 0, 1;
    %assign/vec4 v0xb82812a80_0, 0;
    %jmp T_23.1;
T_23.0 ;
    %load/vec4 v0xb82812800_0;
    %flag_set/vec4 8;
    %jmp/0xz  T_23.2, 8;
    %load/vec4 v0xb82812940_0;
    %assign/vec4 v0xb82812a80_0, 0;
T_23.2 ;
T_23.1 ;
    %jmp T_23;
    .thread T_23;
    .scope S_0xb831acc00;
T_24 ;
    %pushi/vec4 0, 0, 1;
    %store/vec4 v0xb82812c60_0, 0, 1;
    %end;
    .thread T_24;
    .scope S_0xb831acc00;
T_25 ;
    %wait E_0xb8310cac0;
    %load/vec4 v0xb82812d00_0;
    %flag_set/vec4 8;
    %jmp/0xz  T_25.0, 8;
    %pushi/vec4 0, 0, 1;
    %assign/vec4 v0xb82812c60_0, 0;
    %jmp T_25.1;
T_25.0 ;
    %load/vec4 v0xb82812bc0_0;
    %assign/vec4 v0xb82812c60_0, 0;
T_25.1 ;
    %jmp T_25;
    .thread T_25;
    .scope S_0xb831acd80;
T_26 ;
    %pushi/vec4 0, 0, 1;
    %store/vec4 v0xb82812f80_0, 0, 1;
    %end;
    .thread T_26;
    .scope S_0xb831acd80;
T_27 ;
    %wait E_0xb8310cb00;
    %load/vec4 v0xb82813020_0;
    %flag_set/vec4 8;
    %jmp/0xz  T_27.0, 8;
    %pushi/vec4 0, 0, 1;
    %assign/vec4 v0xb82812f80_0, 0;
    %jmp T_27.1;
T_27.0 ;
    %load/vec4 v0xb82812da0_0;
    %flag_set/vec4 8;
    %jmp/0xz  T_27.2, 8;
    %load/vec4 v0xb82812ee0_0;
    %assign/vec4 v0xb82812f80_0, 0;
T_27.2 ;
T_27.1 ;
    %jmp T_27;
    .thread T_27;
    .scope S_0xb831acf00;
T_28 ;
    %pushi/vec4 1, 0, 1;
    %store/vec4 v0xb82813200_0, 0, 1;
    %end;
    .thread T_28;
    .scope S_0xb831acf00;
T_29 ;
    %wait E_0xb8310cb40;
    %load/vec4 v0xb828132a0_0;
    %flag_set/vec4 8;
    %jmp/0xz  T_29.0, 8;
    %pushi/vec4 1, 0, 1;
    %assign/vec4 v0xb82813200_0, 0;
    %jmp T_29.1;
T_29.0 ;
    %load/vec4 v0xb82813160_0;
    %assign/vec4 v0xb82813200_0, 0;
T_29.1 ;
    %jmp T_29;
    .thread T_29;
    .scope S_0xb831ad080;
T_30 ;
    %pushi/vec4 1, 0, 1;
    %store/vec4 v0xb82813520_0, 0, 1;
    %end;
    .thread T_30;
    .scope S_0xb831ad080;
T_31 ;
    %wait E_0xb8310cb80;
    %load/vec4 v0xb828135c0_0;
    %flag_set/vec4 8;
    %jmp/0xz  T_31.0, 8;
    %pushi/vec4 1, 0, 1;
    %assign/vec4 v0xb82813520_0, 0;
    %jmp T_31.1;
T_31.0 ;
    %load/vec4 v0xb82813340_0;
    %flag_set/vec4 8;
    %jmp/0xz  T_31.2, 8;
    %load/vec4 v0xb82813480_0;
    %assign/vec4 v0xb82813520_0, 0;
T_31.2 ;
T_31.1 ;
    %jmp T_31;
    .thread T_31;
    .scope S_0xb831ad200;
T_32 ;
    %pushi/vec4 1, 0, 1;
    %store/vec4 v0xb82813840_0, 0, 1;
    %end;
    .thread T_32;
    .scope S_0xb831ad200;
T_33 ;
    %wait E_0xb8310cbc0;
    %load/vec4 v0xb828137a0_0;
    %flag_set/vec4 8;
    %jmp/0xz  T_33.0, 8;
    %pushi/vec4 1, 0, 1;
    %assign/vec4 v0xb82813840_0, 0;
    %jmp T_33.1;
T_33.0 ;
    %load/vec4 v0xb82813700_0;
    %assign/vec4 v0xb82813840_0, 0;
T_33.1 ;
    %jmp T_33;
    .thread T_33;
    .scope S_0xb831ad380;
T_34 ;
    %pushi/vec4 1, 0, 1;
    %store/vec4 v0xb82813b60_0, 0, 1;
    %end;
    .thread T_34;
    .scope S_0xb831ad380;
T_35 ;
    %wait E_0xb8310cc00;
    %load/vec4 v0xb82813ac0_0;
    %flag_set/vec4 8;
    %jmp/0xz  T_35.0, 8;
    %pushi/vec4 1, 0, 1;
    %assign/vec4 v0xb82813b60_0, 0;
    %jmp T_35.1;
T_35.0 ;
    %load/vec4 v0xb828138e0_0;
    %flag_set/vec4 8;
    %jmp/0xz  T_35.2, 8;
    %load/vec4 v0xb82813a20_0;
    %assign/vec4 v0xb82813b60_0, 0;
T_35.2 ;
T_35.1 ;
    %jmp T_35;
    .thread T_35;
    .scope S_0xb831ad500;
T_36 ;
    %pushi/vec4 0, 0, 1;
    %store/vec4 v0xb82813d40_0, 0, 1;
    %end;
    .thread T_36;
    .scope S_0xb831ad500;
T_37 ;
    %wait E_0xb8310cc40;
    %load/vec4 v0xb82813de0_0;
    %flag_set/vec4 8;
    %jmp/0xz  T_37.0, 8;
    %pushi/vec4 0, 0, 1;
    %assign/vec4 v0xb82813d40_0, 0;
    %jmp T_37.1;
T_37.0 ;
    %load/vec4 v0xb82813ca0_0;
    %assign/vec4 v0xb82813d40_0, 0;
T_37.1 ;
    %jmp T_37;
    .thread T_37;
    .scope S_0xb831ad680;
T_38 ;
    %pushi/vec4 0, 0, 1;
    %store/vec4 v0xb82cdc0a0_0, 0, 1;
    %end;
    .thread T_38;
    .scope S_0xb831ad680;
T_39 ;
    %wait E_0xb8310cc80;
    %load/vec4 v0xb82cdc140_0;
    %flag_set/vec4 8;
    %jmp/0xz  T_39.0, 8;
    %pushi/vec4 0, 0, 1;
    %assign/vec4 v0xb82cdc0a0_0, 0;
    %jmp T_39.1;
T_39.0 ;
    %load/vec4 v0xb82813e80_0;
    %flag_set/vec4 8;
    %jmp/0xz  T_39.2, 8;
    %load/vec4 v0xb82cdc000_0;
    %assign/vec4 v0xb82cdc0a0_0, 0;
T_39.2 ;
T_39.1 ;
    %jmp T_39;
    .thread T_39;
    .scope S_0xb831ad800;
T_40 ;
    %pushi/vec4 1, 0, 1;
    %store/vec4 v0xb82cdc320_0, 0, 1;
    %end;
    .thread T_40;
    .scope S_0xb831ad800;
T_41 ;
    %wait E_0xb8310ccc0;
    %load/vec4 v0xb82cdc3c0_0;
    %flag_set/vec4 8;
    %jmp/0xz  T_41.0, 8;
    %pushi/vec4 1, 0, 1;
    %assign/vec4 v0xb82cdc320_0, 0;
    %jmp T_41.1;
T_41.0 ;
    %load/vec4 v0xb82cdc280_0;
    %assign/vec4 v0xb82cdc320_0, 0;
T_41.1 ;
    %jmp T_41;
    .thread T_41;
    .scope S_0xb831ad980;
T_42 ;
    %pushi/vec4 1, 0, 1;
    %store/vec4 v0xb82cdc640_0, 0, 1;
    %end;
    .thread T_42;
    .scope S_0xb831ad980;
T_43 ;
    %wait E_0xb8310cd00;
    %load/vec4 v0xb82cdc6e0_0;
    %flag_set/vec4 8;
    %jmp/0xz  T_43.0, 8;
    %pushi/vec4 1, 0, 1;
    %assign/vec4 v0xb82cdc640_0, 0;
    %jmp T_43.1;
T_43.0 ;
    %load/vec4 v0xb82cdc460_0;
    %flag_set/vec4 8;
    %jmp/0xz  T_43.2, 8;
    %load/vec4 v0xb82cdc5a0_0;
    %assign/vec4 v0xb82cdc640_0, 0;
T_43.2 ;
T_43.1 ;
    %jmp T_43;
    .thread T_43;
    .scope S_0xb831d9980;
T_44 ;
    %pushi/vec4 0, 0, 16;
    %store/vec4 v0xb82cf2620_0, 0, 16;
    %end;
    .thread T_44;
    .scope S_0xb831d9980;
T_45 ;
    %wait E_0xb8310cd40;
    %load/vec4 v0xb82cf2580_0;
    %flag_set/vec4 8;
    %jmp/0xz  T_45.0, 8;
    %load/vec4 v0xb82cf2440_0;
    %ix/load 5, 0, 0;
    %ix/getv 4, v0xb82cf2300_0;
    %assign/vec4/off/d v0xb82cf2620_0, 4, 5;
T_45.0 ;
    %jmp T_45;
    .thread T_45;
    .scope S_0xb831d9b00;
T_46 ;
    %pushi/vec4 0, 0, 16;
    %store/vec4 v0xb82cf2b20_0, 0, 16;
    %pushi/vec4 0, 0, 16;
    %store/vec4 v0xb82cf2bc0_0, 0, 16;
    %end;
    .thread T_46;
    .scope S_0xb831d9b00;
T_47 ;
    %wait E_0xb8310cd80;
    %load/vec4 v0xb82cf2940_0;
    %flag_set/vec4 8;
    %jmp/0xz  T_47.0, 8;
    %load/vec4 v0xb82cf2800_0;
    %parti/s 1, 0, 2;
    %ix/load 5, 0, 0;
    %ix/getv 4, v0xb82cf26c0_0;
    %assign/vec4/off/d v0xb82cf2b20_0, 4, 5;
    %load/vec4 v0xb82cf2800_0;
    %parti/s 1, 1, 2;
    %ix/load 5, 0, 0;
    %ix/getv 4, v0xb82cf26c0_0;
    %assign/vec4/off/d v0xb82cf2bc0_0, 4, 5;
T_47.0 ;
    %jmp T_47;
    .thread T_47;
    .scope S_0xb831d9c80;
T_48 ;
    %pushi/vec4 0, 0, 16;
    %store/vec4 v0xb82cf3200_0, 0, 16;
    %pushi/vec4 0, 0, 16;
    %store/vec4 v0xb82cf32a0_0, 0, 16;
    %pushi/vec4 0, 0, 16;
    %store/vec4 v0xb82cf3340_0, 0, 16;
    %pushi/vec4 0, 0, 16;
    %store/vec4 v0xb82cf33e0_0, 0, 16;
    %end;
    .thread T_48;
    .scope S_0xb831d9c80;
T_49 ;
    %wait E_0xb8310cdc0;
    %load/vec4 v0xb82cf2ee0_0;
    %flag_set/vec4 8;
    %jmp/0xz  T_49.0, 8;
    %load/vec4 v0xb82cf2da0_0;
    %parti/s 1, 0, 2;
    %ix/load 5, 0, 0;
    %ix/getv 4, v0xb82cf2c60_0;
    %assign/vec4/off/d v0xb82cf3200_0, 4, 5;
    %load/vec4 v0xb82cf2da0_0;
    %parti/s 1, 1, 2;
    %ix/load 5, 0, 0;
    %ix/getv 4, v0xb82cf2c60_0;
    %assign/vec4/off/d v0xb82cf32a0_0, 4, 5;
    %load/vec4 v0xb82cf2da0_0;
    %parti/s 1, 2, 3;
    %ix/load 5, 0, 0;
    %ix/getv 4, v0xb82cf2c60_0;
    %assign/vec4/off/d v0xb82cf3340_0, 4, 5;
    %load/vec4 v0xb82cf2da0_0;
    %parti/s 1, 3, 3;
    %ix/load 5, 0, 0;
    %ix/getv 4, v0xb82cf2c60_0;
    %assign/vec4/off/d v0xb82cf33e0_0, 4, 5;
T_49.0 ;
    %jmp T_49;
    .thread T_49;
    .scope S_0xb831d9e00;
T_50 ;
    %pushi/vec4 0, 0, 16;
    %store/vec4 v0xb82cf3840_0, 0, 16;
    %end;
    .thread T_50;
    .scope S_0xb831d9e00;
T_51 ;
    %wait E_0xb8310ce00;
    %load/vec4 v0xb82cf37a0_0;
    %flag_set/vec4 8;
    %jmp/0xz  T_51.0, 8;
    %load/vec4 v0xb82cf3520_0;
    %ix/load 5, 0, 0;
    %ix/getv 4, v0xb82cf3700_0;
    %assign/vec4/off/d v0xb82cf3840_0, 4, 5;
T_51.0 ;
    %jmp T_51;
    .thread T_51;
    .scope S_0xb831d9f80;
T_52 ;
    %pushi/vec4 0, 0, 16;
    %store/vec4 v0xb82cf3de0_0, 0, 16;
    %pushi/vec4 0, 0, 16;
    %store/vec4 v0xb82cf3e80_0, 0, 16;
    %end;
    .thread T_52;
    .scope S_0xb831d9f80;
T_53 ;
    %wait E_0xb8310ce40;
    %load/vec4 v0xb82cf3c00_0;
    %flag_set/vec4 8;
    %jmp/0xz  T_53.0, 8;
    %load/vec4 v0xb82cf3980_0;
    %parti/s 1, 0, 2;
    %ix/load 5, 0, 0;
    %ix/getv 4, v0xb82cf3b60_0;
    %assign/vec4/off/d v0xb82cf3de0_0, 4, 5;
    %load/vec4 v0xb82cf3980_0;
    %parti/s 1, 1, 2;
    %ix/load 5, 0, 0;
    %ix/getv 4, v0xb82cf3b60_0;
    %assign/vec4/off/d v0xb82cf3e80_0, 4, 5;
T_53.0 ;
    %jmp T_53;
    .thread T_53;
    .scope S_0xb831da100;
T_54 ;
    %pushi/vec4 0, 0, 16;
    %store/vec4 v0xb82cf85a0_0, 0, 16;
    %pushi/vec4 0, 0, 16;
    %store/vec4 v0xb82cf8640_0, 0, 16;
    %pushi/vec4 0, 0, 16;
    %store/vec4 v0xb82cf86e0_0, 0, 16;
    %pushi/vec4 0, 0, 16;
    %store/vec4 v0xb82cf8780_0, 0, 16;
    %end;
    .thread T_54;
    .scope S_0xb831da100;
T_55 ;
    %wait E_0xb8310ce80;
    %load/vec4 v0xb82cf8280_0;
    %flag_set/vec4 8;
    %jmp/0xz  T_55.0, 8;
    %load/vec4 v0xb82cf8000_0;
    %parti/s 1, 0, 2;
    %ix/load 5, 0, 0;
    %ix/getv 4, v0xb82cf81e0_0;
    %assign/vec4/off/d v0xb82cf85a0_0, 4, 5;
    %load/vec4 v0xb82cf8000_0;
    %parti/s 1, 1, 2;
    %ix/load 5, 0, 0;
    %ix/getv 4, v0xb82cf81e0_0;
    %assign/vec4/off/d v0xb82cf8640_0, 4, 5;
    %load/vec4 v0xb82cf8000_0;
    %parti/s 1, 2, 3;
    %ix/load 5, 0, 0;
    %ix/getv 4, v0xb82cf81e0_0;
    %assign/vec4/off/d v0xb82cf86e0_0, 4, 5;
    %load/vec4 v0xb82cf8000_0;
    %parti/s 1, 3, 3;
    %ix/load 5, 0, 0;
    %ix/getv 4, v0xb82cf81e0_0;
    %assign/vec4/off/d v0xb82cf8780_0, 4, 5;
T_55.0 ;
    %jmp T_55;
    .thread T_55;
    .scope S_0x103952660;
T_56 ;
    %pushi/vec4 0, 0, 9;
    %store/vec4 v0xb82cfdd60_0, 0, 9;
    %pushi/vec4 0, 0, 9;
    %store/vec4 v0xb82cfdfe0_0, 0, 9;
    %pushi/vec4 0, 0, 9;
    %store/vec4 v0xb82cfd860_0, 0, 9;
    %pushi/vec4 0, 0, 9;
    %store/vec4 v0xb82cfdae0_0, 0, 9;
    %pushi/vec4 0, 0, 9;
    %store/vec4 v0xb82cfe120_0, 0, 9;
    %pushi/vec4 0, 0, 9;
    %store/vec4 v0xb82cfe1c0_0, 0, 9;
    %pushi/vec4 0, 0, 9;
    %store/vec4 v0xb82cfdb80_0, 0, 9;
    %pushi/vec4 0, 0, 9;
    %store/vec4 v0xb82cfdc20_0, 0, 9;
    %end;
    .thread T_56, $init;
    .scope S_0x103952660;
T_57 ;
    %wait E_0xb8310cf40;
    %load/vec4 v0xb82cfe260_0;
    %flag_set/vec4 8;
    %jmp/0xz  T_57.0, 8;
    %pushi/vec4 0, 0, 9;
    %assign/vec4 v0xb82cfdd60_0, 0;
    %pushi/vec4 0, 0, 9;
    %assign/vec4 v0xb82cfdfe0_0, 0;
    %jmp T_57.1;
T_57.0 ;
    %load/vec4 v0xb82cfdf40_0;
    %flag_set/vec4 9;
    %flag_get/vec4 9;
    %jmp/0 T_57.4, 9;
    %load/vec4 v0xb82cfd360_0;
    %nor/r;
    %and;
T_57.4;
    %flag_set/vec4 8;
    %jmp/0xz  T_57.2, 8;
    %load/vec4 v0xb82cfd180_0;
    %load/vec4 v0xb82cfdd60_0;
    %parti/s 8, 0, 2;
    %pad/u 10;
    %ix/vec4 3;
    %ix/load 4, 0, 0; Constant delay
    %assign/vec4/a/d v0xb82cfd400, 0, 4;
    %load/vec4 v0xb82cfdd60_0;
    %addi 1, 0, 9;
    %assign/vec4 v0xb82cfdd60_0, 0;
    %load/vec4 v0xb82cfdd60_0;
    %addi 1, 0, 9;
    %store/vec4 v0xb82cfbca0_0, 0, 9;
    %callf/vec4 TD_main_tb.main.async_fifo.bin2gray, S_0x1039527e0;
    %assign/vec4 v0xb82cfdfe0_0, 0;
T_57.2 ;
T_57.1 ;
    %jmp T_57;
    .thread T_57;
    .scope S_0x103952660;
T_58 ;
    %wait E_0xb8310cf00;
    %load/vec4 v0xb82cfe260_0;
    %flag_set/vec4 8;
    %jmp/0xz  T_58.0, 8;
    %pushi/vec4 0, 0, 9;
    %assign/vec4 v0xb82cfdb80_0, 0;
    %pushi/vec4 0, 0, 9;
    %assign/vec4 v0xb82cfdc20_0, 0;
    %jmp T_58.1;
T_58.0 ;
    %load/vec4 v0xb82cfdae0_0;
    %assign/vec4 v0xb82cfdb80_0, 0;
    %load/vec4 v0xb82cfdb80_0;
    %assign/vec4 v0xb82cfdc20_0, 0;
T_58.1 ;
    %jmp T_58;
    .thread T_58;
    .scope S_0x103952660;
T_59 ;
    %wait E_0xb8310cf40;
    %load/vec4 v0xb82cfd0e0_0;
    %flag_set/vec4 8;
    %jmp/0xz  T_59.0, 8;
    %load/vec4 v0xb82cfd540_0;
    %assign/vec4 v0xb82cfd220_0, 0;
T_59.0 ;
    %jmp T_59;
    .thread T_59;
    .scope S_0x103952660;
T_60 ;
    %wait E_0xb8310cf00;
    %load/vec4 v0xb82cfdcc0_0;
    %flag_set/vec4 8;
    %jmp/0xz  T_60.0, 8;
    %pushi/vec4 0, 0, 9;
    %assign/vec4 v0xb82cfd860_0, 0;
    %pushi/vec4 0, 0, 9;
    %assign/vec4 v0xb82cfdae0_0, 0;
    %jmp T_60.1;
T_60.0 ;
    %load/vec4 v0xb82cfda40_0;
    %flag_set/vec4 9;
    %flag_get/vec4 9;
    %jmp/0 T_60.4, 9;
    %load/vec4 v0xb82cfd2c0_0;
    %nor/r;
    %and;
T_60.4;
    %flag_set/vec4 8;
    %jmp/0xz  T_60.2, 8;
    %load/vec4 v0xb82cfd860_0;
    %addi 1, 0, 9;
    %assign/vec4 v0xb82cfd860_0, 0;
    %load/vec4 v0xb82cfd860_0;
    %addi 1, 0, 9;
    %store/vec4 v0xb82cfbca0_0, 0, 9;
    %callf/vec4 TD_main_tb.main.async_fifo.bin2gray, S_0x1039527e0;
    %assign/vec4 v0xb82cfdae0_0, 0;
T_60.2 ;
T_60.1 ;
    %jmp T_60;
    .thread T_60;
    .scope S_0x103952660;
T_61 ;
    %wait E_0xb8310cf00;
    %load/vec4 v0xb82cfdcc0_0;
    %flag_set/vec4 8;
    %jmp/0xz  T_61.0, 8;
    %pushi/vec4 0, 0, 9;
    %assign/vec4 v0xb82cfe120_0, 0;
    %pushi/vec4 0, 0, 9;
    %assign/vec4 v0xb82cfe1c0_0, 0;
    %jmp T_61.1;
T_61.0 ;
    %load/vec4 v0xb82cfdfe0_0;
    %assign/vec4 v0xb82cfe120_0, 0;
    %load/vec4 v0xb82cfe120_0;
    %assign/vec4 v0xb82cfe1c0_0, 0;
T_61.1 ;
    %jmp T_61;
    .thread T_61;
    .scope S_0x1039524e0;
T_62 ;
    %pushi/vec4 0, 0, 4;
    %store/vec4 v0xb82cfef80_0, 0, 4;
    %pushi/vec4 0, 0, 10;
    %store/vec4 v0xb82cfeda0_0, 0, 10;
    %end;
    .thread T_62, $init;
    .scope S_0x1039524e0;
T_63 ;
    %wait E_0xb8310cf40;
    %load/vec4 v0xb82cfe800_0;
    %nor/r;
    %flag_set/vec4 8;
    %jmp/0xz  T_63.0, 8;
    %pushi/vec4 1, 0, 1;
    %assign/vec4 v0xb82cfeee0_0, 0;
    %pushi/vec4 0, 0, 4;
    %assign/vec4 v0xb82cfef80_0, 0;
    %jmp T_63.1;
T_63.0 ;
    %load/vec4 v0xb82cfef80_0;
    %pad/u 32;
    %cmpi/u 10, 0, 32;
    %jmp/0xz  T_63.2, 5;
    %pushi/vec4 1, 0, 1;
    %assign/vec4 v0xb82cfeee0_0, 0;
    %load/vec4 v0xb82cfef80_0;
    %addi 1, 0, 4;
    %assign/vec4 v0xb82cfef80_0, 0;
    %jmp T_63.3;
T_63.2 ;
    %pushi/vec4 0, 0, 1;
    %assign/vec4 v0xb82cfeee0_0, 0;
T_63.3 ;
T_63.1 ;
    %jmp T_63;
    .thread T_63;
    .scope S_0x1039524e0;
T_64 ;
    %wait E_0xb8310cf40;
    %load/vec4 v0xb82cfeee0_0;
    %flag_set/vec4 8;
    %jmp/0xz  T_64.0, 8;
    %pushi/vec4 0, 0, 10;
    %assign/vec4 v0xb82cfeda0_0, 0;
    %pushi/vec4 0, 0, 1;
    %assign/vec4 v0xb82cfed00_0, 0;
T_64.0 ;
    %load/vec4 v0xb82cfeda0_0;
    %pad/u 32;
    %cmpi/u 10, 0, 32;
    %flag_inv 5; GE is !LT
    %jmp/0xz  T_64.2, 5;
    %pushi/vec4 0, 0, 10;
    %assign/vec4 v0xb82cfeda0_0, 0;
    %load/vec4 v0xb82cfed00_0;
    %nor/r;
    %assign/vec4 v0xb82cfed00_0, 0;
    %jmp T_64.3;
T_64.2 ;
    %load/vec4 v0xb82cfeda0_0;
    %addi 1, 0, 10;
    %assign/vec4 v0xb82cfeda0_0, 0;
T_64.3 ;
    %jmp T_64;
    .thread T_64;
    .scope S_0x1039524e0;
T_65 ;
    %wait E_0xb8310cf40;
    %load/vec4 v0xb82cfeee0_0;
    %flag_set/vec4 8;
    %jmp/0xz  T_65.0, 8;
    %pushi/vec4 0, 0, 8;
    %assign/vec4 v0xb82cfe4e0_0, 0;
    %jmp T_65.1;
T_65.0 ;
    %load/vec4 v0xb82cff020_0;
    %flag_set/vec4 9;
    %flag_get/vec4 9;
    %jmp/0 T_65.4, 9;
    %load/vec4 v0xb82cfe760_0;
    %inv;
    %and;
T_65.4;
    %flag_set/vec4 8;
    %jmp/0xz  T_65.2, 8;
    %load/vec4 v0xb82cfe4e0_0;
    %addi 1, 0, 8;
    %assign/vec4 v0xb82cfe4e0_0, 0;
T_65.2 ;
T_65.1 ;
    %jmp T_65;
    .thread T_65;
    .scope S_0xb831db300;
T_66 ;
    %pushi/vec4 0, 0, 1;
    %store/vec4 v0xb82cff160_0, 0, 1;
    %pushi/vec4 0, 0, 32;
    %store/vec4 v0xb82cff0c0_0, 0, 32;
    %end;
    .thread T_66, $init;
    .scope S_0xb831db300;
T_67 ;
    %delay 10000, 0;
    %load/vec4 v0xb82cff160_0;
    %inv;
    %store/vec4 v0xb82cff160_0, 0, 1;
    %load/vec4 v0xb82cff160_0;
    %flag_set/vec4 8;
    %jmp/0xz  T_67.0, 8;
    %load/vec4 v0xb82cff0c0_0;
    %addi 1, 0, 32;
    %store/vec4 v0xb82cff0c0_0, 0, 32;
T_67.0 ;
    %jmp T_67;
    .thread T_67;
    .scope S_0xb831db300;
T_68 ;
    %vpi_call/w 4 37 "$dumpvars", 32'sb00000000000000000000000000000000, S_0xb831db300 {0 0 0};
    %pushi/vec4 500, 0, 32;
T_68.0 %dup/vec4;
    %cmpi/s 0, 0, 32;
    %jmp/1xz T_68.1, 5;
    %jmp/1 T_68.1, 4;
    %subi 1, 0, 32;
    %wait E_0xb8310cec0;
    %jmp T_68.0;
T_68.1 ;
    %pop/vec4 1;
    %vpi_call/w 4 42 "$display", "End of simulation" {0 0 0};
    %vpi_call/w 4 43 "$finish" {0 0 0};
    %end;
    .thread T_68;
# The file index is used to find the file name in the following table.
:file_names 8;
    "N/A";
    "<interactive>";
    "-";
    "/Users/user/.apio/packages/oss-cad-suite/share/yosys/gowin/cells_sim.v";
    "main_tb.v";
    "main.v";
    "async_fifo.v";
    "pll.v";
